"Pros_No","married","own_home","household_size","income","age","zip_code","pred.class"
1,0,1,1,45,42,8201,"4"
2,1,1,2,35,43,8690,"4"
3,1,1,1,75,76,22203,"4"
4,1,1,2,35,36,22026,"4"
5,1,1,5,175,62,19103,"2"
6,1,1,1,35,42,22030,"4"
7,0,1,7,70,71,22308,"4"
8,1,1,2,35,36,22151,"4"
9,0,1,2,35,59,22201,"4"
10,0,1,2,35,78,20895,"4"
11,1,1,3,50,37,21771,"4"
12,0,1,4,35,48,19002,"4"
13,1,1,2,85,37,21794,"4"
14,0,1,1,35,79,20854,"4"
15,0,1,1,110,67,21212,"4"
16,0,1,3,105,51,22046,"4"
17,1,1,1,45,84,8077,"4"
18,0,1,1,35,57,18901,"4"
19,1,1,3,40,53,20904,"4"
20,1,1,4,35,48,21146,"4"
21,0,1,2,85,56,23185,"4"
22,0,1,2,95,62,20814,"4"
23,0,1,4,140,50,21210,"4"
24,1,1,1,90,53,22203,"4"
25,1,1,3,35,33,22003,"4"
26,1,1,3,35,57,20170,"4"
27,1,1,3,35,58,21044,"4"
28,1,1,2,145,35,22032,"2"
29,0,1,2,35,54,19446,"4"
30,0,1,4,175,73,19087,"4"
31,0,1,2,35,35,20815,"4"
32,0,1,2,60,90,20181,"4"
33,1,1,3,120,53,22066,"4"
34,0,1,1,50,43,22401,"4"
35,0,1,2,95,82,19130,"4"
36,0,1,1,35,50,20008,"4"
37,1,1,2,105,73,23185,"4"
38,1,0,2,35,71,22192,"2"
39,1,1,5,175,37,21044,"2"
40,1,1,3,35,50,8098,"4"
41,0,1,2,175,63,22305,"4"
42,0,1,4,70,78,22015,"4"
43,1,1,3,95,35,20814,"4"
44,0,1,3,165,59,23229,"4"
45,0,1,1,115,86,23185,"4"
46,1,1,6,35,40,7728,"4"
47,0,0,1,105,35,22201,"1"
48,1,1,3,35,59,23185,"4"
49,1,1,3,35,45,20176,"4"
50,0,1,2,80,54,22203,"4"
51,1,1,4,40,43,20181,"4"
52,1,0,2,50,64,21030,"2"
53,1,1,1,35,46,21702,"4"
54,1,1,2,175,56,22030,"2"
55,1,1,2,35,78,18966,"4"
56,1,1,4,35,44,21702,"4"
57,1,1,2,130,56,22308,"2"
58,1,1,2,35,59,18901,"4"
59,1,1,3,35,61,8075,"4"
60,1,1,6,40,47,8057,"4"
61,1,1,2,35,58,8723,"4"
62,1,1,2,55,56,19119,"4"
63,1,1,3,35,56,20852,"4"
64,0,1,1,70,77,19087,"4"
65,0,0,1,55,58,8724,"1"
66,1,1,3,35,65,21042,"4"
67,1,1,6,60,43,21029,"4"
68,1,1,2,35,84,19087,"4"
69,1,1,2,50,59,20037,"4"
70,1,1,4,35,51,20187,"4"
71,0,1,2,35,76,21015,"4"
72,1,1,3,95,63,20816,"4"
73,1,1,4,115,47,23113,"4"
74,0,1,3,35,54,19053,"4"
75,0,1,1,35,49,8690,"4"
76,1,0,1,105,36,20190,"2"
77,0,1,2,35,67,18940,"4"
78,1,1,1,35,66,8527,"4"
79,1,1,2,85,70,8753,"4"
80,1,1,2,175,62,20170,"2"
81,1,1,4,85,55,21117,"4"
82,1,1,2,55,48,8505,"4"
83,1,1,2,175,66,22015,"2"
84,1,1,4,35,48,21122,"4"
85,1,1,3,35,57,21061,"4"
86,1,1,1,35,54,22033,"4"
87,0,1,2,35,44,22066,"4"
88,1,1,2,175,63,8071,"2"
89,1,1,3,35,41,21090,"4"
90,0,1,5,175,62,20815,"4"
91,1,1,2,40,62,22202,"4"
92,1,1,2,35,47,8360,"4"
93,1,1,3,175,54,20855,"2"
94,0,1,2,175,30,8610,"4"
95,0,1,2,50,81,8005,"4"
96,0,1,3,90,54,21012,"4"
97,1,1,2,35,56,21074,"4"
98,1,0,3,35,39,20874,"2"
99,0,1,3,35,53,21074,"4"
100,1,1,2,65,46,20007,"4"
101,1,1,3,175,59,20132,"2"
102,1,1,4,35,53,21093,"4"
103,0,1,2,35,44,21044,"4"
104,1,1,5,100,39,8055,"4"
105,1,1,2,35,48,22192,"4"
106,1,1,1,35,48,20002,"4"
107,1,1,3,35,50,21228,"4"
108,1,1,3,90,43,21236,"4"
109,0,1,3,35,37,22041,"4"
110,0,1,3,35,57,21093,"4"
111,0,1,3,35,70,20901,"4"
112,0,1,3,115,30,19115,"4"
113,1,1,2,35,52,20181,"4"
114,0,1,1,45,51,20910,"4"
115,1,1,2,50,51,8721,"4"
116,1,1,5,65,44,20817,"4"
117,1,1,3,35,64,20708,"4"
118,1,1,2,75,63,22315,"4"
119,1,1,2,75,68,8361,"4"
120,0,1,1,175,49,21228,"4"
121,0,1,4,155,38,20194,"4"
122,1,1,5,85,50,8221,"4"
123,0,1,4,175,70,20854,"4"
124,1,1,2,175,46,22192,"2"
125,1,1,1,35,71,22304,"4"
126,1,1,2,55,55,22207,"4"
127,1,1,3,120,50,20165,"4"
128,1,1,2,55,42,21234,"4"
129,1,1,5,175,55,20723,"2"
130,0,1,1,35,46,22311,"4"
131,0,1,3,65,53,8088,"4"
132,0,1,1,105,51,23233,"4"
133,1,0,2,75,42,22307,"2"
134,1,1,2,80,62,22193,"4"
135,1,1,2,65,73,22033,"4"
136,0,1,2,35,43,21401,"4"
137,1,1,3,175,65,23229,"2"
138,1,1,3,175,60,22207,"2"
139,1,1,4,50,72,19087,"4"
140,0,1,1,35,75,20853,"4"
141,0,1,3,45,75,21093,"4"
142,1,1,3,35,42,19006,"4"
143,1,1,6,105,39,20110,"4"
144,0,1,1,35,57,22701,"4"
145,0,1,1,100,57,22314,"4"
146,0,1,6,35,56,8052,"4"
147,1,1,2,75,43,8053,"4"
148,0,1,3,40,70,21227,"4"
149,1,0,1,35,32,22315,"2"
150,1,1,1,35,70,22193,"4"
151,1,1,3,35,48,21075,"4"
152,1,1,3,175,59,18901,"2"
153,0,1,1,35,44,21236,"4"
154,1,1,5,35,45,8054,"4"
155,1,1,2,35,50,21122,"4"
156,1,1,2,35,64,22032,"4"
157,0,1,2,80,38,20181,"4"
158,0,1,3,175,59,21030,"4"
159,1,1,3,35,42,8035,"4"
160,1,1,5,35,54,20109,"4"
161,1,1,2,90,69,22401,"4"
162,1,1,3,35,59,20877,"4"
163,1,1,4,55,53,8204,"4"
164,0,1,1,35,62,8035,"4"
165,1,1,3,35,36,20901,"4"
166,0,1,1,80,54,20878,"4"
167,0,1,4,100,64,7728,"4"
168,1,1,4,45,51,21210,"4"
169,0,1,2,35,50,19128,"4"
170,0,1,1,35,79,21218,"4"
171,0,0,3,50,47,8204,"1"
172,0,1,3,35,35,8003,"4"
173,1,1,3,175,50,19047,"2"
174,0,1,2,35,80,19152,"4"
175,0,1,1,35,74,8701,"4"
176,1,1,2,175,59,8540,"2"
177,1,1,2,45,56,20170,"4"
178,1,1,1,95,82,22901,"4"
179,0,1,3,70,39,21771,"4"
180,1,1,2,95,42,22182,"4"
181,1,1,3,35,57,20817,"4"
182,1,1,5,35,41,8527,"4"
183,0,1,5,65,43,8204,"4"
184,0,1,1,35,47,21093,"4"
185,1,1,5,35,45,22031,"4"
186,1,1,5,60,55,20171,"4"
187,0,1,1,115,43,19067,"4"
188,1,1,2,35,60,8816,"4"
189,0,1,2,35,63,19067,"4"
190,1,1,3,35,53,21093,"4"
191,1,1,3,35,60,8701,"4"
192,0,1,1,35,40,22205,"4"
193,1,1,2,55,49,21797,"4"
194,0,1,1,70,33,22203,"4"
195,1,1,1,35,64,20171,"4"
196,1,1,2,35,32,20878,"4"
197,1,1,2,135,49,21784,"2"
198,1,1,1,35,66,20882,"4"
199,1,1,3,35,41,21234,"4"
200,0,0,3,70,50,20147,"1"
201,1,1,6,175,57,20817,"4"
202,1,1,2,95,63,20008,"4"
203,1,1,1,35,60,22314,"4"
204,1,1,4,90,46,8005,"4"
205,1,1,2,55,49,8201,"4"
206,1,1,4,40,52,22066,"4"
207,1,1,3,35,64,22039,"4"
208,1,1,2,90,61,22182,"4"
209,0,0,1,45,55,19119,"1"
210,1,1,4,55,49,21136,"4"
211,1,1,1,35,36,22182,"4"
212,0,1,4,65,33,21048,"4"
213,1,1,2,85,77,8816,"4"
214,0,1,1,35,56,22201,"4"
215,0,1,2,175,45,22015,"4"
216,1,1,2,175,53,21228,"2"
217,1,0,1,55,36,20816,"2"
218,1,1,3,175,54,19096,"2"
219,1,1,1,45,65,22042,"4"
220,1,1,3,35,50,22554,"4"
221,1,1,4,35,76,19046,"4"
222,1,1,5,35,77,19002,"4"
223,1,0,2,45,85,21030,"2"
224,1,0,1,50,66,8691,"2"
225,1,1,1,35,40,20147,"4"
226,1,1,2,175,66,21054,"2"
227,1,1,1,115,51,21244,"2"
228,0,1,3,75,49,20770,"4"
229,1,1,4,35,50,23229,"4"
230,0,1,4,60,52,18901,"4"
231,1,1,3,175,44,21108,"2"
232,0,1,3,175,37,20816,"4"
233,1,1,4,35,58,18966,"4"
234,0,1,2,35,47,21090,"4"
235,0,1,4,95,77,8035,"4"
236,1,0,2,35,54,22152,"2"
237,0,1,3,35,45,22101,"4"
238,0,1,3,110,62,8003,"4"
239,0,1,6,45,42,19128,"4"
240,1,1,2,75,72,19067,"4"
241,1,1,5,35,44,20854,"4"
242,1,1,2,80,58,20850,"4"
243,1,1,3,70,42,8753,"4"
244,1,1,2,80,64,8648,"4"
245,0,1,4,35,51,8648,"4"
246,1,1,3,170,62,22207,"2"
247,1,1,6,35,40,22015,"4"
248,1,1,2,35,59,8753,"4"
249,1,1,3,35,39,8619,"4"
250,1,1,2,35,56,20170,"4"
251,1,1,2,35,59,21012,"4"
252,1,1,2,40,67,22207,"4"
253,0,1,2,35,44,21042,"4"
254,1,1,4,175,62,21093,"2"
255,1,1,8,45,65,21207,"4"
256,1,1,2,35,79,20895,"4"
257,1,1,3,35,75,20902,"4"
258,1,1,2,35,48,20170,"4"
259,1,1,3,165,62,19087,"2"
260,1,1,4,35,67,21208,"4"
261,0,1,2,60,49,20876,"4"
262,1,1,3,110,53,21093,"4"
263,0,1,1,155,39,8055,"4"
264,1,0,5,35,43,22601,"2"
265,1,1,4,35,46,8742,"4"
266,0,1,8,35,55,8244,"4"
267,1,1,2,35,60,21230,"4"
268,0,1,1,55,63,20814,"4"
269,1,1,5,45,61,20783,"4"
270,1,0,2,60,69,20815,"2"
271,0,1,2,45,47,19038,"4"
272,1,1,1,35,57,8028,"4"
273,1,1,4,35,58,8028,"4"
274,1,1,3,35,48,20015,"4"
275,1,0,4,35,47,8071,"2"
276,1,1,3,35,58,21144,"4"
277,1,1,4,175,53,8057,"2"
278,0,1,3,175,44,18966,"4"
279,1,1,5,35,52,8742,"4"
280,0,1,3,35,72,21037,"4"
281,1,0,1,35,33,20878,"2"
282,0,0,1,35,38,22309,"1"
283,1,1,1,100,47,8053,"2"
284,1,1,3,175,55,21163,"2"
285,0,1,2,150,62,23229,"4"
286,1,1,2,35,47,20187,"4"
287,0,1,1,35,86,8088,"4"
288,1,1,2,75,69,22312,"4"
289,0,1,3,70,51,21218,"4"
290,1,1,4,160,59,19067,"2"
291,1,1,2,40,77,8540,"4"
292,1,1,2,90,63,23113,"4"
293,1,1,2,60,42,21030,"4"
294,0,0,1,50,74,20912,"1"
295,0,1,3,65,45,21702,"4"
296,1,1,6,50,71,21113,"4"
297,1,1,2,75,62,8361,"4"
298,0,1,1,35,56,22213,"4"
299,1,1,3,85,69,8008,"4"
300,1,1,6,55,64,22191,"4"
301,0,0,4,35,45,21230,"1"
302,1,1,2,110,48,23233,"4"
303,1,1,2,35,44,8002,"4"
304,1,1,3,105,51,19067,"4"
305,0,1,8,130,27,19130,"4"
306,1,1,2,35,43,19128,"4"
307,1,1,1,35,56,21218,"4"
308,1,1,2,35,50,22101,"4"
309,1,1,3,175,50,20895,"2"
310,1,1,2,80,42,8210,"4"
311,1,1,5,40,65,22601,"4"
312,0,1,3,175,57,19010,"4"
313,1,1,1,40,39,19067,"4"
314,0,1,2,60,49,22153,"4"
315,0,1,2,35,38,21037,"4"
316,0,1,1,35,54,8234,"4"
317,0,1,3,35,58,20905,"4"
318,0,1,2,130,51,20190,"4"
319,0,1,1,110,38,21114,"4"
320,1,1,2,35,52,19006,"4"
321,1,1,4,85,43,21117,"4"
322,0,1,1,55,59,8690,"4"
323,0,1,2,80,47,8057,"4"
324,0,0,2,35,29,8691,"1"
325,0,1,1,35,68,8021,"4"
326,1,1,3,35,80,22153,"4"
327,0,1,2,125,42,20816,"4"
328,0,0,1,35,26,21204,"1"
329,1,1,3,120,28,21042,"4"
330,1,1,3,35,60,22039,"4"
331,0,0,2,80,48,20117,"1"
332,0,1,5,130,40,21204,"4"
333,1,0,2,35,41,22152,"2"
334,1,1,3,35,63,20008,"4"
335,1,1,2,35,51,21075,"4"
336,1,1,4,35,66,20723,"4"
337,0,0,1,35,80,8055,"1"
338,1,1,4,140,45,22180,"4"
339,0,1,5,40,42,8021,"4"
340,0,1,2,55,63,22305,"4"
341,0,1,3,55,59,8757,"4"
342,1,1,1,35,65,8053,"4"
343,0,1,3,80,62,8816,"4"
344,0,1,4,35,44,8520,"4"
345,0,1,3,45,79,21228,"4"
346,1,1,4,35,52,19027,"4"
347,0,1,2,175,54,22207,"4"
348,1,1,3,50,45,8096,"4"
349,0,1,2,95,68,22030,"4"
350,0,1,1,35,48,21146,"4"
351,0,1,6,35,47,8034,"4"
352,1,1,1,35,76,8034,"4"
353,1,1,3,65,49,8332,"4"
354,1,1,5,175,43,19004,"2"
355,0,1,2,35,44,20115,"4"
356,1,1,1,150,50,21212,"2"
357,1,1,4,40,52,8050,"4"
358,1,1,3,55,68,21035,"4"
359,1,1,6,175,54,8071,"4"
360,1,0,1,35,76,23229,"2"
361,1,1,4,35,48,20147,"4"
362,0,1,8,35,54,20147,"4"
363,0,1,1,35,47,8108,"4"
364,1,1,4,35,63,20817,"4"
365,0,1,4,45,71,19067,"4"
366,0,0,2,175,62,8648,"1"
367,1,1,3,50,73,22309,"4"
368,1,1,3,35,48,21122,"4"
369,0,1,6,65,42,20817,"4"
370,1,1,5,165,56,20816,"2"
371,0,1,1,35,30,21210,"4"
372,0,1,1,35,53,8087,"4"
373,1,0,3,85,69,22911,"2"
374,0,1,5,35,45,21048,"4"
375,0,1,5,35,44,8087,"4"
376,0,0,3,35,56,22152,"1"
377,0,1,3,50,55,21054,"4"
378,0,1,3,35,67,20876,"4"
379,1,1,4,100,53,21146,"4"
380,0,1,1,120,38,20148,"4"
381,1,1,3,35,35,7726,"4"
382,0,1,2,175,48,20152,"4"
383,0,1,3,35,48,8005,"4"
384,1,1,3,115,63,20895,"4"
385,1,1,4,145,54,22305,"4"
386,0,1,2,175,78,23229,"4"
387,1,1,3,125,40,22305,"4"
388,1,1,1,90,56,18901,"4"
389,1,1,4,35,54,20901,"4"
390,0,1,1,35,33,21230,"4"
391,0,1,4,35,57,22026,"4"
392,0,1,3,55,66,22911,"4"
393,0,1,3,35,67,22003,"4"
394,1,1,2,35,45,8005,"4"
395,1,1,4,115,57,22309,"4"
396,1,1,2,60,74,8033,"4"
397,0,1,2,35,32,20016,"4"
398,0,1,3,105,66,20724,"4"
399,0,1,1,35,71,8106,"4"
400,1,1,2,35,63,22314,"4"
401,1,1,2,35,75,8088,"4"
402,1,1,5,35,66,8087,"4"
403,0,0,1,135,44,22182,"1"
404,1,1,5,175,49,21014,"2"
405,0,1,2,70,67,18940,"4"
406,1,1,5,45,45,7728,"4"
407,0,1,1,135,58,20815,"4"
408,1,1,6,175,56,21210,"4"
409,1,1,3,40,76,21204,"4"
410,1,1,4,35,73,22153,"4"
411,0,1,2,35,61,8223,"4"
412,1,0,1,35,39,22042,"2"
413,1,1,3,35,68,19135,"4"
414,0,1,6,50,52,8648,"4"
415,1,1,2,40,70,8083,"4"
416,0,1,1,35,40,19135,"4"
417,1,1,5,35,47,20171,"4"
418,0,1,4,35,48,22308,"4"
419,1,1,2,60,67,8210,"4"
420,0,1,1,60,49,19087,"4"
421,1,1,3,110,55,21108,"4"
422,0,1,2,95,55,23229,"4"
423,1,0,1,35,26,20009,"2"
424,1,1,3,35,68,23113,"4"
425,1,1,2,35,78,8052,"4"
426,0,1,5,35,63,22039,"4"
427,1,1,1,35,64,20121,"4"
428,0,1,2,35,44,22180,"4"
429,1,1,3,175,65,22207,"2"
430,1,1,1,35,49,22124,"4"
431,1,1,3,145,73,22191,"2"
432,1,1,2,35,31,21122,"4"
433,1,1,2,35,60,22201,"4"
434,0,1,5,35,43,20152,"4"
435,0,1,2,35,34,20176,"4"
436,1,1,3,35,28,8753,"4"
437,0,1,1,55,40,22003,"4"
438,1,1,2,35,61,21122,"4"
439,1,1,1,35,50,20194,"4"
440,0,1,1,65,80,8753,"4"
441,1,1,3,35,43,21012,"4"
442,1,1,1,35,41,22405,"4"
443,1,1,5,175,64,8043,"2"
444,1,1,2,35,82,8701,"4"
445,0,1,2,35,57,22602,"4"
446,1,1,4,35,44,20112,"4"
447,0,1,4,85,50,22153,"4"
448,0,1,2,35,56,21244,"4"
449,0,1,4,65,58,22153,"4"
450,0,1,4,35,61,18901,"4"
451,1,1,4,35,64,22903,"4"
452,1,1,5,60,47,20121,"4"
453,1,1,3,35,53,8080,"4"
454,0,1,2,140,48,20850,"4"
455,1,1,2,35,48,8088,"4"
456,0,1,3,60,58,20176,"4"
457,1,1,1,175,64,20007,"2"
458,0,1,2,65,84,19116,"4"
459,1,1,1,45,60,7728,"4"
460,0,1,4,175,45,20817,"4"
461,1,1,4,35,60,8055,"4"
462,1,1,1,150,54,21046,"2"
463,0,1,2,50,54,22405,"4"
464,1,1,1,65,62,20175,"4"
465,1,1,2,175,78,21208,"2"
466,1,1,2,35,48,23113,"4"
467,0,1,2,70,73,20187,"4"
468,1,1,2,45,46,22015,"4"
469,0,1,4,75,50,8096,"4"
470,0,1,3,60,69,22180,"4"
471,0,1,2,60,63,22042,"4"
472,1,1,2,95,42,20854,"4"
473,1,1,3,35,45,19111,"4"
474,0,1,3,35,76,22314,"4"
475,1,1,1,55,44,21136,"4"
476,1,1,4,45,51,20180,"4"
477,1,1,1,175,57,21224,"2"
478,0,1,1,45,67,20194,"4"
479,1,1,5,35,39,8755,"4"
480,1,1,5,175,42,20855,"2"
481,0,1,3,70,44,8610,"4"
482,0,1,2,175,53,20853,"4"
483,1,1,6,135,50,21054,"4"
484,0,1,3,70,58,22304,"4"
485,0,1,1,90,53,8060,"4"
486,1,1,2,70,74,22901,"4"
487,0,1,4,35,38,21046,"4"
488,1,1,2,60,76,8753,"4"
489,0,1,3,35,52,8096,"4"
490,0,1,3,40,54,22903,"4"
491,1,1,4,95,42,19067,"4"
492,0,1,2,60,69,8550,"4"
493,0,1,6,175,53,22309,"4"
494,1,1,4,35,52,20904,"4"
495,1,1,7,175,69,20904,"4"
496,1,1,2,90,62,21117,"4"
497,0,0,1,35,45,20016,"1"
498,1,1,2,35,33,21158,"4"
499,1,1,3,35,58,8037,"4"
500,1,0,2,40,42,21093,"2"
501,0,1,4,65,60,20170,"4"
502,1,1,4,35,50,21401,"4"
503,1,1,2,45,56,21108,"4"
504,0,0,2,45,56,22405,"1"
505,1,1,3,35,53,8648,"4"
506,0,1,3,55,41,19047,"4"
507,1,1,4,60,56,8210,"4"
508,0,1,1,70,68,22193,"4"
509,1,1,2,75,65,20882,"4"
510,0,0,1,175,37,20008,"1"
511,1,1,4,95,58,8003,"4"
512,1,1,3,35,55,20832,"4"
513,1,1,3,35,54,8028,"4"
514,0,1,1,35,32,22315,"4"
515,0,0,2,35,39,20190,"1"
516,1,1,3,105,46,22153,"4"
517,1,1,6,55,52,21771,"4"
518,0,1,4,35,42,23233,"4"
519,1,1,4,35,47,21042,"4"
520,0,1,3,35,39,8080,"4"
521,0,1,2,35,58,20854,"4"
522,1,1,5,35,46,22308,"4"
523,0,1,3,35,50,21774,"4"
524,0,1,1,40,50,19128,"4"
525,1,1,4,175,55,22181,"2"
526,1,1,3,95,51,20723,"4"
527,1,1,2,35,75,8071,"4"
528,1,1,4,145,53,20854,"4"
529,1,1,3,35,62,8109,"4"
530,1,1,2,35,55,21146,"4"
531,0,1,4,115,56,20124,"4"
532,1,1,2,35,58,22903,"4"
533,0,1,1,35,64,8759,"4"
534,1,1,6,80,45,8054,"4"
535,0,0,1,80,43,8540,"1"
536,0,1,6,35,65,20904,"4"
537,1,0,1,35,61,8540,"2"
538,1,1,3,175,70,20905,"2"
539,1,1,4,175,55,20817,"2"
540,1,1,3,55,66,22901,"4"
541,1,1,2,35,62,21207,"4"
542,0,1,2,175,38,18901,"4"
543,0,1,1,40,60,21014,"4"
544,1,1,4,35,54,8016,"4"
545,1,1,1,105,46,22150,"2"
546,0,1,2,35,59,8098,"4"
547,1,1,3,80,55,22407,"4"
548,1,1,3,90,77,20815,"4"
549,0,1,1,35,64,20874,"4"
550,1,1,5,35,41,21286,"4"
551,1,1,3,35,64,19446,"4"
552,1,1,5,35,58,21403,"4"
553,1,1,5,60,61,20009,"4"
554,1,1,3,175,59,20176,"2"
555,1,1,1,35,73,8721,"4"
556,1,1,4,95,62,22015,"4"
557,1,1,2,175,50,20165,"2"
558,1,1,4,135,41,19067,"4"
559,1,1,2,175,42,19446,"2"
560,1,1,3,35,57,22079,"4"
561,1,1,2,35,86,8034,"4"
562,1,1,4,175,42,20121,"2"
563,1,1,3,175,55,23233,"2"
564,0,1,5,35,80,19136,"4"
565,0,1,1,100,53,21212,"4"
566,0,1,3,160,58,21212,"4"
567,1,1,4,60,43,21234,"4"
568,1,1,4,85,39,8234,"4"
569,0,1,2,35,82,22213,"4"
570,0,1,5,80,48,20855,"4"
571,1,1,3,85,51,22554,"4"
572,1,1,2,105,56,21701,"4"
573,1,1,2,105,68,18901,"4"
574,1,1,4,35,46,8731,"4"
575,1,1,1,35,54,22032,"4"
576,0,1,3,110,48,8610,"4"
577,1,1,6,35,49,21093,"4"
578,0,1,3,35,45,22003,"4"
579,1,1,4,135,51,18901,"4"
580,0,1,2,155,43,8620,"4"
581,0,1,2,35,45,21157,"4"
582,0,1,5,65,52,8610,"4"
583,1,1,2,35,69,21029,"4"
584,0,1,1,170,61,21108,"4"
585,1,1,4,35,56,18940,"4"
586,1,1,2,35,66,8108,"4"
587,1,1,1,40,45,20878,"4"
588,0,1,1,155,52,21136,"4"
589,1,1,4,60,53,22630,"4"
590,1,1,3,35,36,23113,"4"
591,0,1,1,140,77,8648,"4"
592,0,1,1,165,48,19087,"4"
593,1,1,3,50,65,22043,"4"
594,0,1,5,120,68,21136,"4"
595,1,1,3,35,43,8016,"4"
596,1,1,2,35,90,8108,"4"
597,0,1,2,35,48,20175,"4"
598,1,1,3,175,52,8096,"2"
599,0,1,4,65,75,20003,"4"
600,1,1,4,120,57,8322,"4"
601,1,1,3,45,49,8096,"4"
602,1,1,3,35,73,8022,"4"
603,1,1,2,85,71,8204,"4"
604,0,1,6,35,62,20132,"4"
605,1,1,1,60,51,22030,"4"
606,1,1,5,45,34,23233,"4"
607,1,1,5,115,48,22207,"4"
608,1,1,3,155,63,18901,"2"
609,1,1,4,175,56,20171,"2"
610,1,0,3,45,52,21074,"2"
611,0,1,2,60,37,8005,"4"
612,0,1,3,35,38,20136,"4"
613,0,1,1,50,73,19002,"4"
614,0,1,2,175,44,20112,"4"
615,1,0,4,35,66,8008,"2"
616,0,1,6,50,47,20120,"4"
617,1,1,4,130,51,21108,"4"
618,1,0,1,135,41,22201,"2"
619,1,1,6,70,42,20832,"4"
620,1,1,3,175,55,22039,"2"
621,1,1,2,35,38,19038,"4"
622,0,0,2,55,28,8540,"1"
623,0,1,2,35,81,20906,"4"
624,0,0,3,35,48,24060,"1"
625,1,1,3,95,60,19010,"4"
626,1,1,2,110,59,20814,"4"
627,1,1,5,105,58,20814,"4"
628,0,1,1,35,64,20191,"4"
629,0,1,3,45,39,19038,"4"
630,0,1,4,35,48,8109,"4"
631,1,1,4,70,57,21207,"4"
632,1,1,3,75,83,8031,"4"
633,1,1,1,45,70,22307,"4"
634,0,1,6,35,58,8731,"4"
635,0,0,1,40,54,20171,"1"
636,1,1,2,90,45,8057,"4"
637,1,1,3,95,65,8221,"4"
638,1,1,2,65,50,22201,"4"
639,1,0,5,80,52,21012,"2"
640,1,1,4,35,58,21401,"4"
641,1,1,3,70,51,19002,"4"
642,0,1,2,35,52,20170,"4"
643,0,1,4,135,48,19096,"4"
644,1,1,2,40,55,19114,"4"
645,1,1,2,60,73,8088,"4"
646,1,1,3,100,60,7728,"4"
647,1,1,3,35,72,20904,"4"
648,0,1,5,35,39,21774,"4"
649,0,1,4,90,55,20854,"4"
650,0,1,2,100,35,20882,"4"
651,1,1,2,100,57,8003,"4"
652,1,1,4,35,55,23185,"4"
653,1,1,3,35,61,8057,"4"
654,1,1,4,45,49,22204,"4"
655,1,1,3,80,48,20171,"4"
656,1,1,5,35,66,21234,"4"
657,0,1,5,175,40,18966,"4"
658,1,1,2,165,62,21146,"2"
659,1,0,4,40,44,22015,"2"
660,0,1,1,35,61,20816,"4"
661,1,1,2,35,35,21117,"4"
662,0,1,4,35,53,8318,"4"
663,1,1,2,80,62,8204,"4"
664,0,1,4,35,44,22307,"4"
665,0,1,5,35,39,19053,"4"
666,1,1,5,35,49,8540,"4"
667,1,1,2,35,40,21771,"4"
668,1,1,1,35,81,8759,"4"
669,1,1,4,50,49,22030,"4"
670,0,1,1,65,81,8201,"4"
671,1,1,4,175,51,21158,"2"
672,0,1,3,110,50,21146,"4"
673,1,1,1,35,61,21702,"4"
674,1,1,2,35,45,8691,"4"
675,1,1,2,45,56,21042,"4"
676,0,1,2,35,65,22102,"4"
677,0,1,2,175,34,8085,"4"
678,0,1,1,80,71,20715,"4"
679,1,1,2,45,75,8090,"4"
680,0,0,2,105,52,22204,"1"
681,1,0,6,85,43,19002,"2"
682,0,1,2,65,45,21144,"4"
683,1,1,3,50,55,19047,"4"
684,0,1,3,75,49,21401,"4"
685,0,1,3,60,56,8322,"4"
686,1,1,2,35,80,8759,"4"
687,0,1,1,35,36,20003,"4"
688,0,1,2,35,81,8757,"4"
689,1,1,1,35,46,20874,"4"
690,0,1,3,35,75,20853,"4"
691,1,1,5,35,55,8361,"4"
692,1,1,3,70,37,21774,"4"
693,1,1,5,35,46,19046,"4"
694,0,1,6,60,48,20165,"4"
695,1,1,3,85,42,21114,"4"
696,1,1,2,35,55,22043,"4"
697,1,1,1,145,55,8080,"2"
698,0,1,5,35,36,22407,"4"
699,1,1,2,40,56,22554,"4"
700,0,1,3,35,88,20817,"4"
701,0,1,4,135,36,19096,"4"
702,1,1,2,175,68,20015,"2"
703,0,1,5,45,55,20155,"4"
704,1,1,3,65,76,21113,"4"
705,1,1,8,70,58,20853,"4"
706,1,1,4,90,52,8055,"4"
707,1,1,1,90,44,20015,"4"
708,1,1,1,40,50,20879,"4"
709,0,1,4,35,47,22030,"4"
710,1,1,4,105,61,21224,"4"
711,0,1,1,175,52,20854,"4"
712,1,1,3,35,57,20878,"4"
713,1,1,4,70,48,22032,"4"
714,0,0,1,35,79,21403,"1"
715,1,1,2,35,57,20904,"4"
716,1,0,2,85,55,20850,"2"
717,0,1,4,40,59,19446,"4"
718,1,0,1,35,37,22033,"2"
719,0,1,2,150,58,21157,"4"
720,0,1,5,70,56,19135,"4"
721,0,0,2,175,43,20782,"1"
722,0,1,2,65,70,22003,"4"
723,1,1,5,135,50,20895,"4"
724,0,1,4,145,47,21401,"4"
725,1,1,3,65,64,8037,"4"
726,1,1,1,35,53,8234,"4"
727,1,1,5,35,59,22701,"4"
728,0,1,1,35,33,22407,"4"
729,1,1,4,35,64,8055,"4"
730,0,1,3,35,56,21012,"4"
731,1,1,1,35,42,21117,"4"
732,1,1,3,35,57,22911,"4"
733,0,1,3,70,35,21117,"4"
734,1,1,2,80,46,22032,"4"
735,1,1,4,35,32,8096,"4"
736,0,1,5,150,55,22101,"4"
737,1,1,2,95,51,21113,"4"
738,1,1,4,35,72,8701,"4"
739,1,1,3,40,45,20876,"4"
740,1,1,1,145,51,22041,"2"
741,1,1,2,35,78,20007,"4"
742,1,0,3,35,52,22206,"2"
743,1,1,4,35,57,22201,"4"
744,1,1,2,35,74,24060,"4"
745,1,1,2,35,61,8085,"4"
746,1,1,2,175,54,21204,"2"
747,0,1,2,75,81,20141,"4"
748,1,1,5,35,43,22308,"4"
749,1,1,3,55,63,20872,"4"
750,1,1,2,175,49,19067,"2"
751,1,1,3,100,88,18940,"4"
752,1,1,1,35,46,20912,"4"
753,0,1,3,175,52,21784,"4"
754,0,1,2,35,75,20187,"4"
755,1,1,1,60,67,7726,"4"
756,1,1,2,35,62,8816,"4"
757,0,1,1,35,41,8080,"4"
758,0,1,4,85,61,8055,"4"
759,0,1,2,50,34,22310,"4"
760,0,0,2,35,42,22301,"1"
761,0,1,1,35,37,21042,"4"
762,1,1,1,105,63,20186,"2"
763,1,1,5,35,48,8054,"4"
764,0,1,4,35,42,20176,"4"
765,0,1,4,35,38,21117,"4"
766,1,1,2,65,55,20707,"4"
767,0,0,1,90,44,20015,"1"
768,1,1,5,125,43,18966,"4"
769,0,1,4,35,51,8022,"4"
770,0,1,1,35,60,21030,"4"
771,1,1,6,35,49,23113,"4"
772,1,0,1,45,34,8721,"2"
773,1,1,2,175,63,22315,"2"
774,0,1,2,35,50,20705,"4"
775,0,1,1,35,53,7728,"4"
776,1,1,5,175,77,20158,"2"
777,1,1,3,55,55,21117,"4"
778,1,1,4,100,52,21236,"4"
779,0,1,3,35,59,21157,"4"
780,1,1,2,35,40,20009,"4"
781,1,1,2,55,53,22030,"4"
782,1,1,1,35,33,20817,"4"
783,1,1,4,55,36,22630,"4"
784,0,1,5,35,42,8873,"4"
785,1,0,1,70,63,20879,"2"
786,1,0,1,35,62,19136,"2"
787,0,1,1,175,46,22044,"4"
788,0,1,2,35,50,21093,"4"
789,1,1,4,95,55,20854,"4"
790,1,1,2,75,72,21042,"4"
791,1,1,1,35,85,18940,"4"
792,0,1,2,175,46,21403,"4"
793,0,1,1,105,63,20876,"4"
794,1,1,4,35,71,8742,"4"
795,1,1,3,85,61,22407,"4"
796,0,1,1,35,37,22205,"4"
797,1,1,4,35,78,21227,"4"
798,1,1,3,115,68,22153,"4"
799,1,1,4,35,42,22901,"4"
800,0,1,3,115,52,21146,"4"
801,0,1,2,75,51,21157,"4"
802,1,1,1,35,82,22207,"4"
803,1,1,6,35,44,8057,"4"
804,1,1,1,175,69,8691,"2"
805,1,1,2,35,55,8753,"4"
806,0,1,1,35,43,22030,"4"
807,1,1,1,45,50,22315,"4"
808,0,1,1,45,56,22150,"4"
809,0,1,2,175,77,20817,"4"
810,0,1,2,35,55,8318,"4"
811,0,1,1,35,40,21210,"4"
812,1,1,4,95,49,20171,"4"
813,1,0,1,35,58,8244,"2"
814,1,1,3,45,79,20879,"4"
815,1,1,2,120,56,8033,"2"
816,0,1,2,35,52,21208,"4"
817,0,0,1,35,43,21236,"1"
818,1,1,3,100,52,21122,"4"
819,0,1,3,55,42,20879,"4"
820,1,1,2,50,44,7728,"4"
821,0,1,5,135,65,19116,"4"
822,1,1,2,50,57,8075,"4"
823,0,1,4,35,52,8210,"4"
824,1,1,6,40,55,19046,"4"
825,0,1,3,95,43,21044,"4"
826,1,1,3,45,41,8620,"4"
827,0,1,4,35,63,8054,"4"
828,1,1,5,35,45,8005,"4"
829,1,0,1,40,66,22630,"2"
830,1,1,3,165,50,20854,"2"
831,0,1,4,35,41,19053,"4"
832,1,1,4,35,46,19047,"4"
833,0,1,4,35,57,8087,"4"
834,1,0,4,35,35,19020,"2"
835,0,1,3,45,42,21207,"4"
836,0,1,3,35,55,22301,"4"
837,0,1,3,60,62,20015,"4"
838,0,1,1,35,80,22192,"4"
839,1,1,5,45,51,20147,"4"
840,0,0,1,35,43,22903,"1"
841,1,1,3,35,51,8068,"4"
842,1,1,1,105,63,20850,"2"
843,1,1,3,90,74,21286,"4"
844,1,1,1,110,81,21228,"2"
845,0,1,1,60,48,21113,"4"
846,1,1,2,35,87,21224,"4"
847,0,1,3,35,80,20854,"4"
848,0,1,1,35,59,8723,"4"
849,0,1,3,175,54,20853,"4"
850,1,1,2,35,70,8753,"4"
851,0,1,3,35,50,8012,"4"
852,1,1,1,50,48,8534,"4"
853,0,1,4,35,58,22405,"4"
854,1,1,2,35,32,8055,"4"
855,0,1,4,175,57,20002,"4"
856,0,1,2,35,50,20910,"4"
857,1,1,2,65,61,8742,"4"
858,1,1,4,40,60,21146,"4"
859,0,1,1,35,56,23233,"4"
860,0,1,3,45,39,8004,"4"
861,0,1,3,50,71,8090,"4"
862,1,0,1,35,55,8753,"2"
863,0,1,1,175,57,20782,"4"
864,1,1,5,35,57,20008,"4"
865,1,1,6,35,51,22033,"4"
866,0,1,2,40,73,19083,"4"
867,0,1,3,35,46,21209,"4"
868,0,1,3,35,51,19010,"4"
869,1,1,2,165,48,22152,"2"
870,1,1,1,35,60,19020,"4"
871,0,1,2,35,66,21702,"4"
872,0,0,1,75,40,20850,"1"
873,0,1,2,35,83,21701,"4"
874,1,1,3,75,71,21212,"4"
875,1,1,3,35,58,8012,"4"
876,1,1,2,35,62,22901,"4"
877,1,1,2,35,56,20124,"4"
878,1,1,3,140,59,22308,"2"
879,1,1,3,165,45,22153,"2"
880,1,1,5,75,45,22192,"4"
881,0,0,1,35,41,22193,"1"
882,1,1,4,35,58,18940,"4"
883,1,1,3,50,44,21074,"4"
884,1,1,4,65,50,19446,"4"
885,1,1,2,35,85,20132,"4"
886,1,1,5,35,45,20148,"4"
887,0,1,1,40,57,8691,"4"
888,1,0,1,55,45,8048,"2"
889,0,1,1,35,50,19067,"4"
890,0,1,1,35,76,8755,"4"
891,1,1,4,50,45,21212,"4"
892,1,1,2,80,56,22309,"4"
893,0,1,2,35,37,19128,"4"
894,1,1,3,175,80,8016,"2"
895,1,1,1,35,44,20707,"4"
896,1,1,3,35,56,21061,"4"
897,1,1,2,175,43,22101,"2"
898,1,1,5,175,53,19067,"2"
899,1,1,6,35,54,8055,"4"
900,0,1,1,65,87,22192,"4"
901,1,1,1,175,62,20003,"2"
902,1,1,2,35,44,21403,"4"
903,1,1,2,40,59,23229,"4"
904,0,1,3,55,51,20141,"4"
905,0,0,1,70,47,22314,"1"
906,1,1,3,80,38,20878,"4"
907,0,1,1,35,46,19147,"4"
908,1,1,7,35,39,22124,"4"
909,1,1,4,145,26,19106,"2"
910,0,1,5,65,84,19103,"4"
911,1,1,4,95,53,20906,"4"
912,1,1,4,35,75,20815,"4"
913,1,1,3,55,72,8406,"4"
914,1,1,2,90,80,8084,"4"
915,0,1,4,35,56,19083,"4"
916,1,0,2,35,52,18901,"2"
917,1,1,3,35,57,20854,"4"
918,0,0,1,60,41,20878,"1"
919,1,1,2,140,36,8691,"2"
920,0,1,4,35,73,22030,"4"
921,1,1,4,175,67,20707,"2"
922,1,1,2,40,71,22314,"4"
923,1,1,2,130,53,21122,"2"
924,1,1,7,160,49,22066,"4"
925,0,1,3,65,44,21036,"4"
926,1,1,3,35,50,20905,"4"
927,0,1,1,60,76,22630,"4"
928,1,1,2,105,60,21229,"4"
929,0,1,3,155,46,21401,"4"
930,1,1,2,175,68,8053,"2"
931,1,1,4,35,48,8361,"4"
932,0,1,6,35,67,21093,"4"
933,1,1,2,175,67,21093,"2"
934,0,1,3,35,59,21076,"4"
935,1,1,6,100,41,20814,"4"
936,0,1,1,35,36,20007,"4"
937,1,1,4,45,54,22205,"4"
938,0,1,4,60,55,21042,"4"
939,0,1,3,35,38,8048,"4"
940,0,1,1,85,47,8406,"4"
941,1,1,1,50,50,20783,"4"
942,0,1,4,35,42,20853,"4"
943,1,1,2,35,53,8053,"4"
944,1,1,4,35,50,20854,"4"
945,1,1,2,35,71,8060,"4"
946,1,1,3,35,82,21207,"4"
947,1,1,3,150,58,20132,"2"
948,0,1,4,35,60,20906,"4"
949,0,1,2,80,38,8021,"4"
950,1,1,3,175,63,19010,"2"
951,1,0,2,60,84,23185,"2"
952,1,1,2,175,66,22101,"2"
953,1,1,2,145,54,22314,"2"
954,1,0,4,175,53,8087,"2"
955,1,0,1,35,30,22304,"2"
956,1,1,6,175,76,18901,"4"
957,1,1,2,35,72,8054,"4"
958,1,1,2,65,36,21014,"4"
959,0,1,7,35,36,20854,"4"
960,0,1,5,45,37,8759,"4"
961,1,1,3,55,64,22003,"4"
962,1,0,1,45,55,8048,"2"
963,1,1,3,35,62,22554,"4"
964,1,1,2,110,44,7728,"4"
965,1,0,2,45,45,22911,"2"
966,0,1,2,80,59,20016,"4"
967,0,0,2,35,78,20008,"1"
968,0,1,1,40,68,20874,"4"
969,1,1,6,35,40,20136,"4"
970,1,1,2,40,67,8505,"4"
971,0,1,1,35,42,21209,"4"
972,1,1,1,35,62,22193,"4"
973,0,1,4,35,66,20852,"4"
974,1,1,3,35,50,21074,"4"
975,1,1,4,35,55,8005,"4"
976,1,1,3,65,51,20874,"4"
977,1,1,1,35,90,19149,"4"
978,1,1,3,35,43,22901,"4"
979,1,1,4,175,45,8043,"2"
980,1,1,4,35,55,20854,"4"
981,0,1,1,40,78,20783,"4"
982,1,1,4,155,59,21771,"2"
983,0,0,1,35,70,21114,"1"
984,1,1,1,35,56,22203,"4"
985,1,0,2,100,39,22015,"2"
986,1,1,6,50,46,8330,"4"
987,1,1,3,45,54,8223,"4"
988,1,1,1,50,47,20120,"4"
989,1,1,3,120,43,22152,"4"
990,0,1,3,35,58,22152,"4"
991,0,1,1,50,48,23233,"4"
992,0,1,1,65,40,8724,"4"
993,1,1,3,105,51,8234,"4"
994,1,1,2,175,40,22201,"2"
995,1,0,1,40,45,21403,"2"
996,0,1,1,35,50,21224,"4"
997,0,1,2,175,59,20016,"4"
998,1,1,2,35,54,8036,"4"
999,0,1,2,35,45,23229,"4"
1000,1,1,2,115,74,18966,"2"
1001,0,1,3,35,47,8087,"4"
1002,1,1,5,35,41,21093,"4"
1003,1,1,4,85,53,21212,"4"
1004,0,1,5,35,60,8816,"4"
1005,1,0,3,100,66,22901,"2"
1006,1,1,2,35,47,20187,"4"
1007,1,1,4,100,52,21036,"4"
1008,0,1,3,45,37,21117,"4"
1009,0,0,1,35,31,22201,"1"
1010,1,1,3,35,68,8053,"4"
1011,1,1,1,130,62,22003,"2"
1012,1,1,1,55,38,20901,"4"
1013,1,1,3,175,42,19087,"2"
1014,1,1,2,35,58,8043,"4"
1015,0,1,4,175,54,19006,"4"
1016,0,1,5,35,48,8055,"4"
1017,1,1,2,60,41,8087,"4"
1018,1,1,2,130,31,21401,"2"
1019,1,1,2,35,54,22205,"4"
1020,1,1,3,35,45,23233,"4"
1021,0,1,2,80,33,20166,"4"
1022,1,1,2,35,50,22015,"4"
1023,1,1,3,135,56,20817,"2"
1024,1,1,3,35,58,21104,"4"
1025,1,1,1,35,46,8505,"4"
1026,1,1,2,75,32,21015,"4"
1027,0,0,1,35,40,21117,"1"
1028,1,1,2,35,71,8065,"4"
1029,1,0,2,80,49,22903,"2"
1030,0,1,1,100,50,22207,"4"
1031,0,1,5,35,52,21157,"4"
1032,1,1,3,35,46,22003,"4"
1033,1,1,4,50,48,8050,"4"
1034,0,1,4,35,64,21122,"4"
1035,0,0,5,35,49,19111,"1"
1036,1,1,1,35,82,8088,"4"
1037,1,1,3,100,52,18966,"4"
1038,0,1,4,175,53,23113,"4"
1039,1,1,2,40,73,20783,"4"
1040,1,1,3,175,49,22066,"2"
1041,0,1,3,35,55,8742,"4"
1042,0,1,1,120,39,21048,"4"
1043,0,1,3,80,53,20120,"4"
1044,0,0,3,40,49,23113,"1"
1045,0,1,3,35,47,22102,"4"
1046,1,1,2,35,66,22302,"4"
1047,1,1,2,35,48,21224,"4"
1048,0,1,3,100,58,8742,"4"
1049,0,1,5,35,40,21015,"4"
1050,1,1,4,60,59,20850,"4"
1051,1,1,3,35,51,8332,"4"
1052,0,1,3,35,34,8701,"4"
1053,1,1,3,35,54,20817,"4"
1054,0,1,6,40,44,19111,"4"
1055,0,1,3,45,62,8108,"4"
1056,1,1,4,145,44,23113,"2"
1057,1,1,3,35,43,22039,"4"
1058,0,0,2,55,80,20118,"1"
1059,1,1,3,65,62,8003,"4"
1060,0,1,4,65,56,19152,"4"
1061,1,1,3,175,66,20110,"2"
1062,1,1,2,50,64,8755,"4"
1063,0,1,2,175,37,22205,"4"
1064,0,1,4,35,66,7728,"4"
1065,1,1,3,35,54,7726,"4"
1066,0,1,2,35,59,8081,"4"
1067,0,1,1,35,72,22314,"4"
1068,0,1,1,35,57,8759,"4"
1069,0,1,2,35,67,21227,"4"
1070,0,1,3,35,49,18966,"4"
1071,0,0,1,35,30,22201,"1"
1072,1,1,4,120,61,21122,"4"
1073,0,1,2,35,51,8052,"4"
1074,1,1,3,35,66,21784,"4"
1075,1,1,1,35,49,20110,"4"
1076,1,1,4,45,52,21042,"4"
1077,1,1,4,175,57,20854,"2"
1078,1,1,6,125,49,19096,"4"
1079,1,1,1,60,84,20904,"4"
1080,1,1,1,175,32,20816,"2"
1081,1,1,2,135,51,22027,"2"
1082,0,1,2,55,54,23113,"4"
1083,1,1,5,35,70,8759,"4"
1084,1,1,2,70,61,24060,"4"
1085,1,1,4,60,75,8077,"4"
1086,0,1,5,40,47,21701,"4"
1087,0,1,1,35,57,21784,"4"
1088,1,0,4,175,51,21146,"2"
1089,1,1,1,35,55,21702,"4"
1090,1,1,2,80,54,20112,"4"
1091,1,1,5,40,49,20850,"4"
1092,1,1,3,35,69,22192,"4"
1093,1,1,3,60,67,21401,"4"
1094,1,1,3,80,45,8096,"4"
1095,0,1,2,90,69,8701,"4"
1096,1,1,2,35,59,8088,"4"
1097,1,1,1,35,51,21090,"4"
1098,0,1,2,65,73,20705,"4"
1099,1,1,2,35,54,20110,"4"
1100,1,1,3,35,59,21046,"4"
1101,0,1,3,170,52,21030,"4"
1102,1,1,2,100,65,21030,"4"
1103,1,1,2,175,60,22039,"2"
1104,0,1,1,100,51,19010,"4"
1105,1,1,3,160,68,8724,"2"
1106,1,1,2,35,40,22602,"4"
1107,1,1,4,40,51,20186,"4"
1108,0,1,2,35,49,20815,"4"
1109,0,1,1,60,35,20854,"4"
1110,1,1,5,35,43,18901,"4"
1111,0,1,2,35,45,20874,"4"
1112,1,1,4,155,47,21146,"2"
1113,1,1,1,80,62,22407,"4"
1114,1,1,1,35,82,21784,"4"
1115,0,1,3,35,59,21093,"4"
1116,0,1,3,55,80,20874,"4"
1117,1,1,2,35,79,19004,"4"
1118,0,1,2,35,60,20191,"4"
1119,1,1,3,90,55,8080,"4"
1120,1,1,4,50,63,22203,"4"
1121,0,1,3,175,79,22101,"4"
1122,0,0,2,35,81,22030,"1"
1123,0,1,3,40,51,21204,"4"
1124,0,1,4,125,58,22015,"4"
1125,0,1,1,35,78,20008,"4"
1126,1,1,2,35,47,20169,"4"
1127,1,1,3,45,36,20148,"4"
1128,0,1,1,35,82,22901,"4"
1129,1,1,2,100,73,21204,"4"
1130,0,1,3,175,65,20171,"4"
1131,1,1,1,35,68,8088,"4"
1132,0,1,2,175,75,8226,"4"
1133,1,1,4,175,54,21074,"2"
1134,1,1,2,80,74,20853,"4"
1135,0,0,1,35,39,22901,"1"
1136,0,1,4,110,40,20165,"4"
1137,0,1,4,35,49,8520,"4"
1138,0,1,1,65,41,8520,"4"
1139,1,1,2,70,35,20191,"4"
1140,1,1,4,90,55,19027,"4"
1141,1,1,3,45,61,8204,"4"
1142,0,1,3,35,51,22203,"4"
1143,1,1,2,135,52,22032,"2"
1144,1,1,3,60,63,8055,"4"
1145,1,1,2,40,59,8050,"4"
1146,1,1,5,35,42,23233,"4"
1147,1,1,2,70,62,22031,"4"
1148,1,1,3,65,41,21108,"4"
1149,1,1,6,35,41,20187,"4"
1150,1,0,2,50,38,22315,"2"
1151,0,1,3,35,47,8096,"4"
1152,1,1,4,35,42,21048,"4"
1153,0,1,2,35,38,21042,"4"
1154,0,0,1,35,30,22911,"1"
1155,1,1,6,35,32,8234,"4"
1156,1,0,1,110,83,19119,"2"
1157,0,1,1,35,81,21236,"4"
1158,0,1,3,35,56,8012,"4"
1159,1,1,4,50,39,20882,"4"
1160,1,1,1,175,65,20007,"2"
1161,0,1,2,35,62,20783,"4"
1162,1,1,2,145,60,22182,"2"
1163,0,1,3,130,33,20165,"4"
1164,1,1,2,35,68,20715,"4"
1165,1,1,4,90,56,8055,"4"
1166,1,1,6,130,41,22003,"4"
1167,1,1,3,75,39,8036,"4"
1168,1,1,2,35,47,19114,"4"
1169,0,1,1,35,55,8540,"4"
1170,0,1,1,35,42,7726,"4"
1171,0,1,2,40,63,22030,"4"
1172,1,1,4,175,40,19087,"2"
1173,1,1,4,35,52,21075,"4"
1174,1,1,3,35,52,20176,"4"
1175,1,1,2,35,61,22066,"4"
1176,0,1,2,35,63,19038,"4"
1177,0,1,2,35,47,21224,"4"
1178,0,1,3,70,46,20879,"4"
1179,0,1,2,90,37,8043,"4"
1180,0,1,2,35,48,22066,"4"
1181,1,1,2,95,60,20176,"4"
1182,1,1,3,55,67,20850,"4"
1183,1,1,3,45,83,21784,"4"
1184,1,1,4,35,55,8759,"4"
1185,1,1,1,40,73,22032,"4"
1186,1,1,1,35,57,8527,"4"
1187,1,1,4,175,49,22181,"2"
1188,1,1,3,80,54,20895,"4"
1189,1,1,3,70,71,20817,"4"
1190,0,1,2,35,88,20815,"4"
1191,0,1,1,35,75,8085,"4"
1192,0,1,4,175,75,20895,"4"
1193,1,1,3,35,81,20816,"4"
1194,1,1,1,85,47,20194,"4"
1195,1,1,1,35,73,8759,"4"
1196,0,1,4,35,42,8055,"4"
1197,0,1,2,40,87,8534,"4"
1198,1,1,2,165,61,20850,"2"
1199,0,1,1,40,39,8619,"4"
1200,1,1,5,80,54,19002,"4"
1201,1,1,3,110,40,20190,"4"
1202,0,0,1,35,34,19130,"1"
1203,1,1,3,35,70,20850,"4"
1204,1,1,5,175,45,23233,"2"
1205,0,1,1,85,55,20121,"4"
1206,0,1,1,75,63,21228,"4"
1207,1,1,2,35,70,20904,"4"
1208,1,1,5,100,62,8055,"4"
1209,1,1,4,90,59,21228,"4"
1210,1,1,3,35,54,8106,"4"
1211,1,1,3,60,79,8540,"4"
1212,1,1,5,35,41,22033,"4"
1213,0,1,2,35,79,19128,"4"
1214,1,1,3,75,54,21702,"4"
1215,1,1,1,35,80,19010,"4"
1216,1,1,4,60,74,20905,"4"
1217,1,1,4,35,36,19152,"4"
1218,1,1,4,85,47,8085,"4"
1219,1,1,3,175,40,20912,"2"
1220,1,1,4,175,50,8096,"2"
1221,1,1,2,175,61,22003,"2"
1222,0,1,5,90,53,22039,"4"
1223,1,1,2,35,55,22630,"4"
1224,0,1,2,175,54,20112,"4"
1225,1,1,3,35,37,20165,"4"
1226,1,1,5,35,49,21208,"4"
1227,1,1,4,35,50,8055,"4"
1228,1,1,4,35,78,21401,"4"
1229,1,1,1,35,89,20904,"4"
1230,0,0,3,55,33,22043,"1"
1231,1,1,2,175,65,22305,"2"
1232,0,0,3,80,53,22302,"1"
1233,1,1,2,175,70,21401,"2"
1234,0,1,4,40,49,22304,"4"
1235,1,1,3,35,52,22032,"4"
1236,1,1,2,135,49,8043,"2"
1237,1,1,1,35,39,8088,"4"
1238,1,1,2,35,56,8086,"4"
1239,0,1,1,35,58,22153,"4"
1240,1,1,4,35,41,21146,"4"
1241,0,1,2,40,72,20770,"4"
1242,0,1,4,60,78,8094,"4"
1243,1,1,1,35,55,8723,"4"
1244,0,1,2,35,45,23113,"4"
1245,1,1,4,35,46,8108,"4"
1246,1,1,2,45,41,20175,"4"
1247,1,1,4,65,46,21228,"4"
1248,1,1,2,175,62,21108,"2"
1249,1,1,3,35,55,8016,"4"
1250,1,1,7,100,54,8520,"4"
1251,0,1,2,100,66,20852,"4"
1252,1,1,2,35,50,23185,"4"
1253,1,1,1,115,58,22152,"2"
1254,1,1,4,40,73,21234,"4"
1255,1,1,5,85,41,21044,"4"
1256,1,1,3,35,70,8055,"4"
1257,0,1,3,35,36,8534,"4"
1258,0,1,2,60,34,8108,"4"
1259,1,1,2,35,55,8053,"4"
1260,0,1,2,55,69,21042,"4"
1261,1,0,3,105,63,22701,"2"
1262,0,1,1,35,57,19067,"4"
1263,0,1,3,40,53,21061,"4"
1264,0,1,3,35,44,22309,"4"
1265,1,1,2,35,76,22151,"4"
1266,1,1,2,35,61,18901,"4"
1267,1,1,2,45,50,20874,"4"
1268,1,1,2,80,65,20902,"4"
1269,1,1,3,35,79,8050,"4"
1270,1,1,4,45,61,22015,"4"
1271,1,0,4,35,30,8033,"2"
1272,1,1,3,80,57,19119,"4"
1273,1,1,1,35,54,8731,"4"
1274,0,1,1,35,86,21286,"4"
1275,0,1,2,175,58,20124,"4"
1276,1,1,1,35,73,19446,"4"
1277,1,1,4,115,44,8057,"4"
1278,0,1,2,35,61,20194,"4"
1279,1,1,1,35,83,22153,"4"
1280,1,1,2,35,86,21204,"4"
1281,0,1,3,55,56,22201,"4"
1282,0,1,5,35,59,20708,"4"
1283,1,1,3,50,56,22192,"4"
1284,1,1,2,35,50,22204,"4"
1285,1,0,1,50,36,20002,"2"
1286,1,1,3,35,39,22101,"4"
1287,0,1,3,120,69,21060,"4"
1288,1,1,3,175,78,22003,"2"
1289,0,1,3,35,58,20015,"4"
1290,1,1,3,35,68,20895,"4"
1291,0,1,2,35,39,21076,"4"
1292,0,0,2,35,55,8540,"1"
1293,0,1,4,85,36,22407,"4"
1294,1,1,2,35,61,22701,"4"
1295,1,1,5,70,38,7728,"4"
1296,1,1,4,55,44,20878,"4"
1297,0,1,4,35,41,8226,"4"
1298,0,1,3,60,53,21236,"4"
1299,0,0,1,35,42,20008,"1"
1300,1,1,4,50,58,22611,"4"
1301,1,1,1,35,79,8690,"4"
1302,1,1,4,35,46,20882,"4"
1303,1,1,4,40,60,19010,"4"
1304,0,1,2,175,44,8210,"4"
1305,1,1,2,65,44,8361,"4"
1306,1,1,2,35,48,19047,"4"
1307,1,1,4,35,56,19038,"4"
1308,0,1,1,65,48,8691,"4"
1309,0,1,2,45,66,23229,"4"
1310,1,1,5,35,59,8080,"4"
1311,1,1,1,175,47,22309,"2"
1312,1,1,1,60,56,21113,"4"
1313,0,1,1,35,64,8086,"4"
1314,1,1,4,75,53,20874,"4"
1315,0,1,3,80,45,21029,"4"
1316,0,1,5,35,43,21236,"4"
1317,1,1,2,35,52,20124,"4"
1318,1,1,3,35,48,21212,"4"
1319,1,1,4,140,54,20878,"4"
1320,0,1,2,105,61,21158,"4"
1321,0,1,2,35,80,20902,"4"
1322,0,1,1,35,88,23185,"4"
1323,1,1,4,35,62,22202,"4"
1324,1,1,2,55,66,20855,"4"
1325,1,1,1,35,55,20850,"4"
1326,0,1,4,80,50,21229,"4"
1327,0,0,1,90,29,21209,"1"
1328,1,0,3,35,30,21074,"2"
1329,1,1,4,35,64,20175,"4"
1330,1,1,2,40,61,8759,"4"
1331,1,0,2,45,52,22015,"2"
1332,1,1,3,70,85,22308,"4"
1333,1,0,1,60,40,20814,"2"
1334,1,1,2,35,71,21035,"4"
1335,1,1,4,35,55,22903,"4"
1336,0,1,3,45,38,21158,"4"
1337,0,0,2,35,43,21210,"1"
1338,0,1,2,175,51,20191,"4"
1339,1,1,4,35,58,8002,"4"
1340,0,1,3,35,29,20016,"4"
1341,1,1,4,35,51,8053,"4"
1342,0,1,1,60,54,22046,"4"
1343,1,1,4,35,49,21042,"4"
1344,1,1,5,35,52,8205,"4"
1345,1,1,6,35,44,21146,"4"
1346,1,1,5,35,42,8648,"4"
1347,1,0,2,60,36,8540,"2"
1348,0,1,5,45,36,20854,"4"
1349,1,1,2,35,61,21209,"4"
1350,1,1,3,115,41,21012,"4"
1351,0,1,2,175,48,21042,"4"
1352,0,1,3,35,40,8055,"4"
1353,1,1,3,35,47,8108,"4"
1354,1,1,4,35,48,20874,"4"
1355,1,1,2,175,46,20016,"2"
1356,0,1,4,55,75,22407,"4"
1357,1,1,3,145,68,22307,"2"
1358,1,1,2,85,60,20707,"4"
1359,1,1,3,35,55,19002,"4"
1360,0,1,1,105,48,8540,"4"
1361,0,1,5,85,40,8620,"4"
1362,1,1,6,35,51,8691,"4"
1363,1,0,1,40,40,22192,"2"
1364,1,1,2,35,47,22152,"4"
1365,0,0,2,55,85,23229,"1"
1366,1,1,5,35,70,20906,"4"
1367,1,1,2,35,64,22903,"4"
1368,1,1,2,45,39,21014,"4"
1369,0,1,1,55,50,8043,"4"
1370,0,1,2,65,69,8534,"4"
1371,1,1,2,50,37,8088,"4"
1372,0,1,2,35,35,20906,"4"
1373,1,1,3,175,26,23229,"2"
1374,0,1,2,90,55,22153,"4"
1375,0,1,2,60,60,20817,"4"
1376,1,1,1,70,41,21131,"4"
1377,0,1,5,35,46,8620,"4"
1378,1,1,2,175,48,20816,"2"
1379,1,1,2,35,46,20007,"4"
1380,0,1,4,120,46,23113,"4"
1381,1,1,3,35,41,20854,"4"
1382,0,1,2,35,72,19135,"4"
1383,1,1,5,60,54,21774,"4"
1384,0,1,1,175,54,20814,"4"
1385,0,1,2,115,35,21046,"4"
1386,0,1,2,140,49,22554,"4"
1387,0,1,1,110,45,21157,"4"
1388,1,0,2,60,63,22315,"2"
1389,1,1,2,50,67,22309,"4"
1390,1,1,1,35,68,8759,"4"
1391,1,1,3,35,35,8055,"4"
1392,1,1,3,35,36,22015,"4"
1393,1,1,3,115,60,21014,"4"
1394,1,1,3,35,48,7728,"4"
1395,0,1,3,90,58,8721,"4"
1396,1,1,2,100,51,8723,"4"
1397,1,1,2,85,38,20895,"4"
1398,1,1,2,35,54,22030,"4"
1399,1,1,1,35,88,8757,"4"
1400,1,1,6,35,39,7726,"4"
1401,1,1,3,35,67,22026,"4"
1402,1,1,3,145,45,21228,"2"
1403,0,1,2,35,59,21702,"4"
1404,1,1,4,35,50,8724,"4"
1405,0,1,1,125,49,18901,"4"
1406,1,1,4,50,47,8057,"4"
1407,1,1,4,65,44,22407,"4"
1408,1,1,5,150,51,20777,"4"
1409,0,1,3,70,34,20148,"4"
1410,1,1,3,175,61,20112,"2"
1411,0,1,6,125,53,8226,"4"
1412,1,1,2,80,42,21117,"4"
1413,0,1,2,175,62,20169,"4"
1414,1,1,3,35,62,8302,"4"
1415,1,1,2,35,52,22079,"4"
1416,1,1,3,35,61,19006,"4"
1417,0,1,4,60,61,22026,"4"
1418,1,1,4,35,57,21074,"4"
1419,0,1,3,45,45,22302,"4"
1420,0,1,5,45,40,8724,"4"
1421,1,1,2,40,77,21401,"4"
1422,1,1,3,40,40,21136,"4"
1423,1,1,2,35,63,21771,"4"
1424,0,1,1,35,57,20878,"4"
1425,1,1,1,35,37,21208,"4"
1426,1,1,2,35,45,20902,"4"
1427,1,1,2,85,54,21401,"4"
1428,0,1,1,85,54,21104,"4"
1429,1,1,4,140,61,18901,"4"
1430,0,0,2,35,57,20814,"1"
1431,0,1,2,40,55,22314,"4"
1432,1,1,3,35,47,8753,"4"
1433,1,0,1,35,84,18901,"2"
1434,1,1,3,35,57,19067,"4"
1435,1,1,3,35,59,22015,"4"
1436,1,1,3,55,54,21093,"4"
1437,1,1,2,155,64,20171,"2"
1438,1,1,4,35,60,22407,"4"
1439,0,1,2,175,54,20882,"4"
1440,1,1,1,60,39,22302,"4"
1441,0,1,2,35,59,20854,"4"
1442,1,1,2,105,54,20854,"4"
1443,0,1,3,35,50,19087,"4"
1444,0,1,1,175,48,20895,"4"
1445,1,1,5,90,38,19002,"4"
1446,1,1,4,75,53,8003,"4"
1447,0,1,1,90,64,8690,"4"
1448,0,1,3,35,46,8022,"4"
1449,1,1,1,45,42,19119,"4"
1450,0,0,2,175,41,22901,"1"
1451,0,1,2,105,45,20155,"4"
1452,1,1,1,75,57,22207,"4"
1453,0,1,5,35,74,24060,"4"
1454,1,1,4,105,46,8055,"4"
1455,0,0,1,35,69,22601,"1"
1456,1,1,3,60,51,20110,"4"
1457,1,1,5,110,43,20853,"4"
1458,0,1,2,35,57,8087,"4"
1459,0,1,3,35,40,21075,"4"
1460,1,1,4,175,68,22042,"2"
1461,0,1,4,35,38,22407,"4"
1462,1,1,3,50,32,21784,"4"
1463,1,1,4,35,41,20815,"4"
1464,1,1,3,155,75,21012,"2"
1465,1,1,1,75,44,20151,"4"
1466,0,1,2,35,24,8048,"4"
1467,1,0,4,50,49,21209,"2"
1468,0,1,4,50,49,21042,"4"
1469,1,1,1,35,57,8540,"4"
1470,0,1,3,35,59,20170,"4"
1471,1,1,2,70,51,20176,"4"
1472,1,0,2,35,69,23185,"2"
1473,0,1,4,35,46,8731,"4"
1474,1,1,3,65,65,22207,"4"
1475,1,1,4,175,57,19004,"2"
1476,0,1,1,35,51,20111,"4"
1477,1,1,3,35,43,22401,"4"
1478,0,0,1,35,36,20136,"1"
1479,1,1,3,175,71,20850,"2"
1480,1,1,2,75,57,21236,"4"
1481,0,1,2,35,69,8054,"4"
1482,1,1,4,80,45,22101,"4"
1483,1,1,3,35,44,19087,"4"
1484,0,0,3,120,37,21401,"1"
1485,0,1,2,95,36,21014,"4"
1486,1,1,5,175,75,22102,"2"
1487,0,1,2,45,51,8036,"4"
1488,1,1,2,175,88,7728,"2"
1489,1,1,3,35,63,21122,"4"
1490,1,1,4,35,48,21157,"4"
1491,0,1,4,35,60,23185,"4"
1492,0,1,2,35,47,19111,"4"
1493,0,1,3,70,45,20904,"4"
1494,0,1,2,40,77,8098,"4"
1495,1,0,2,45,55,22101,"2"
1496,1,1,2,65,54,19119,"4"
1497,1,1,6,105,48,20815,"4"
1498,1,1,3,40,70,19135,"4"
1499,1,0,1,175,30,20777,"2"
1500,1,1,2,50,64,18966,"4"
1501,1,1,2,55,40,22554,"4"
1502,1,1,4,95,67,8540,"4"
1503,0,1,3,140,46,21042,"4"
1504,1,1,2,175,43,20171,"2"
1505,0,0,1,75,60,8043,"1"
1506,1,1,5,60,45,19047,"4"
1507,0,1,3,115,63,20165,"4"
1508,1,1,2,35,60,20016,"4"
1509,1,1,5,105,67,19115,"4"
1510,0,1,3,35,79,21286,"4"
1511,1,1,5,80,37,22315,"4"
1512,0,1,3,35,51,19096,"4"
1513,1,1,2,55,68,22207,"4"
1514,1,1,1,35,86,22042,"4"
1515,0,1,2,35,40,22315,"4"
1516,1,1,4,35,48,20171,"4"
1517,1,1,2,100,80,20817,"4"
1518,0,1,1,65,62,8106,"4"
1519,1,1,4,95,70,19002,"4"
1520,1,1,4,45,44,21157,"4"
1521,0,1,3,35,45,22554,"4"
1522,0,0,2,90,50,20814,"1"
1523,0,1,2,35,37,20855,"4"
1524,0,1,3,35,67,22153,"4"
1525,1,1,2,80,59,21228,"4"
1526,0,1,2,35,69,20905,"4"
1527,1,1,4,70,50,20158,"4"
1528,0,0,4,35,42,8520,"1"
1529,1,1,6,110,44,21030,"4"
1530,0,1,1,40,32,22203,"4"
1531,0,1,4,35,52,20878,"4"
1532,0,1,3,35,58,19067,"4"
1533,1,1,1,35,63,8234,"4"
1534,1,1,7,90,46,22101,"4"
1535,0,0,1,40,37,21229,"1"
1536,1,1,1,85,69,20155,"4"
1537,0,1,3,90,32,21401,"4"
1538,1,1,4,175,46,22066,"2"
1539,1,1,3,35,62,21044,"4"
1540,0,1,1,45,76,19047,"4"
1541,1,1,2,35,35,8096,"4"
1542,1,1,2,40,63,8080,"4"
1543,1,1,1,35,70,8204,"4"
1544,1,1,4,45,44,19136,"4"
1545,1,1,4,80,51,20906,"4"
1546,1,1,4,35,47,20124,"4"
1547,0,1,2,100,44,20175,"4"
1548,1,1,4,35,65,8210,"4"
1549,0,1,4,85,72,20902,"4"
1550,1,1,2,165,39,8051,"2"
1551,0,1,2,65,45,21234,"4"
1552,1,1,4,45,39,8731,"4"
1553,0,1,2,105,50,20036,"4"
1554,1,1,1,145,57,21401,"2"
1555,0,1,3,80,56,20111,"4"
1556,1,1,3,100,58,21093,"4"
1557,1,1,2,80,47,8057,"4"
1558,1,1,2,35,61,20009,"4"
1559,1,1,2,105,65,21701,"4"
1560,0,1,1,35,69,22042,"4"
1561,1,1,2,35,76,20008,"4"
1562,1,1,3,35,36,22307,"4"
1563,0,1,3,90,38,8620,"4"
1564,0,1,3,70,35,19047,"4"
1565,0,1,2,40,40,21784,"4"
1566,1,1,4,70,64,20164,"4"
1567,1,1,2,35,38,22701,"4"
1568,0,1,4,35,70,22151,"4"
1569,1,1,3,70,51,21044,"4"
1570,1,1,6,175,59,20850,"4"
1571,1,1,2,35,80,20007,"4"
1572,1,1,4,35,48,21229,"4"
1573,1,1,2,125,62,21210,"2"
1574,1,1,5,35,46,20814,"4"
1575,0,1,2,125,42,20147,"4"
1576,1,1,4,120,75,22066,"4"
1577,0,0,1,35,25,19103,"1"
1578,1,1,3,35,67,21030,"4"
1579,1,1,5,35,51,20110,"4"
1580,1,1,4,140,56,21131,"4"
1581,0,0,1,35,38,19136,"1"
1582,1,1,2,35,71,8012,"4"
1583,1,1,2,75,61,21133,"4"
1584,1,1,2,175,60,20121,"2"
1585,1,1,6,40,37,21784,"4"
1586,0,1,3,35,52,21093,"4"
1587,1,1,5,35,52,8062,"4"
1588,0,1,1,55,49,21286,"4"
1589,1,1,1,70,35,8090,"4"
1590,1,1,5,115,64,20169,"4"
1591,0,1,4,55,62,21209,"4"
1592,1,1,2,140,70,19002,"2"
1593,0,1,4,35,58,20124,"4"
1594,0,1,4,150,61,22182,"4"
1595,1,1,5,35,46,20882,"4"
1596,0,1,3,175,42,22310,"4"
1597,1,1,6,35,50,21093,"4"
1598,1,1,2,50,51,19446,"4"
1599,1,1,3,35,58,21042,"4"
1600,1,1,4,40,39,8035,"4"
1601,1,1,5,35,59,8016,"4"
1602,1,1,4,175,51,21403,"2"
1603,0,1,2,90,47,8053,"4"
1604,1,1,1,40,83,19047,"4"
1605,1,1,3,35,78,22310,"4"
1606,0,0,1,175,60,19002,"1"
1607,0,1,2,50,55,20744,"4"
1608,1,1,3,60,56,22315,"4"
1609,0,0,1,105,47,21229,"1"
1610,0,0,1,35,47,8080,"1"
1611,1,1,3,35,48,8332,"4"
1612,1,1,1,35,47,22305,"4"
1613,1,1,3,65,40,22309,"4"
1614,0,0,2,40,33,22015,"1"
1615,1,1,3,35,52,20782,"4"
1616,1,1,3,160,48,21157,"2"
1617,0,1,1,35,77,23229,"4"
1618,0,1,4,35,62,8034,"4"
1619,1,1,6,140,61,21157,"4"
1620,1,1,2,35,53,22911,"4"
1621,1,0,3,35,66,22152,"2"
1622,0,1,4,35,38,20132,"4"
1623,1,1,6,35,50,8053,"4"
1624,0,1,3,85,68,20782,"4"
1625,1,1,2,175,75,8034,"2"
1626,1,1,2,90,54,21074,"4"
1627,1,1,4,135,46,22152,"4"
1628,0,1,2,35,74,22101,"4"
1629,1,1,2,175,81,21234,"2"
1630,1,1,2,35,59,19149,"4"
1631,1,1,5,35,49,21093,"4"
1632,0,1,1,35,76,20852,"4"
1633,0,1,1,90,59,21131,"4"
1634,1,1,4,35,54,21228,"4"
1635,0,1,1,35,69,8648,"4"
1636,1,1,4,35,73,21286,"4"
1637,1,0,5,65,69,8527,"2"
1638,1,1,2,40,63,20723,"4"
1639,1,1,1,45,60,22033,"4"
1640,0,1,3,35,57,21044,"4"
1641,0,1,1,70,58,8724,"4"
1642,0,1,2,35,48,20016,"4"
1643,1,1,4,35,39,20169,"4"
1644,1,1,2,75,58,20194,"4"
1645,0,0,2,35,31,22901,"1"
1646,0,1,2,90,50,20877,"4"
1647,0,1,1,35,52,8226,"4"
1648,1,1,3,35,52,21014,"4"
1649,0,1,3,35,57,20853,"4"
1650,0,0,1,35,35,20110,"1"
1651,1,1,1,35,45,19106,"4"
1652,0,1,5,175,78,20853,"4"
1653,1,1,4,35,45,22043,"4"
1654,1,1,4,70,66,21228,"4"
1655,0,1,6,35,50,20817,"4"
1656,0,1,3,175,48,21014,"4"
1657,1,1,3,35,80,20817,"4"
1658,0,1,1,115,84,22032,"4"
1659,1,1,2,35,44,8012,"4"
1660,1,1,4,100,63,22182,"4"
1661,1,1,3,35,44,8723,"4"
1662,1,1,2,35,54,8742,"4"
1663,0,1,1,175,60,21401,"4"
1664,1,1,1,35,34,21093,"4"
1665,0,1,1,35,87,8034,"4"
1666,0,1,2,80,39,20152,"4"
1667,1,1,6,35,59,21144,"4"
1668,0,1,5,100,52,21036,"4"
1669,0,1,4,45,56,21146,"4"
1670,0,1,7,35,67,22046,"4"
1671,0,1,3,100,57,20124,"4"
1672,0,1,1,60,85,8648,"4"
1673,0,1,3,95,59,8075,"4"
1674,1,1,1,35,47,22302,"4"
1675,1,1,2,35,82,24060,"4"
1676,1,1,1,35,61,19096,"4"
1677,1,1,3,35,81,21212,"4"
1678,0,1,5,85,40,19111,"4"
1679,0,1,3,65,43,18940,"4"
1680,1,1,2,35,46,20724,"4"
1681,1,1,3,35,34,21236,"4"
1682,1,1,3,130,60,22101,"2"
1683,0,1,4,35,41,8527,"4"
1684,1,1,3,35,43,8619,"4"
1685,1,1,2,175,56,21029,"2"
1686,1,1,1,105,59,22308,"2"
1687,1,1,3,115,33,20878,"4"
1688,1,0,3,35,52,8065,"2"
1689,1,1,3,35,40,22193,"4"
1690,0,1,2,35,63,20009,"4"
1691,0,1,2,75,44,22039,"4"
1692,0,1,6,65,50,20186,"4"
1693,1,1,4,60,64,22152,"4"
1694,1,1,3,35,62,19087,"4"
1695,1,0,1,35,55,20186,"2"
1696,1,1,4,35,61,21146,"4"
1697,1,0,1,45,52,22204,"2"
1698,1,1,3,35,59,20124,"4"
1699,0,1,2,35,69,21093,"4"
1700,1,1,2,35,71,22150,"4"
1701,0,1,2,80,42,19096,"4"
1702,0,1,4,35,53,8053,"4"
1703,1,1,5,95,48,21074,"4"
1704,0,1,2,45,60,21037,"4"
1705,0,1,2,50,65,20815,"4"
1706,0,1,1,35,66,20008,"4"
1707,1,1,2,40,57,8759,"4"
1708,0,1,1,40,58,21048,"4"
1709,1,1,3,35,58,20181,"4"
1710,0,1,4,175,61,20147,"4"
1711,1,1,3,35,43,8098,"4"
1712,1,1,2,35,68,20879,"4"
1713,0,0,2,110,59,23185,"1"
1714,1,1,2,175,83,19087,"2"
1715,1,1,4,175,53,21771,"2"
1716,0,0,1,90,50,22206,"1"
1717,1,1,3,75,64,21015,"4"
1718,1,1,4,35,56,21074,"4"
1719,1,1,2,35,78,19114,"4"
1720,1,0,3,35,38,22204,"2"
1721,0,1,5,155,60,21093,"4"
1722,1,1,3,150,51,20124,"2"
1723,1,1,2,65,66,21014,"4"
1724,0,1,2,40,48,8332,"4"
1725,0,1,3,115,37,22182,"4"
1726,0,1,3,120,56,8062,"4"
1727,1,1,3,35,35,20853,"4"
1728,1,1,1,35,65,21228,"4"
1729,1,1,4,35,80,8075,"4"
1730,1,1,2,80,54,18940,"4"
1731,0,1,4,35,62,8055,"4"
1732,1,1,3,35,48,8087,"4"
1733,0,1,4,35,44,22611,"4"
1734,1,1,3,35,63,22405,"4"
1735,1,1,5,40,61,21209,"4"
1736,1,1,1,80,48,20016,"4"
1737,1,1,4,35,41,21042,"4"
1738,1,1,2,35,43,22192,"4"
1739,1,0,3,35,43,8648,"2"
1740,1,1,2,35,46,18940,"4"
1741,1,1,4,65,53,8648,"4"
1742,0,1,2,40,54,21042,"4"
1743,1,1,2,35,34,8054,"4"
1744,1,1,1,60,33,22310,"4"
1745,1,1,3,90,66,8008,"4"
1746,1,1,1,50,60,22044,"4"
1747,1,1,4,35,52,20175,"4"
1748,1,0,1,110,47,22180,"2"
1749,1,1,3,80,31,8648,"4"
1750,1,1,5,35,44,8081,"4"
1751,1,1,3,35,56,8096,"4"
1752,1,1,7,175,52,8690,"4"
1753,0,1,2,85,40,21163,"4"
1754,1,1,4,70,59,21163,"4"
1755,0,0,4,75,38,20854,"1"
1756,0,1,2,35,41,22405,"4"
1757,0,1,1,40,32,8332,"4"
1758,0,1,2,70,60,22901,"4"
1759,1,1,3,35,61,19115,"4"
1760,0,1,3,40,50,20878,"4"
1761,1,1,2,80,39,21157,"4"
1762,1,1,1,35,52,19004,"4"
1763,0,1,2,35,76,8034,"4"
1764,0,1,3,70,48,22039,"4"
1765,1,1,2,150,67,20817,"2"
1766,1,1,2,35,58,20191,"4"
1767,1,1,5,40,45,22911,"4"
1768,0,1,2,35,37,20148,"4"
1769,1,1,1,35,54,22033,"4"
1770,1,1,2,60,51,19114,"4"
1771,1,1,3,175,41,20171,"2"
1772,1,1,2,35,39,19083,"4"
1773,1,1,2,60,69,22303,"4"
1774,1,1,2,50,84,22207,"4"
1775,1,1,2,35,64,20782,"4"
1776,1,1,2,35,69,20882,"4"
1777,0,1,2,35,60,8221,"4"
1778,1,1,2,40,59,21784,"4"
1779,0,1,4,35,52,23233,"4"
1780,0,1,2,35,49,20707,"4"
1781,1,1,1,65,86,21093,"4"
1782,1,1,6,110,46,21093,"4"
1783,0,1,1,45,54,8540,"4"
1784,1,1,3,85,47,23185,"4"
1785,1,1,3,35,52,23229,"4"
1786,1,1,5,50,54,19038,"4"
1787,0,0,5,35,58,20136,"1"
1788,0,0,1,35,82,22315,"1"
1789,0,1,2,50,66,19027,"4"
1790,0,1,3,80,31,20814,"4"
1791,1,1,2,35,57,22101,"4"
1792,1,1,3,35,66,22207,"4"
1793,1,1,2,90,81,19446,"4"
1794,1,1,2,35,60,8753,"4"
1795,0,1,4,70,65,20855,"4"
1796,1,1,2,160,39,23229,"2"
1797,1,1,3,35,57,22192,"4"
1798,1,1,8,65,51,20874,"4"
1799,0,1,2,55,57,8085,"4"
1800,1,1,2,175,60,20816,"2"
1801,0,1,3,45,37,20814,"4"
1802,0,1,4,35,62,20854,"4"
1803,1,1,3,35,47,21117,"4"
1804,1,1,6,130,40,21771,"4"
1805,1,1,1,40,56,21401,"4"
1806,1,1,1,35,36,21230,"4"
1807,1,1,2,40,69,8005,"4"
1808,0,1,2,35,87,8071,"4"
1809,0,1,2,55,53,22405,"4"
1810,0,1,3,80,75,8055,"4"
1811,1,1,4,35,31,22306,"4"
1812,1,1,4,35,58,20876,"4"
1813,1,1,1,35,49,20902,"4"
1814,0,1,3,35,74,21044,"4"
1815,1,1,4,35,43,8520,"4"
1816,1,0,1,45,71,22303,"2"
1817,0,1,3,35,36,20124,"4"
1818,1,1,2,175,58,18940,"2"
1819,1,1,2,35,70,22207,"4"
1820,1,1,4,65,48,8057,"4"
1821,1,1,5,125,37,22602,"4"
1822,0,1,3,35,44,19087,"4"
1823,1,1,5,35,72,19154,"4"
1824,1,1,2,95,71,8701,"4"
1825,0,0,1,130,62,8648,"1"
1826,1,1,3,80,67,19010,"4"
1827,0,1,5,140,52,20904,"4"
1828,1,1,3,35,63,22101,"4"
1829,0,1,4,35,63,20115,"4"
1830,0,1,1,35,43,8033,"4"
1831,1,1,4,40,74,21401,"4"
1832,1,1,2,35,59,22041,"4"
1833,0,1,3,35,36,20874,"4"
1834,1,1,3,175,57,20817,"2"
1835,1,1,2,35,61,21042,"4"
1836,1,0,2,175,47,22314,"2"
1837,0,0,1,35,59,19103,"1"
1838,0,1,1,70,42,20902,"4"
1839,0,1,1,55,36,7728,"4"
1840,1,1,4,35,51,22181,"4"
1841,0,1,2,85,75,7726,"4"
1842,1,1,4,35,60,21230,"4"
1843,1,1,5,175,48,22203,"2"
1844,1,1,3,35,45,21230,"4"
1845,0,1,2,35,57,20002,"4"
1846,1,1,4,35,48,20759,"4"
1847,0,1,1,35,40,22314,"4"
1848,0,1,1,70,56,22301,"4"
1849,1,1,4,90,61,20112,"4"
1850,1,0,1,95,76,20003,"2"
1851,1,1,2,50,68,22124,"4"
1852,0,1,2,120,62,8081,"4"
1853,1,1,2,70,79,20814,"4"
1854,0,0,2,100,48,22314,"1"
1855,0,1,3,125,63,20176,"4"
1856,1,1,2,35,67,21401,"4"
1857,1,1,6,35,55,8204,"4"
1858,1,1,4,35,40,8057,"4"
1859,0,1,1,65,38,8619,"4"
1860,0,1,1,35,52,22102,"4"
1861,0,1,3,50,57,21117,"4"
1862,1,1,3,65,58,8060,"4"
1863,1,1,2,50,44,7728,"4"
1864,1,1,3,65,56,22032,"4"
1865,1,0,1,65,85,21234,"2"
1866,1,1,1,60,36,8081,"4"
1867,1,1,3,35,66,22015,"4"
1868,1,1,2,35,52,20895,"4"
1869,0,1,1,70,55,8648,"4"
1870,0,1,4,35,43,22181,"4"
1871,0,0,1,150,57,21204,"1"
1872,0,1,4,130,52,8318,"4"
1873,0,1,2,60,57,8055,"4"
1874,1,1,4,35,58,19111,"4"
1875,0,1,2,35,53,8016,"4"
1876,0,1,2,120,56,20782,"4"
1877,1,1,3,45,58,18901,"4"
1878,0,1,1,85,49,21117,"4"
1879,0,1,3,35,53,20164,"4"
1880,1,1,2,65,34,21037,"4"
1881,1,1,2,35,57,21093,"4"
1882,1,1,1,75,45,20181,"4"
1883,1,1,5,40,55,19103,"4"
1884,1,1,3,55,63,21044,"4"
1885,0,1,3,175,51,21131,"4"
1886,0,1,1,130,30,22309,"4"
1887,0,1,3,55,43,8742,"4"
1888,0,1,1,35,42,8816,"4"
1889,0,1,2,130,81,23229,"4"
1890,0,1,2,35,61,20708,"4"
1891,1,1,2,35,59,20112,"4"
1892,1,1,2,175,43,8094,"2"
1893,1,1,2,45,81,8619,"4"
1894,1,1,2,45,85,21030,"4"
1895,0,1,3,70,24,20148,"4"
1896,1,1,2,100,56,22309,"4"
1897,1,1,1,35,53,22152,"4"
1898,0,1,1,175,44,20853,"4"
1899,1,0,1,35,61,8244,"2"
1900,0,1,3,175,53,20817,"4"
1901,1,1,2,35,41,18940,"4"
1902,0,1,4,55,70,21014,"4"
1903,0,1,2,55,61,21061,"4"
1904,0,1,2,35,40,22153,"4"
1905,1,1,2,175,45,20782,"2"
1906,1,1,5,175,47,8540,"2"
1907,1,1,2,35,69,8527,"4"
1908,1,1,3,145,60,21035,"2"
1909,1,1,2,115,79,8226,"2"
1910,1,1,2,175,79,22201,"2"
1911,1,0,1,35,32,20879,"2"
1912,1,0,3,35,62,22206,"2"
1913,1,1,3,35,71,21093,"4"
1914,1,1,4,35,67,8757,"4"
1915,1,1,4,85,46,21074,"4"
1916,1,1,1,35,63,22124,"4"
1917,1,1,5,120,38,19067,"4"
1918,1,1,1,35,62,20854,"4"
1919,1,1,3,35,62,21701,"4"
1920,1,1,2,35,79,21157,"4"
1921,0,1,2,65,68,21208,"4"
1922,1,1,5,175,42,20120,"2"
1923,0,1,5,70,35,8054,"4"
1924,1,1,3,35,52,8053,"4"
1925,1,1,3,165,48,22407,"2"
1926,0,1,2,60,63,21209,"4"
1927,1,1,2,35,89,24060,"4"
1928,0,1,5,60,79,19115,"4"
1929,1,1,6,55,44,21108,"4"
1930,1,1,3,105,55,21044,"4"
1931,0,1,2,35,29,22102,"4"
1932,1,1,3,175,68,8060,"2"
1933,1,1,3,35,43,22039,"4"
1934,0,1,2,65,79,8057,"4"
1935,0,1,2,35,40,20124,"4"
1936,0,1,3,80,66,8016,"4"
1937,1,1,3,175,56,20904,"2"
1938,0,1,5,50,58,19152,"4"
1939,1,1,3,45,41,19087,"4"
1940,1,1,6,70,41,21286,"4"
1941,0,1,1,45,72,21093,"4"
1942,1,1,1,95,47,20015,"2"
1943,1,1,1,35,50,8620,"4"
1944,1,1,2,35,63,8244,"4"
1945,1,1,2,35,49,8050,"4"
1946,0,1,1,35,58,18966,"4"
1947,1,1,2,40,65,8540,"4"
1948,1,1,1,175,41,22306,"2"
1949,1,1,3,35,49,21108,"4"
1950,0,1,1,50,77,8075,"4"
1951,0,0,2,55,33,22046,"1"
1952,1,1,3,35,51,21157,"4"
1953,0,1,2,40,60,22901,"4"
1954,1,1,1,45,66,8302,"4"
1955,1,0,3,35,57,21210,"2"
1956,0,0,1,35,77,22202,"1"
1957,0,1,4,35,42,19067,"4"
1958,1,1,1,35,36,22042,"4"
1959,0,1,1,60,46,20705,"4"
1960,1,1,6,175,44,21209,"4"
1961,1,1,3,175,47,22066,"2"
1962,1,1,2,40,56,22911,"4"
1963,1,0,1,35,35,20003,"2"
1964,1,1,2,140,48,20715,"2"
1965,0,0,1,35,51,20117,"1"
1966,0,1,5,35,51,8540,"4"
1967,1,1,3,145,56,22207,"2"
1968,0,1,3,175,62,20194,"4"
1969,1,1,4,35,46,8691,"4"
1970,0,1,3,40,53,20853,"4"
1971,1,1,2,95,75,23185,"4"
1972,0,1,4,35,45,21122,"4"
1973,0,1,1,35,81,8096,"4"
1974,0,1,2,175,52,22032,"4"
1975,1,1,1,50,61,8204,"4"
1976,1,1,3,100,60,8755,"4"
1977,1,1,2,105,36,20874,"4"
1978,0,1,1,100,53,21014,"4"
1979,1,1,4,95,42,21042,"4"
1980,1,1,2,35,33,8004,"4"
1981,1,1,2,120,67,20186,"2"
1982,1,1,2,35,72,22314,"4"
1983,0,1,2,35,37,22101,"4"
1984,1,1,3,35,53,8021,"4"
1985,1,1,3,35,58,21228,"4"
1986,1,1,3,35,40,8540,"4"
1987,1,1,3,170,51,8619,"2"
1988,0,1,2,45,38,20007,"4"
1989,1,1,3,35,56,8690,"4"
1990,0,1,4,35,51,8742,"4"
1991,1,1,2,35,63,21042,"4"
1992,0,1,2,55,59,22153,"4"
1993,0,0,2,35,40,20912,"1"
1994,0,1,3,50,80,21218,"4"
1995,1,1,3,65,68,8057,"4"
1996,0,1,5,175,42,7728,"4"
1997,1,1,2,35,57,20872,"4"
1998,0,1,3,35,78,22901,"4"
1999,0,1,2,35,68,22207,"4"
2000,1,1,7,35,53,8742,"4"
2001,0,1,3,35,34,19111,"4"
2002,0,1,2,35,42,21074,"4"
2003,1,1,1,35,60,8205,"4"
2004,1,1,2,35,32,20171,"4"
2005,1,1,2,130,57,19096,"2"
2006,0,1,2,60,25,22015,"4"
2007,1,0,3,35,38,8701,"2"
2008,1,1,2,75,63,22205,"4"
2009,0,1,3,35,62,20832,"4"
2010,1,1,3,90,76,19087,"4"
2011,1,1,2,35,37,21146,"4"
2012,1,1,3,35,39,8540,"4"
2013,1,1,2,35,64,21210,"4"
2014,1,1,1,35,76,20783,"4"
2015,0,1,2,75,60,21209,"4"
2016,1,1,3,35,43,21234,"4"
2017,1,1,3,35,32,21228,"4"
2018,0,1,2,40,48,22602,"4"
2019,0,1,1,50,86,21044,"4"
2020,0,1,3,60,64,20817,"4"
2021,1,1,2,35,73,20169,"4"
2022,0,1,1,45,56,21030,"4"
2023,1,1,3,175,59,8234,"2"
2024,1,1,2,175,56,8619,"2"
2025,1,1,2,145,70,20817,"2"
2026,0,1,2,50,73,20016,"4"
2027,0,1,3,35,50,22033,"4"
2028,1,1,4,75,77,20707,"4"
2029,1,1,3,105,54,20910,"4"
2030,0,1,2,85,67,21044,"4"
2031,0,1,2,175,56,22304,"4"
2032,1,1,5,145,41,21228,"4"
2033,1,1,5,35,55,22192,"4"
2034,0,0,1,35,33,22207,"1"
2035,0,1,1,65,29,21114,"4"
2036,0,1,3,50,67,20854,"4"
2037,0,0,2,35,26,20770,"1"
2038,0,1,4,90,55,8540,"4"
2039,0,1,3,35,58,21048,"4"
2040,1,1,3,145,52,20904,"2"
2041,1,0,2,35,47,22192,"2"
2042,0,1,5,35,62,21037,"4"
2043,0,1,2,120,50,8094,"4"
2044,0,1,1,35,44,21218,"4"
2045,1,1,5,90,39,20170,"4"
2046,1,1,2,80,54,22701,"4"
2047,0,1,4,125,38,20170,"4"
2048,1,1,2,35,70,21037,"4"
2049,0,1,3,45,54,19067,"4"
2050,1,1,3,50,42,20176,"4"
2051,1,1,1,35,56,19046,"4"
2052,0,1,2,125,47,8085,"4"
2053,0,0,3,35,49,20120,"1"
2054,1,1,3,175,72,19154,"2"
2055,0,1,2,90,59,21037,"4"
2056,1,1,2,150,48,20852,"2"
2057,0,1,3,115,56,20815,"4"
2058,1,1,1,110,55,18901,"2"
2059,1,1,5,70,56,20187,"4"
2060,0,1,4,40,68,22405,"4"
2061,0,0,2,35,36,20186,"1"
2062,1,1,4,35,50,21037,"4"
2063,1,1,3,35,75,22101,"4"
2064,0,0,1,35,45,20832,"1"
2065,1,1,3,45,43,20852,"4"
2066,1,1,2,35,87,22308,"4"
2067,0,0,3,125,25,8098,"1"
2068,0,1,1,165,36,20009,"4"
2069,1,1,5,35,47,20191,"4"
2070,1,1,1,35,68,22046,"4"
2071,1,1,1,45,84,8628,"4"
2072,1,1,2,35,58,19067,"4"
2073,0,1,2,35,75,8046,"4"
2074,1,1,5,35,52,22182,"4"
2075,1,1,2,65,50,22079,"4"
2076,0,1,1,35,64,20015,"4"
2077,0,1,1,175,36,22015,"4"
2078,0,1,5,35,56,22032,"4"
2079,0,1,4,175,58,21403,"4"
2080,0,1,3,175,64,8008,"4"
2081,1,1,3,40,85,21108,"4"
2082,1,1,4,175,42,23229,"2"
2083,1,1,6,65,39,8037,"4"
2084,0,1,4,35,44,19096,"4"
2085,0,1,3,35,50,22003,"4"
2086,1,0,1,50,51,21236,"2"
2087,0,1,2,175,72,20186,"4"
2088,1,1,3,35,57,20111,"4"
2089,0,1,3,160,39,20853,"4"
2090,0,1,7,40,78,22903,"4"
2091,0,1,5,110,47,19002,"4"
2092,1,1,1,35,40,20007,"4"
2093,1,1,3,35,56,22101,"4"
2094,0,1,4,100,48,8080,"4"
2095,1,1,3,40,57,20783,"4"
2096,1,1,5,75,60,21030,"4"
2097,1,1,3,175,63,20901,"2"
2098,1,1,3,35,46,19047,"4"
2099,1,1,2,75,48,22305,"4"
2100,1,1,6,75,40,21158,"4"
2101,0,1,2,100,63,8210,"4"
2102,1,0,2,35,68,8742,"2"
2103,1,1,6,35,52,8077,"4"
2104,0,1,4,45,41,21114,"4"
2105,1,1,6,35,41,8080,"4"
2106,1,1,2,105,77,21030,"4"
2107,1,1,2,35,66,8302,"4"
2108,1,1,2,90,46,20120,"4"
2109,0,1,4,55,59,8520,"4"
2110,1,1,5,40,50,8332,"4"
2111,0,1,4,70,52,20191,"4"
2112,0,0,2,35,29,21218,"1"
2113,0,1,1,35,73,21784,"4"
2114,0,1,1,45,74,8534,"4"
2115,1,1,1,35,47,22201,"4"
2116,1,1,4,35,42,21401,"4"
2117,0,1,3,35,40,8062,"4"
2118,1,0,1,70,37,20852,"2"
2119,1,1,3,130,50,22901,"2"
2120,0,1,3,35,54,8225,"4"
2121,1,1,2,35,75,19116,"4"
2122,1,1,4,175,42,20852,"2"
2123,1,1,3,45,68,21209,"4"
2124,0,1,3,35,71,8094,"4"
2125,0,1,1,35,81,8610,"4"
2126,0,1,2,35,51,20191,"4"
2127,1,1,3,35,45,21234,"4"
2128,1,1,7,35,43,19047,"4"
2129,1,1,2,150,76,19010,"2"
2130,1,1,1,70,61,22015,"4"
2131,1,1,5,75,79,8010,"4"
2132,1,1,2,40,71,20852,"4"
2133,1,1,3,60,65,22903,"4"
2134,1,1,2,105,59,8610,"4"
2135,0,1,3,35,50,21771,"4"
2136,1,1,4,60,60,8204,"4"
2137,1,1,2,85,47,19128,"4"
2138,1,1,2,35,36,22032,"4"
2139,1,1,2,140,55,20815,"2"
2140,0,1,5,40,53,8003,"4"
2141,1,1,2,175,59,8221,"2"
2142,1,1,2,75,63,22066,"4"
2143,0,1,2,105,56,8068,"4"
2144,0,1,4,35,55,20850,"4"
2145,0,1,1,40,56,20708,"4"
2146,1,1,4,135,62,20832,"4"
2147,1,1,1,35,61,23229,"4"
2148,1,1,4,80,53,8043,"4"
2149,1,1,1,35,56,22311,"4"
2150,1,1,5,90,41,20158,"4"
2151,0,1,4,175,47,20815,"4"
2152,0,1,1,100,36,22032,"4"
2153,1,1,1,60,57,18966,"4"
2154,1,1,2,35,34,21015,"4"
2155,1,1,1,55,48,21774,"4"
2156,1,1,3,35,43,8043,"4"
2157,0,1,2,50,46,19006,"4"
2158,0,1,1,35,68,20110,"4"
2159,0,1,4,95,52,22407,"4"
2160,0,1,3,35,38,20132,"4"
2161,1,1,2,60,44,21771,"4"
2162,0,1,1,35,46,8873,"4"
2163,0,1,2,40,52,21044,"4"
2164,0,1,2,175,62,21146,"4"
2165,1,1,4,35,48,21054,"4"
2166,1,1,2,60,50,20874,"4"
2167,1,1,3,175,45,8084,"2"
2168,0,1,2,35,57,19006,"4"
2169,0,1,2,35,47,21093,"4"
2170,0,1,4,35,52,20147,"4"
2171,1,1,2,35,82,21228,"4"
2172,0,1,3,35,86,22309,"4"
2173,1,1,3,35,64,8723,"4"
2174,0,1,1,125,80,21227,"4"
2175,0,1,6,85,45,21234,"4"
2176,1,1,2,80,61,20740,"4"
2177,1,1,5,100,47,8221,"4"
2178,1,1,2,35,60,23229,"4"
2179,0,1,1,75,62,20009,"4"
2180,1,1,2,75,46,7728,"4"
2181,1,1,2,35,67,19116,"4"
2182,1,1,2,35,55,8742,"4"
2183,1,0,5,40,40,23185,"2"
2184,0,1,6,95,36,23229,"4"
2185,1,0,1,45,35,22310,"2"
2186,0,1,1,90,42,22601,"4"
2187,0,1,1,50,58,20175,"4"
2188,1,1,5,35,63,8054,"4"
2189,1,1,1,35,72,22003,"4"
2190,1,1,1,35,68,8724,"4"
2191,1,1,4,120,45,20852,"4"
2192,0,1,2,35,51,20744,"4"
2193,0,1,3,115,51,19130,"4"
2194,1,1,3,35,55,19083,"4"
2195,0,1,4,35,52,20832,"4"
2196,1,1,4,175,45,21044,"2"
2197,0,1,4,70,50,8550,"4"
2198,0,1,3,115,62,22309,"4"
2199,1,1,4,40,72,24060,"4"
2200,0,1,2,35,57,20111,"4"
2201,0,1,1,80,41,20912,"4"
2202,1,1,3,35,65,21113,"4"
2203,1,1,6,35,53,19087,"4"
2204,0,1,3,35,32,8053,"4"
2205,0,1,2,85,47,20833,"4"
2206,0,0,1,55,39,20879,"1"
2207,1,1,4,175,48,7728,"2"
2208,1,1,2,35,60,20874,"4"
2209,1,1,2,45,68,22151,"4"
2210,0,1,2,45,53,21136,"4"
2211,0,1,3,45,57,20832,"4"
2212,0,1,2,35,53,19111,"4"
2213,1,1,2,35,76,8005,"4"
2214,1,1,2,35,32,20120,"4"
2215,1,1,4,35,39,7728,"4"
2216,1,1,3,120,58,21044,"4"
2217,0,1,5,175,42,20016,"4"
2218,0,1,1,35,45,20015,"4"
2219,1,1,2,130,61,22066,"2"
2220,1,1,1,35,75,21286,"4"
2221,0,1,2,35,62,8361,"4"
2222,1,1,1,110,49,20912,"2"
2223,0,1,5,35,63,21401,"4"
2224,1,1,4,35,62,8540,"4"
2225,1,1,2,90,65,20155,"4"
2226,0,1,1,120,57,20814,"4"
2227,1,1,2,50,58,8204,"4"
2228,0,1,5,50,46,21093,"4"
2229,1,1,3,35,34,8205,"4"
2230,0,1,2,35,53,8016,"4"
2231,0,1,4,40,62,8051,"4"
2232,0,1,1,35,67,21218,"4"
2233,1,1,3,35,44,20853,"4"
2234,1,1,3,35,62,19087,"4"
2235,1,1,5,35,47,8550,"4"
2236,1,1,7,35,53,20855,"4"
2237,1,1,4,35,70,22310,"4"
2238,1,1,4,35,45,19087,"4"
2239,0,1,2,35,57,20002,"4"
2240,0,1,2,50,78,21093,"4"
2241,1,1,4,60,62,8009,"4"
2242,1,0,2,35,43,22611,"2"
2243,0,1,1,35,80,19087,"4"
2244,1,1,7,60,44,21074,"4"
2245,1,1,5,35,39,19006,"4"
2246,0,1,4,35,53,8527,"4"
2247,1,1,5,45,48,8054,"4"
2248,0,1,3,35,64,19115,"4"
2249,1,1,1,40,83,8402,"4"
2250,1,1,3,175,47,7726,"2"
2251,1,1,2,70,44,20852,"4"
2252,1,1,2,35,69,20854,"4"
2253,1,1,1,65,79,20181,"4"
2254,0,1,4,35,58,21044,"4"
2255,1,1,2,125,43,20817,"2"
2256,1,1,3,130,52,23185,"2"
2257,0,1,1,35,47,22205,"4"
2258,0,1,3,65,34,21157,"4"
2259,0,1,1,35,45,21122,"4"
2260,1,1,2,50,52,19038,"4"
2261,1,1,2,35,22,20815,"4"
2262,1,1,2,165,70,20007,"2"
2263,1,1,2,35,63,7726,"4"
2264,1,0,2,90,31,21230,"2"
2265,1,1,6,35,45,21774,"4"
2266,0,1,3,75,53,20832,"4"
2267,1,1,2,35,67,19067,"4"
2268,0,1,4,35,47,19067,"4"
2269,1,1,4,65,39,21029,"4"
2270,0,1,3,35,35,8107,"4"
2271,1,1,2,45,60,20814,"4"
2272,0,1,5,60,48,21401,"4"
2273,1,1,3,45,75,19027,"4"
2274,0,1,1,35,42,22181,"4"
2275,1,1,1,35,36,23233,"4"
2276,1,1,1,40,79,8724,"4"
2277,1,1,2,105,59,20910,"4"
2278,1,1,2,35,36,19083,"4"
2279,1,1,5,175,49,19004,"2"
2280,1,1,2,50,51,21044,"4"
2281,0,1,3,95,88,20906,"4"
2282,1,1,2,35,49,19002,"4"
2283,0,1,1,45,49,8088,"4"
2284,0,1,1,65,50,8037,"4"
2285,1,1,5,45,71,21228,"4"
2286,1,1,4,35,53,19446,"4"
2287,1,1,2,175,62,22301,"2"
2288,0,1,4,175,49,20016,"4"
2289,1,1,1,35,60,20817,"4"
2290,0,1,1,35,72,18966,"4"
2291,1,1,3,175,46,20854,"2"
2292,0,1,2,115,48,21163,"4"
2293,1,1,3,75,60,20170,"4"
2294,1,0,1,35,83,20904,"2"
2295,1,1,4,80,52,8055,"4"
2296,1,1,2,35,87,8223,"4"
2297,0,1,2,85,56,21234,"4"
2298,0,1,6,55,52,21157,"4"
2299,0,1,2,65,54,21234,"4"
2300,1,1,2,35,57,21157,"4"
2301,0,1,3,35,55,21209,"4"
2302,0,1,2,35,64,20124,"4"
2303,1,1,3,120,45,22015,"4"
2304,1,1,1,65,43,21236,"4"
2305,1,1,2,35,85,20707,"4"
2306,0,1,2,35,77,8619,"4"
2307,0,1,3,160,36,8816,"4"
2308,1,1,3,65,52,21014,"4"
2309,1,1,3,35,62,19053,"4"
2310,0,1,1,35,48,21702,"4"
2311,0,1,2,35,66,8098,"4"
2312,1,1,3,35,56,21144,"4"
2313,1,1,4,150,53,22206,"2"
2314,1,1,5,35,59,21122,"4"
2315,1,1,2,35,86,22407,"4"
2316,1,1,3,60,62,22310,"4"
2317,0,1,2,85,42,20817,"4"
2318,1,1,2,165,78,22003,"2"
2319,0,1,1,35,54,21230,"4"
2320,0,1,3,35,77,21044,"4"
2321,0,1,2,55,46,22602,"4"
2322,0,0,1,35,41,20723,"1"
2323,0,1,2,35,52,22206,"4"
2324,1,1,2,85,59,20708,"4"
2325,0,1,4,110,44,20165,"4"
2326,1,1,5,55,38,24060,"4"
2327,1,1,4,45,59,8234,"4"
2328,1,1,2,35,46,21104,"4"
2329,1,1,3,175,55,21784,"2"
2330,0,1,3,35,66,20109,"4"
2331,0,1,1,55,53,20170,"4"
2332,0,1,1,90,43,21212,"4"
2333,0,1,1,35,65,23233,"4"
2334,0,1,2,35,44,8234,"4"
2335,1,1,2,60,40,22033,"4"
2336,1,1,3,35,71,20707,"4"
2337,1,1,2,35,64,20832,"4"
2338,0,1,4,65,40,8234,"4"
2339,1,1,2,100,42,21029,"4"
2340,0,1,3,35,70,20854,"4"
2341,0,1,3,35,56,19010,"4"
2342,1,1,4,90,36,21146,"4"
2343,0,1,1,35,43,8051,"4"
2344,1,1,2,175,58,8034,"2"
2345,1,1,6,165,48,21157,"4"
2346,1,1,2,35,61,22003,"4"
2347,0,1,6,35,38,22191,"4"
2348,0,1,4,45,29,20120,"4"
2349,1,1,2,35,55,8053,"4"
2350,1,1,4,175,65,19067,"2"
2351,1,1,3,105,48,20110,"4"
2352,0,1,3,65,61,21093,"4"
2353,0,1,3,50,43,8077,"4"
2354,0,1,5,35,63,20815,"4"
2355,1,1,1,35,41,23233,"4"
2356,1,1,3,35,58,20904,"4"
2357,1,1,2,35,44,22206,"4"
2358,1,1,2,135,70,21234,"2"
2359,1,1,3,60,66,20181,"4"
2360,1,1,4,35,74,21044,"4"
2361,1,1,2,35,54,21074,"4"
2362,1,1,2,175,72,21037,"2"
2363,1,1,1,90,81,22150,"4"
2364,1,1,2,35,59,8055,"4"
2365,1,1,5,130,69,23229,"4"
2366,0,1,3,35,36,8505,"4"
2367,0,1,2,175,48,22039,"4"
2368,1,1,1,45,61,22041,"4"
2369,0,1,2,35,33,8043,"4"
2370,0,1,1,35,46,19124,"4"
2371,0,1,1,50,47,22204,"4"
2372,0,1,2,35,78,19087,"4"
2373,1,1,4,40,68,8721,"4"
2374,0,1,2,35,46,8402,"4"
2375,1,1,4,175,61,21044,"2"
2376,1,1,2,95,39,8055,"4"
2377,1,1,2,35,73,24060,"4"
2378,1,1,4,90,50,19047,"4"
2379,0,1,4,40,50,19083,"4"
2380,0,1,3,65,54,8215,"4"
2381,0,1,1,140,60,22192,"4"
2382,0,1,1,35,85,8690,"4"
2383,1,1,1,65,55,8550,"4"
2384,1,1,3,175,51,23113,"2"
2385,1,0,5,125,40,22304,"2"
2386,1,1,4,175,40,24060,"2"
2387,0,1,3,35,41,8332,"4"
2388,1,1,3,35,46,8096,"4"
2389,0,1,2,85,71,23185,"4"
2390,0,1,4,115,47,22153,"4"
2391,1,1,4,80,44,8534,"4"
2392,1,1,1,55,44,20148,"4"
2393,0,1,1,175,54,8318,"4"
2394,1,1,3,35,70,22205,"4"
2395,1,1,5,50,54,8550,"4"
2396,0,1,1,35,64,21048,"4"
2397,1,1,4,35,56,20169,"4"
2398,1,0,1,35,56,22315,"2"
2399,0,1,3,175,64,22206,"4"
2400,0,1,1,35,78,19154,"4"
2401,0,1,1,35,78,20876,"4"
2402,0,1,2,35,52,8332,"4"
2403,0,1,3,35,38,18966,"4"
2404,1,1,4,45,60,22405,"4"
2405,1,0,1,35,27,22201,"2"
2406,0,1,4,35,39,21401,"4"
2407,1,1,7,85,47,8361,"4"
2408,1,1,3,55,53,22101,"4"
2409,1,1,4,170,72,20854,"2"
2410,0,1,5,40,64,8007,"4"
2411,1,1,4,70,55,22192,"4"
2412,0,1,3,50,49,20905,"4"
2413,1,1,1,55,54,22192,"4"
2414,1,1,2,35,85,19128,"4"
2415,1,1,4,35,61,8054,"4"
2416,1,1,5,65,46,21401,"4"
2417,0,1,3,175,75,22066,"4"
2418,1,0,3,35,54,19067,"2"
2419,1,1,6,155,50,20120,"4"
2420,1,1,3,35,46,20815,"4"
2421,1,1,6,35,39,21771,"4"
2422,1,1,2,35,62,22046,"4"
2423,0,1,2,35,68,8221,"4"
2424,0,1,3,175,54,22101,"4"
2425,1,1,4,35,42,22042,"4"
2426,0,1,2,40,57,8021,"4"
2427,1,0,2,35,55,8090,"2"
2428,0,1,3,45,33,8016,"4"
2429,1,1,4,35,63,21229,"4"
2430,0,1,2,40,69,8731,"4"
2431,0,1,2,65,80,19119,"4"
2432,1,1,4,35,47,20832,"4"
2433,1,1,7,35,51,20902,"4"
2434,1,1,2,35,38,20832,"4"
2435,0,1,3,95,56,22003,"4"
2436,1,1,5,35,56,22152,"4"
2437,1,1,5,60,58,20832,"4"
2438,0,1,3,65,45,8055,"4"
2439,0,1,1,45,41,21403,"4"
2440,0,1,2,35,58,19067,"4"
2441,0,1,1,35,77,21158,"4"
2442,1,1,3,45,50,21738,"4"
2443,0,1,5,35,55,21015,"4"
2444,1,1,3,35,35,21113,"4"
2445,1,0,1,45,59,8012,"2"
2446,0,1,1,140,45,20120,"4"
2447,1,1,5,175,57,20112,"2"
2448,1,1,3,55,45,20187,"4"
2449,1,1,4,55,47,20866,"4"
2450,1,1,5,35,40,21771,"4"
2451,1,1,3,90,47,21784,"4"
2452,1,1,7,110,46,22030,"4"
2453,1,1,1,175,44,19119,"2"
2454,1,1,1,70,54,18940,"4"
2455,0,1,5,115,43,20854,"4"
2456,1,1,2,110,67,22182,"4"
2457,1,1,4,170,47,8054,"2"
2458,0,1,3,175,40,23233,"4"
2459,1,1,2,55,64,21133,"4"
2460,0,0,1,35,61,20121,"1"
2461,0,0,2,35,42,21286,"1"
2462,0,1,4,70,54,21234,"4"
2463,0,1,5,35,81,21042,"4"
2464,1,1,2,175,63,21093,"2"
2465,0,1,2,80,45,8053,"4"
2466,0,1,3,35,58,21044,"4"
2467,1,1,2,35,72,8108,"4"
2468,1,1,1,85,52,8540,"4"
2469,0,1,1,35,55,20740,"4"
2470,0,1,2,35,34,22033,"4"
2471,1,1,4,80,45,20720,"4"
2472,1,1,4,35,79,21771,"4"
2473,0,1,4,55,55,20876,"4"
2474,1,0,1,35,80,22311,"2"
2475,0,1,5,40,51,20112,"4"
2476,0,1,2,35,68,18901,"4"
2477,1,1,2,35,32,22301,"4"
2478,0,1,1,35,58,21209,"4"
2479,1,1,2,35,59,21210,"4"
2480,1,0,1,35,38,20007,"2"
2481,0,1,3,35,43,20112,"4"
2482,0,0,1,35,50,21209,"1"
2483,1,0,1,35,42,19446,"2"
2484,1,1,1,75,46,8648,"4"
2485,1,0,3,35,59,21032,"2"
2486,0,1,3,35,64,20895,"4"
2487,1,1,3,35,55,8330,"4"
2488,0,1,2,35,65,20175,"4"
2489,1,1,3,135,52,21209,"2"
2490,1,1,1,35,73,21093,"4"
2491,1,1,4,35,71,21158,"4"
2492,0,1,1,45,71,22003,"4"
2493,0,1,4,50,43,22015,"4"
2494,0,1,3,35,46,21122,"4"
2495,1,1,5,35,45,20817,"4"
2496,0,1,1,75,86,22312,"4"
2497,1,1,2,65,65,18901,"4"
2498,0,1,1,120,54,22201,"4"
2499,0,1,2,35,49,23229,"4"
2500,1,1,4,175,50,22066,"2"
2501,0,1,1,35,78,20794,"4"
2502,1,1,3,45,63,22192,"4"
2503,1,1,2,35,53,21771,"4"
2504,1,1,4,35,43,21075,"4"
2505,0,1,1,90,83,21401,"4"
2506,0,1,1,35,80,22304,"4"
2507,1,1,2,140,51,8226,"2"
2508,1,1,4,70,43,8003,"4"
2509,0,1,5,175,47,22039,"4"
2510,1,1,3,35,57,23233,"4"
2511,1,1,5,105,48,21784,"4"
2512,0,1,2,175,56,20191,"4"
2513,1,1,4,35,62,19083,"4"
2514,1,1,4,75,56,19154,"4"
2515,1,1,6,105,36,21113,"4"
2516,1,1,2,105,51,22181,"4"
2517,1,1,2,160,68,22201,"2"
2518,1,1,3,35,54,8527,"4"
2519,1,1,4,35,44,7726,"4"
2520,1,1,2,70,38,8077,"4"
2521,1,1,3,35,47,22152,"4"
2522,1,1,4,175,43,21029,"2"
2523,0,0,1,100,52,21204,"1"
2524,1,1,1,35,85,22046,"4"
2525,1,1,1,135,49,23229,"2"
2526,0,0,1,35,50,21701,"1"
2527,1,1,2,95,46,8080,"4"
2528,0,1,2,55,67,20905,"4"
2529,1,1,2,35,50,22601,"4"
2530,0,1,3,60,42,18940,"4"
2531,0,1,2,35,67,19083,"4"
2532,1,1,2,55,47,8302,"4"
2533,1,1,5,150,49,19067,"4"
2534,1,1,3,175,44,22611,"2"
2535,1,1,1,80,46,22202,"4"
2536,0,1,1,175,47,8690,"4"
2537,0,1,2,35,58,23185,"4"
2538,1,1,3,50,61,20165,"4"
2539,1,1,2,175,65,21212,"2"
2540,1,1,4,35,68,20782,"4"
2541,0,1,2,35,79,19130,"4"
2542,1,1,2,35,64,22901,"4"
2543,1,1,2,35,40,8540,"4"
2544,0,1,4,35,61,8087,"4"
2545,0,1,3,55,50,22180,"4"
2546,0,1,3,35,70,22030,"4"
2547,1,1,2,125,48,21204,"2"
2548,1,1,2,110,64,8540,"4"
2549,1,1,5,110,54,21209,"4"
2550,1,1,2,35,45,8096,"4"
2551,1,1,4,105,47,21403,"4"
2552,1,1,3,85,59,22901,"4"
2553,0,0,2,35,74,8096,"1"
2554,1,1,1,35,73,8724,"4"
2555,1,1,3,35,59,19096,"4"
2556,0,1,1,85,80,19128,"4"
2557,1,1,3,155,57,21030,"2"
2558,0,1,2,35,61,21212,"4"
2559,0,1,1,35,52,8050,"4"
2560,1,1,2,150,38,22302,"2"
2561,1,1,3,175,53,20187,"2"
2562,1,0,1,35,69,8043,"2"
2563,0,1,3,35,46,24060,"4"
2564,1,1,2,175,41,21204,"2"
2565,0,1,1,35,44,22079,"4"
2566,1,1,3,65,44,8505,"4"
2567,1,1,1,70,73,22407,"4"
2568,0,1,4,35,52,8753,"4"
2569,1,1,4,140,53,8402,"4"
2570,0,1,1,35,58,22066,"4"
2571,1,1,2,70,81,8005,"4"
2572,1,1,3,105,44,22015,"4"
2573,1,1,3,175,61,21090,"2"
2574,0,1,1,175,47,8534,"4"
2575,1,1,1,35,75,20008,"4"
2576,1,1,4,35,37,22102,"4"
2577,0,1,1,35,35,22039,"4"
2578,0,1,2,35,75,8691,"4"
2579,1,1,4,35,57,22213,"4"
2580,1,1,4,35,50,19087,"4"
2581,1,1,2,115,67,22039,"2"
2582,1,1,3,95,43,20147,"4"
2583,1,1,4,35,60,22015,"4"
2584,0,0,2,35,86,19128,"1"
2585,0,1,1,115,62,21403,"4"
2586,1,1,1,175,57,22030,"2"
2587,1,1,2,175,62,20815,"2"
2588,1,1,2,45,52,21122,"4"
2589,0,1,2,35,33,21774,"4"
2590,1,1,4,50,60,8065,"4"
2591,1,1,1,60,79,22031,"4"
2592,0,1,3,60,49,21401,"4"
2593,1,1,4,125,57,8091,"4"
2594,0,1,2,35,77,21122,"4"
2595,1,1,2,130,55,22015,"2"
2596,0,1,5,35,63,21035,"4"
2597,1,1,3,35,45,21702,"4"
2598,0,1,1,35,53,21401,"4"
2599,1,1,2,35,44,8106,"4"
2600,1,1,4,35,53,21014,"4"
2601,0,1,1,75,74,19067,"4"
2602,1,1,1,35,46,20782,"4"
2603,1,1,8,35,50,20910,"4"
2604,1,1,2,35,30,8056,"4"
2605,1,1,2,40,68,20832,"4"
2606,1,0,1,60,35,8534,"2"
2607,1,1,2,35,50,20878,"4"
2608,1,1,1,35,63,8210,"4"
2609,1,1,1,35,52,22079,"4"
2610,0,1,5,115,65,8520,"4"
2611,1,1,1,35,51,21212,"4"
2612,1,1,1,35,53,20037,"4"
2613,1,1,4,85,52,20874,"4"
2614,0,1,2,35,76,19154,"4"
2615,1,1,2,95,56,19128,"4"
2616,0,1,2,175,50,22314,"4"
2617,1,1,2,45,78,8742,"4"
2618,0,1,2,35,33,20878,"4"
2619,1,1,1,70,38,20147,"4"
2620,0,1,1,35,43,23113,"4"
2621,0,1,2,60,56,22204,"4"
2622,1,1,2,35,87,21228,"4"
2623,1,1,1,175,77,8550,"2"
2624,0,1,4,35,51,20877,"4"
2625,1,1,1,35,84,20904,"4"
2626,0,1,2,175,48,20895,"4"
2627,1,1,3,80,63,19002,"4"
2628,1,1,3,35,64,22405,"4"
2629,0,1,5,125,49,21042,"4"
2630,0,1,2,125,61,21212,"4"
2631,1,1,3,35,60,22192,"4"
2632,1,1,4,35,45,22193,"4"
2633,1,1,3,35,61,22042,"4"
2634,0,1,1,75,47,8084,"4"
2635,1,1,2,50,56,8540,"4"
2636,1,1,3,35,48,8723,"4"
2637,1,1,5,35,49,8757,"4"
2638,1,1,4,35,55,19111,"4"
2639,1,1,4,130,50,20815,"4"
2640,0,1,4,95,44,20187,"4"
2641,0,1,3,55,44,20003,"4"
2642,1,1,4,35,52,20817,"4"
2643,1,1,1,65,30,20901,"4"
2644,1,1,2,50,78,8022,"4"
2645,0,1,3,60,62,21044,"4"
2646,1,1,3,175,59,19067,"2"
2647,1,1,2,100,59,20882,"4"
2648,1,1,2,35,79,8753,"4"
2649,0,1,1,35,50,22182,"4"
2650,1,1,2,35,62,22206,"4"
2651,1,1,2,35,84,8742,"4"
2652,0,1,5,35,49,20854,"4"
2653,0,1,3,35,34,20170,"4"
2654,1,1,5,35,55,20861,"4"
2655,1,1,5,120,47,20878,"4"
2656,0,1,2,35,48,22312,"4"
2657,1,1,4,60,69,21401,"4"
2658,1,0,2,40,56,21208,"2"
2659,1,1,4,110,40,21054,"4"
2660,1,1,2,95,34,20910,"4"
2661,1,1,3,95,49,8054,"4"
2662,1,1,2,150,50,21060,"2"
2663,0,1,3,35,60,7726,"4"
2664,0,1,3,105,39,7728,"4"
2665,1,1,4,60,63,22003,"4"
2666,1,1,1,60,51,21236,"4"
2667,0,1,2,35,71,22102,"4"
2668,0,1,4,35,52,20854,"4"
2669,1,1,5,115,46,21208,"4"
2670,1,1,1,90,54,21093,"4"
2671,0,1,2,40,79,8087,"4"
2672,1,1,5,75,60,8080,"4"
2673,0,1,2,35,58,20124,"4"
2674,1,1,2,35,70,19115,"4"
2675,1,1,3,100,59,22033,"4"
2676,0,1,1,35,43,20715,"4"
2677,1,1,2,145,63,21014,"2"
2678,1,1,2,35,81,21207,"4"
2679,1,1,2,65,63,22030,"4"
2680,1,1,3,35,57,20124,"4"
2681,0,1,2,35,69,21093,"4"
2682,1,1,3,175,75,22307,"2"
2683,0,1,4,35,55,20906,"4"
2684,1,1,6,155,57,20878,"4"
2685,0,1,3,110,56,20003,"4"
2686,0,0,2,70,83,22901,"1"
2687,1,1,1,40,80,22302,"4"
2688,1,1,4,35,50,21015,"4"
2689,0,1,2,60,48,21014,"4"
2690,1,1,2,40,43,20147,"4"
2691,0,1,3,175,61,21228,"4"
2692,1,1,4,35,58,21044,"4"
2693,1,1,4,70,62,21158,"4"
2694,0,1,3,65,71,20853,"4"
2695,0,1,4,50,63,22202,"4"
2696,1,1,2,120,85,22003,"2"
2697,1,1,5,35,51,22207,"4"
2698,1,1,2,65,38,8054,"4"
2699,1,1,2,130,65,21012,"2"
2700,1,1,3,35,49,19446,"4"
2701,1,1,1,35,35,20147,"4"
2702,1,1,3,60,47,8721,"4"
2703,1,1,2,80,63,21044,"4"
2704,0,1,5,175,58,8060,"4"
2705,0,1,4,80,50,7728,"4"
2706,0,1,2,35,44,21228,"4"
2707,1,1,5,60,56,8610,"4"
2708,1,1,3,175,57,23229,"2"
2709,0,1,2,35,58,20155,"4"
2710,1,1,2,155,64,22030,"2"
2711,1,1,3,75,63,20171,"4"
2712,0,1,1,35,32,22310,"4"
2713,0,1,1,50,90,21146,"4"
2714,0,1,2,175,45,20151,"4"
2715,0,1,1,35,63,23185,"4"
2716,1,1,3,35,56,8721,"4"
2717,0,1,4,35,43,8723,"4"
2718,1,1,4,70,55,20191,"4"
2719,1,1,3,35,72,8755,"4"
2720,0,0,2,35,84,21234,"1"
2721,1,0,4,135,46,20910,"2"
2722,0,1,3,120,63,22401,"4"
2723,0,1,2,65,41,20124,"4"
2724,0,1,3,35,77,8005,"4"
2725,1,1,2,40,36,19083,"4"
2726,1,1,2,35,90,20906,"4"
2727,1,1,4,80,53,20155,"4"
2728,0,1,3,35,66,8043,"4"
2729,0,1,2,45,53,20015,"4"
2730,1,1,5,175,68,18901,"2"
2731,1,1,3,100,73,21093,"4"
2732,1,1,3,50,51,8077,"4"
2733,1,1,4,35,54,21012,"4"
2734,0,1,2,35,44,20832,"4"
2735,0,1,2,35,40,19130,"4"
2736,0,1,3,75,56,21401,"4"
2737,1,1,5,35,64,22032,"4"
2738,0,1,5,45,34,21774,"4"
2739,1,1,3,55,38,7726,"4"
2740,1,1,2,35,40,20136,"4"
2741,0,1,4,170,65,21234,"4"
2742,1,1,5,125,39,21227,"4"
2743,1,1,2,105,46,22124,"4"
2744,1,0,2,80,37,21054,"2"
2745,0,1,1,35,36,18966,"4"
2746,1,1,3,40,62,20191,"4"
2747,1,1,6,35,46,21771,"4"
2748,0,1,4,35,64,22602,"4"
2749,0,1,4,100,59,22101,"4"
2750,1,1,1,35,46,8107,"4"
2751,1,1,2,35,62,21234,"4"
2752,0,1,3,35,62,22042,"4"
2753,1,1,3,65,54,18966,"4"
2754,1,1,2,35,62,8046,"4"
2755,1,1,6,35,36,24060,"4"
2756,0,1,4,35,61,8723,"4"
2757,1,1,3,35,52,19087,"4"
2758,1,1,2,105,55,20854,"4"
2759,0,0,1,90,36,20852,"1"
2760,1,1,6,100,43,8034,"4"
2761,1,1,4,175,48,21015,"2"
2762,1,1,4,160,58,8080,"2"
2763,0,0,1,35,50,22043,"1"
2764,1,1,3,35,43,8648,"4"
2765,1,1,4,35,55,8055,"4"
2766,0,1,3,45,49,20905,"4"
2767,1,1,3,35,50,20816,"4"
2768,1,1,3,55,56,22039,"4"
2769,1,1,2,65,51,8021,"4"
2770,0,1,3,35,62,8204,"4"
2771,1,1,1,45,33,19087,"4"
2772,0,1,1,70,58,8094,"4"
2773,1,1,1,45,34,21093,"4"
2774,1,1,4,65,57,19047,"4"
2775,0,1,3,100,63,18901,"4"
2776,1,1,4,35,42,22039,"4"
2777,1,1,2,85,61,22304,"4"
2778,0,1,1,35,63,8361,"4"
2779,1,1,3,45,46,18901,"4"
2780,1,1,2,85,45,8225,"4"
2781,0,1,2,175,57,19067,"4"
2782,0,1,5,45,54,21074,"4"
2783,0,1,2,35,47,8053,"4"
2784,1,1,3,55,65,20874,"4"
2785,1,1,2,35,52,22032,"4"
2786,1,1,2,35,49,8002,"4"
2787,0,1,4,35,49,19038,"4"
2788,1,1,6,45,52,8225,"4"
2789,1,1,3,35,42,8742,"4"
2790,1,0,1,45,55,18966,"2"
2791,1,1,4,125,57,20191,"4"
2792,1,1,3,35,34,21771,"4"
2793,0,1,2,35,79,8723,"4"
2794,1,1,5,95,45,21286,"4"
2795,0,1,3,35,55,20136,"4"
2796,1,1,4,35,66,22003,"4"
2797,1,1,4,45,67,8088,"4"
2798,1,1,1,165,54,22308,"2"
2799,1,1,5,35,43,21701,"4"
2800,1,1,3,80,66,21401,"4"
2801,1,1,5,35,50,20165,"4"
2802,0,1,3,35,56,21029,"4"
2803,0,1,3,35,49,22901,"4"
2804,1,1,5,130,49,8009,"4"
2805,1,1,2,85,51,20901,"4"
2806,1,1,2,35,45,8003,"4"
2807,0,1,3,85,59,22102,"4"
2808,1,1,2,75,70,21212,"4"
2809,0,1,1,35,67,20008,"4"
2810,1,1,3,70,60,7726,"4"
2811,1,1,4,35,45,19002,"4"
2812,1,1,2,45,77,22611,"4"
2813,1,1,4,130,51,18940,"4"
2814,1,1,3,175,45,21015,"2"
2815,0,1,2,35,37,22180,"4"
2816,1,1,2,35,75,8816,"4"
2817,1,1,3,115,37,20152,"4"
2818,1,1,4,35,54,21015,"4"
2819,0,1,1,175,75,21209,"4"
2820,1,1,4,105,43,18940,"4"
2821,1,1,2,105,53,19004,"4"
2822,0,1,2,35,42,21401,"4"
2823,0,1,4,35,47,21035,"4"
2824,0,1,4,35,61,8098,"4"
2825,1,1,3,65,47,20872,"4"
2826,0,1,2,35,77,20815,"4"
2827,0,1,1,90,48,22601,"4"
2828,0,1,3,35,39,22042,"4"
2829,1,1,4,35,50,21074,"4"
2830,1,1,4,90,42,20110,"4"
2831,1,1,2,40,66,8318,"4"
2832,1,1,3,35,84,8759,"4"
2833,1,1,4,60,56,8816,"4"
2834,1,1,1,35,42,22301,"4"
2835,1,1,1,35,60,19020,"4"
2836,1,1,3,90,77,21210,"4"
2837,1,1,3,35,32,20132,"4"
2838,1,1,4,175,76,22101,"2"
2839,1,1,8,175,41,22181,"4"
2840,1,1,3,75,60,22192,"4"
2841,0,1,1,65,83,20854,"4"
2842,0,1,5,35,47,8055,"4"
2843,1,1,2,40,57,7726,"4"
2844,0,1,1,35,41,20705,"4"
2845,1,1,5,115,50,20854,"4"
2846,1,1,2,35,62,22066,"4"
2847,0,1,3,175,49,20850,"4"
2848,1,1,2,35,69,19135,"4"
2849,1,1,2,40,56,21403,"4"
2850,0,1,2,60,58,21046,"4"
2851,0,1,2,35,75,8332,"4"
2852,0,1,2,100,80,8550,"4"
2853,1,1,3,35,46,20720,"4"
2854,0,1,2,35,76,8078,"4"
2855,0,1,4,175,49,21014,"4"
2856,1,1,3,35,46,8016,"4"
2857,1,1,3,65,68,20832,"4"
2858,1,1,3,60,46,7728,"4"
2859,1,1,3,80,39,20152,"4"
2860,0,1,3,55,66,22308,"4"
2861,1,1,2,85,46,19087,"4"
2862,1,1,3,40,55,19087,"4"
2863,0,1,2,35,59,8090,"4"
2864,0,1,2,45,76,8753,"4"
2865,0,1,4,35,61,20854,"4"
2866,1,0,1,175,57,8742,"2"
2867,0,1,1,35,41,22304,"4"
2868,0,1,1,40,33,22015,"4"
2869,1,1,4,35,58,20770,"4"
2870,0,1,3,95,64,22205,"4"
2871,0,1,2,75,82,20016,"4"
2872,1,1,4,175,56,7726,"2"
2873,1,1,2,35,63,8033,"4"
2874,1,1,3,35,58,20120,"4"
2875,1,1,3,35,66,22033,"4"
2876,1,1,2,175,56,19083,"2"
2877,0,1,2,55,32,19111,"4"
2878,1,1,7,60,44,21042,"4"
2879,1,1,6,70,40,8873,"4"
2880,0,1,1,35,58,19053,"4"
2881,0,1,4,50,58,8060,"4"
2882,1,1,3,70,44,22192,"4"
2883,1,0,1,45,41,20872,"2"
2884,0,1,1,35,58,8003,"4"
2885,0,1,4,90,72,20854,"4"
2886,1,1,2,175,64,22207,"2"
2887,1,1,3,175,55,23185,"2"
2888,1,1,3,45,62,21228,"4"
2889,1,1,3,70,54,21784,"4"
2890,0,1,1,75,56,22601,"4"
2891,0,1,3,130,54,21146,"4"
2892,0,1,1,100,44,21122,"4"
2893,1,1,4,130,42,21029,"4"
2894,1,1,3,55,41,21771,"4"
2895,1,1,6,35,54,8043,"4"
2896,1,1,2,85,58,20707,"4"
2897,1,1,5,35,59,22205,"4"
2898,1,1,3,85,56,21702,"4"
2899,0,1,1,120,47,18940,"4"
2900,1,0,2,75,75,8109,"2"
2901,1,1,6,75,47,18940,"4"
2902,0,1,4,35,38,20194,"4"
2903,0,1,2,35,67,21093,"4"
2904,0,1,1,50,69,20901,"4"
2905,1,1,3,35,68,20770,"4"
2906,1,1,4,175,59,22003,"2"
2907,1,1,3,35,70,8088,"4"
2908,0,1,1,60,79,22101,"4"
2909,0,1,1,90,65,19446,"4"
2910,0,1,1,75,81,19446,"4"
2911,0,1,1,35,68,21054,"4"
2912,0,1,4,90,62,8332,"4"
2913,1,1,5,35,49,8106,"4"
2914,1,1,4,40,53,21144,"4"
2915,0,1,6,35,56,20191,"4"
2916,1,1,4,35,49,8081,"4"
2917,1,1,5,75,54,22701,"4"
2918,1,1,5,35,52,22015,"4"
2919,1,1,2,135,72,22102,"2"
2920,1,1,4,35,63,19020,"4"
2921,1,1,2,35,85,20904,"4"
2922,0,1,6,110,67,8302,"4"
2923,1,1,3,130,64,21061,"2"
2924,0,1,2,35,33,20152,"4"
2925,1,1,2,40,57,8724,"4"
2926,1,1,2,155,67,22039,"2"
2927,0,1,5,50,44,18940,"4"
2928,1,0,1,35,40,22102,"2"
2929,0,1,2,35,48,8690,"4"
2930,0,1,2,115,41,22207,"4"
2931,1,1,2,35,84,20906,"4"
2932,0,1,2,35,58,23113,"4"
2933,0,1,1,35,86,21204,"4"
2934,0,1,1,35,85,19087,"4"
2935,0,1,1,40,40,21015,"4"
2936,1,1,6,40,60,8318,"4"
2937,1,1,4,35,47,8550,"4"
2938,0,1,5,95,56,21015,"4"
2939,0,1,3,35,71,8759,"4"
2940,1,1,2,35,51,8080,"4"
2941,1,1,1,35,44,8205,"4"
2942,1,1,3,35,53,22405,"4"
2943,1,1,4,35,56,19096,"4"
2944,0,1,1,35,24,21012,"4"
2945,1,1,3,145,52,20170,"2"
2946,1,1,4,80,52,22152,"4"
2947,0,1,2,35,67,19114,"4"
2948,1,0,1,35,37,21093,"2"
2949,1,1,2,35,43,8021,"4"
2950,1,1,2,35,75,18940,"4"
2951,0,1,2,35,35,22193,"4"
2952,1,1,2,65,49,20910,"4"
2953,0,1,6,175,64,21784,"4"
2954,1,1,2,55,34,21236,"4"
2955,1,1,5,170,48,8691,"2"
2956,1,1,5,150,50,20904,"4"
2957,1,1,5,175,46,8691,"2"
2958,1,1,3,35,34,20876,"4"
2959,1,1,2,105,54,22039,"4"
2960,0,1,3,175,52,20744,"4"
2961,1,1,2,35,42,21701,"4"
2962,0,0,1,35,43,22046,"1"
2963,1,1,3,35,58,20112,"4"
2964,1,1,5,35,50,22204,"4"
2965,1,1,2,35,39,8107,"4"
2966,1,1,3,130,61,23229,"2"
2967,1,1,3,35,45,18966,"4"
2968,0,1,5,35,50,8085,"4"
2969,1,1,3,35,56,8057,"4"
2970,1,1,4,35,54,18966,"4"
2971,1,1,3,70,67,20165,"4"
2972,1,1,3,35,68,8088,"4"
2973,1,1,3,35,68,21797,"4"
2974,0,1,1,100,69,21403,"4"
2975,1,1,1,175,57,22066,"2"
2976,1,1,3,175,64,20191,"2"
2977,0,1,2,35,67,8060,"4"
2978,1,1,3,80,61,20817,"4"
2979,0,1,1,85,78,19047,"4"
2980,1,1,2,45,37,21029,"4"
2981,0,1,3,35,35,20882,"4"
2982,0,1,1,35,87,20817,"4"
2983,1,1,6,85,48,8540,"4"
2984,1,1,1,55,47,20740,"4"
2985,1,0,2,125,44,20180,"2"
2986,1,1,2,145,42,21401,"2"
2987,1,1,3,175,58,20850,"2"
2988,0,1,6,130,50,19002,"4"
2989,0,1,2,45,28,20705,"4"
2990,1,1,4,90,50,20705,"4"
2991,0,1,4,40,57,19114,"4"
2992,1,1,3,60,53,19114,"4"
2993,1,0,3,45,33,18901,"2"
2994,1,1,3,35,71,19111,"4"
2995,1,1,1,35,69,20783,"4"
2996,1,1,3,100,65,20147,"4"
2997,1,1,2,175,57,8724,"2"
2998,1,1,3,35,62,23233,"4"
2999,0,1,3,75,53,21117,"4"
3000,0,1,2,35,61,20817,"4"
3001,0,1,5,115,66,20180,"4"
3002,0,1,4,65,59,19083,"4"
3003,1,1,3,35,29,21074,"4"
3004,1,1,3,35,46,21228,"4"
3005,0,1,2,35,36,8003,"4"
3006,0,1,1,125,43,21042,"4"
3007,1,1,4,35,48,8226,"4"
3008,1,1,1,35,48,22901,"4"
3009,1,1,2,35,50,21157,"4"
3010,1,1,4,135,38,20815,"4"
3011,1,1,4,35,51,22309,"4"
3012,1,1,1,140,70,8221,"2"
3013,0,1,3,115,45,21228,"4"
3014,0,0,1,35,55,22193,"1"
3015,1,1,4,70,35,8201,"4"
3016,1,1,4,50,49,20874,"4"
3017,1,1,3,170,78,19002,"2"
3018,1,1,1,45,53,21230,"4"
3019,0,1,1,35,58,20120,"4"
3020,0,1,3,110,49,22206,"4"
3021,1,1,2,35,68,19002,"4"
3022,1,1,4,35,44,20814,"4"
3023,1,1,2,175,64,20906,"2"
3024,1,1,4,70,60,21042,"4"
3025,1,1,2,90,63,20817,"4"
3026,1,1,2,35,70,8048,"4"
3027,1,1,2,60,52,20016,"4"
3028,1,1,2,35,78,8031,"4"
3029,1,1,2,70,51,20132,"4"
3030,1,1,2,70,31,22602,"4"
3031,0,1,1,35,36,20777,"4"
3032,1,1,3,50,64,8759,"4"
3033,0,1,2,90,64,22033,"4"
3034,0,1,2,130,63,20190,"4"
3035,0,1,3,35,74,19111,"4"
3036,1,1,6,75,36,20136,"4"
3037,0,1,2,175,53,22554,"4"
3038,1,1,4,175,49,8055,"2"
3039,0,1,3,175,58,18966,"4"
3040,0,1,3,110,46,20720,"4"
3041,1,1,1,115,42,22030,"2"
3042,1,1,5,175,38,7728,"2"
3043,1,1,2,35,58,8527,"4"
3044,1,1,2,75,50,21774,"4"
3045,1,1,3,35,67,22015,"4"
3046,1,1,4,60,52,20852,"4"
3047,1,1,3,35,39,19006,"4"
3048,1,1,4,60,58,19038,"4"
3049,0,1,1,55,51,23229,"4"
3050,0,1,4,175,46,8062,"4"
3051,1,1,5,35,41,20723,"4"
3052,0,1,3,35,52,20770,"4"
3053,1,1,2,85,57,21144,"4"
3054,1,1,4,35,76,8873,"4"
3055,1,1,5,55,54,20814,"4"
3056,0,1,4,40,58,22042,"4"
3057,1,1,2,175,58,20854,"2"
3058,0,1,3,35,58,22152,"4"
3059,1,1,3,35,44,21104,"4"
3060,1,1,3,175,49,19067,"2"
3061,1,1,1,90,67,21044,"4"
3062,1,1,3,35,53,8057,"4"
3063,1,1,3,35,46,20832,"4"
3064,1,1,2,175,47,20187,"2"
3065,1,1,4,50,55,7728,"4"
3066,0,1,3,35,63,22192,"4"
3067,0,1,3,130,50,22015,"4"
3068,1,1,6,60,41,19087,"4"
3069,1,1,1,60,76,22308,"4"
3070,0,1,1,35,85,8759,"4"
3071,0,1,4,35,67,20882,"4"
3072,1,1,5,45,42,21044,"4"
3073,1,1,4,40,44,22193,"4"
3074,0,1,3,85,57,8088,"4"
3075,0,1,4,100,58,21131,"4"
3076,1,1,2,35,45,22405,"4"
3077,1,1,2,35,54,19116,"4"
3078,1,0,2,35,32,21228,"2"
3079,1,1,4,35,48,21784,"4"
3080,1,1,5,70,68,20155,"4"
3081,0,1,2,80,54,8060,"4"
3082,1,1,6,35,47,20910,"4"
3083,0,1,1,40,55,20852,"4"
3084,1,1,5,50,59,21401,"4"
3085,0,0,1,50,35,8648,"1"
3086,1,1,1,110,53,19128,"2"
3087,0,1,1,110,47,22312,"4"
3088,1,1,3,40,43,22901,"4"
3089,1,1,6,35,57,21774,"4"
3090,1,1,4,100,61,19067,"4"
3091,1,1,5,60,41,23233,"4"
3092,1,1,4,35,46,8520,"4"
3093,0,1,2,35,60,20136,"4"
3094,1,0,5,35,41,22901,"2"
3095,0,1,2,105,52,8054,"4"
3096,0,1,2,175,74,22066,"4"
3097,1,1,6,40,35,20877,"4"
3098,1,1,3,50,46,22192,"4"
3099,1,1,4,120,57,22180,"4"
3100,1,1,1,35,50,21210,"4"
3101,0,1,3,35,42,21014,"4"
3102,1,0,1,35,43,20755,"2"
3103,0,1,2,45,51,20015,"4"
3104,0,1,4,35,42,21208,"4"
3105,0,1,1,35,85,21234,"4"
3106,1,1,3,135,41,18940,"2"
3107,1,1,2,35,79,21234,"4"
3108,0,1,2,60,72,22306,"4"
3109,1,1,2,80,59,8003,"4"
3110,1,1,2,35,57,20165,"4"
3111,0,1,5,35,58,8046,"4"
3112,1,1,3,70,60,20879,"4"
3113,1,1,3,80,67,8406,"4"
3114,1,1,2,55,59,8723,"4"
3115,1,1,2,35,47,20853,"4"
3116,1,1,6,35,55,20854,"4"
3117,1,1,4,170,50,19067,"2"
3118,0,1,1,40,58,19147,"4"
3119,0,1,3,70,76,21030,"4"
3120,1,1,1,45,62,21210,"4"
3121,0,1,4,35,57,18966,"4"
3122,1,1,5,35,79,20815,"4"
3123,1,1,5,35,41,23233,"4"
3124,1,1,4,140,62,18940,"4"
3125,1,1,1,35,41,23233,"4"
3126,1,1,3,175,54,8816,"2"
3127,0,1,3,175,49,20874,"4"
3128,0,1,3,75,57,20147,"4"
3129,0,1,4,40,48,20817,"4"
3130,1,0,1,35,36,22206,"2"
3131,1,1,1,70,65,21117,"4"
3132,1,1,3,105,75,20171,"4"
3133,0,1,5,40,67,21286,"4"
3134,1,1,2,95,43,22124,"4"
3135,1,0,1,50,50,8361,"2"
3136,1,1,2,175,54,20170,"2"
3137,1,1,3,35,48,19067,"4"
3138,1,1,1,135,41,20171,"2"
3139,0,1,5,90,57,20720,"4"
3140,1,1,3,35,33,21784,"4"
3141,1,1,4,75,67,22046,"4"
3142,1,1,3,45,50,8043,"4"
3143,1,1,4,50,40,22030,"4"
3144,1,1,5,50,52,21784,"4"
3145,1,1,2,75,73,20904,"4"
3146,1,1,2,35,57,8048,"4"
3147,1,1,4,55,63,22066,"4"
3148,0,1,2,35,48,22901,"4"
3149,0,1,3,75,57,22204,"4"
3150,1,1,3,110,64,8619,"4"
3151,1,1,2,35,32,20175,"4"
3152,0,0,5,55,52,21114,"1"
3153,1,1,2,70,66,22041,"4"
3154,1,1,4,35,53,20854,"4"
3155,1,1,2,35,63,8527,"4"
3156,0,1,3,35,51,21228,"4"
3157,1,1,4,130,43,8520,"4"
3158,0,1,2,50,57,22201,"4"
3159,0,1,3,35,63,21212,"4"
3160,0,1,2,35,76,8226,"4"
3161,0,0,3,35,42,8068,"1"
3162,1,1,1,35,49,20715,"4"
3163,0,1,4,35,46,18901,"4"
3164,1,1,3,40,53,22042,"4"
3165,1,1,3,35,43,8816,"4"
3166,1,1,2,35,60,8318,"4"
3167,1,1,3,35,73,23229,"4"
3168,1,1,4,175,58,22101,"2"
3169,1,1,3,55,39,8068,"4"
3170,1,1,1,35,55,22043,"4"
3171,1,1,1,100,73,8540,"2"
3172,1,1,2,135,63,22205,"2"
3173,1,1,2,175,69,21218,"2"
3174,0,1,3,175,63,22308,"4"
3175,0,1,2,65,38,21030,"4"
3176,1,1,3,70,76,20901,"4"
3177,1,1,3,130,52,8033,"2"
3178,0,1,2,65,60,20854,"4"
3179,1,1,3,35,46,8628,"4"
3180,0,1,3,90,60,19067,"4"
3181,0,1,2,70,49,21230,"4"
3182,0,1,2,35,50,20175,"4"
3183,0,1,4,35,50,22030,"4"
3184,1,1,1,95,54,22314,"2"
3185,1,1,3,35,74,19106,"4"
3186,1,0,1,35,63,8087,"2"
3187,0,1,2,175,57,21044,"4"
3188,1,1,4,35,51,8077,"4"
3189,0,0,1,85,80,22901,"1"
3190,0,0,1,35,59,8690,"1"
3191,1,0,2,35,35,8036,"2"
3192,1,1,2,175,38,22044,"2"
3193,0,0,1,35,49,8520,"1"
3194,1,1,4,170,54,8055,"2"
3195,1,1,4,35,56,19114,"4"
3196,1,1,4,35,52,21144,"4"
3197,1,1,3,140,49,20191,"2"
3198,0,1,3,35,70,20854,"4"
3199,0,1,3,85,62,21236,"4"
3200,0,1,1,90,75,8205,"4"
3201,1,1,2,115,38,22003,"2"
3202,0,1,4,35,36,20147,"4"
3203,1,1,3,85,44,22066,"4"
3204,1,1,5,35,35,21158,"4"
3205,1,1,7,35,38,19067,"4"
3206,0,1,7,135,38,21136,"4"
3207,0,1,2,45,57,22405,"4"
3208,1,1,2,35,35,23233,"4"
3209,1,1,3,50,38,8003,"4"
3210,1,0,1,35,43,20910,"2"
3211,1,1,5,35,57,20818,"4"
3212,1,1,3,40,77,20705,"4"
3213,0,1,5,175,49,20197,"4"
3214,0,1,2,110,60,20814,"4"
3215,0,0,1,35,37,22302,"1"
3216,0,1,1,35,78,21146,"4"
3217,0,1,2,130,51,8210,"4"
3218,0,0,1,105,57,20850,"1"
3219,0,1,6,40,67,21701,"4"
3220,1,1,2,175,51,22124,"2"
3221,0,1,2,45,28,21075,"4"
3222,1,1,2,35,63,22308,"4"
3223,0,1,4,55,66,21037,"4"
3224,0,1,2,35,54,8007,"4"
3225,1,1,4,35,45,8724,"4"
3226,1,1,4,35,42,8055,"4"
3227,1,1,7,35,45,21157,"4"
3228,1,1,4,100,43,23233,"4"
3229,0,1,5,35,51,22015,"4"
3230,1,1,4,90,39,21036,"4"
3231,1,1,4,45,60,20164,"4"
3232,1,1,5,60,66,22153,"4"
3233,0,1,2,140,46,21046,"4"
3234,1,1,2,70,50,19119,"4"
3235,1,1,1,90,37,8234,"4"
3236,1,1,2,135,48,23113,"2"
3237,1,1,1,35,48,20901,"4"
3238,1,1,5,70,61,23233,"4"
3239,1,1,2,55,46,21210,"4"
3240,1,1,2,35,46,7728,"4"
3241,1,1,4,35,46,22042,"4"
3242,1,1,2,165,77,21212,"2"
3243,1,1,3,40,75,19002,"4"
3244,0,1,1,35,80,22901,"4"
3245,1,1,4,35,59,21113,"4"
3246,1,0,1,35,78,21403,"2"
3247,0,1,3,40,53,22554,"4"
3248,0,1,5,55,56,19006,"4"
3249,0,1,2,35,59,21771,"4"
3250,1,1,3,175,41,18901,"2"
3251,0,1,1,115,62,8721,"4"
3252,1,1,3,70,54,21212,"4"
3253,0,1,6,75,66,8723,"4"
3254,1,1,2,35,55,8080,"4"
3255,0,1,2,155,50,21212,"4"
3256,0,1,1,65,39,20003,"4"
3257,1,0,4,35,45,8075,"2"
3258,1,0,4,35,44,21048,"2"
3259,1,1,5,35,58,20833,"4"
3260,1,1,1,105,56,20715,"2"
3261,1,1,2,35,62,19096,"4"
3262,1,1,5,75,54,22043,"4"
3263,1,1,2,105,76,8077,"4"
3264,0,1,3,120,36,23229,"4"
3265,1,1,4,150,58,8055,"2"
3266,1,1,3,35,50,19020,"4"
3267,1,0,2,35,71,23185,"2"
3268,1,1,2,95,61,20007,"4"
3269,1,1,3,55,58,18940,"4"
3270,0,1,1,90,61,20175,"4"
3271,1,1,2,35,42,8077,"4"
3272,0,0,2,175,80,20112,"1"
3273,0,1,2,35,61,19067,"4"
3274,0,1,4,35,44,22205,"4"
3275,0,1,4,45,61,8816,"4"
3276,1,1,1,70,51,22015,"4"
3277,0,1,2,35,60,20724,"4"
3278,0,1,3,75,52,20833,"4"
3279,0,1,1,35,54,19114,"4"
3280,1,1,5,35,42,20176,"4"
3281,0,0,2,100,80,22903,"1"
3282,0,0,2,175,35,22046,"1"
3283,1,1,2,110,64,20814,"4"
3284,0,0,1,35,36,8648,"1"
3285,0,1,4,175,55,20007,"4"
3286,0,1,2,35,47,20817,"4"
3287,1,1,2,175,45,21208,"2"
3288,0,1,3,35,48,8054,"4"
3289,0,1,3,80,50,23233,"4"
3290,0,1,2,45,45,8037,"4"
3291,0,0,2,120,47,19067,"1"
3292,0,1,4,35,33,22314,"4"
3293,1,1,5,100,39,20152,"4"
3294,1,1,2,35,47,22204,"4"
3295,1,1,7,50,55,22152,"4"
3296,0,1,2,105,34,22003,"4"
3297,1,1,2,90,46,22314,"4"
3298,1,1,2,35,79,22207,"4"
3299,1,1,2,55,63,8065,"4"
3300,0,1,1,35,51,19083,"4"
3301,1,1,3,35,45,21046,"4"
3302,1,1,3,35,40,21030,"4"
3303,1,1,2,35,59,21784,"4"
3304,0,1,2,130,62,21212,"4"
3305,1,1,3,80,55,20878,"4"
3306,1,1,4,65,50,22066,"4"
3307,0,1,2,130,80,20906,"4"
3308,0,1,4,40,71,19006,"4"
3309,0,1,1,35,63,21048,"4"
3310,0,1,5,35,53,19002,"4"
3311,1,1,2,60,68,21157,"4"
3312,1,1,3,35,80,18901,"4"
3313,1,1,4,60,44,21117,"4"
3314,0,0,1,35,27,20170,"1"
3315,1,1,1,35,58,20191,"4"
3316,0,1,2,35,34,8003,"4"
3317,0,1,3,70,60,20191,"4"
3318,1,1,4,35,49,21146,"4"
3319,1,1,2,35,38,20901,"4"
3320,1,1,2,65,45,19128,"4"
3321,1,1,2,115,72,21042,"2"
3322,1,1,1,35,45,20187,"4"
3323,1,1,4,35,43,8088,"4"
3324,1,1,2,175,59,20110,"2"
3325,1,0,3,35,42,22046,"2"
3326,1,1,1,50,60,21044,"4"
3327,1,1,3,175,45,23229,"2"
3328,0,1,3,105,56,22003,"4"
3329,0,1,3,35,44,21060,"4"
3330,0,0,1,35,36,22201,"1"
3331,0,0,1,35,34,22201,"1"
3332,1,1,2,175,53,22315,"2"
3333,0,1,2,80,49,22101,"4"
3334,1,1,4,130,50,21122,"4"
3335,0,1,2,35,57,8022,"4"
3336,1,1,3,135,39,20191,"2"
3337,0,0,3,90,35,20132,"1"
3338,0,1,1,80,48,19006,"4"
3339,1,1,3,165,52,8080,"2"
3340,0,1,3,60,37,20152,"4"
3341,1,0,4,115,41,22015,"2"
3342,0,1,4,35,36,8036,"4"
3343,1,1,3,35,56,21042,"4"
3344,1,1,3,35,54,22204,"4"
3345,1,1,3,175,63,22039,"2"
3346,0,1,5,35,52,21093,"4"
3347,1,1,2,35,46,8215,"4"
3348,1,1,3,175,54,8055,"2"
3349,1,1,4,35,73,8723,"4"
3350,1,1,2,175,54,21158,"2"
3351,0,1,2,35,47,8009,"4"
3352,1,1,3,150,80,8053,"2"
3353,0,1,3,120,55,22044,"4"
3354,0,1,1,40,52,22407,"4"
3355,1,0,2,45,77,21286,"2"
3356,0,1,2,35,33,22301,"4"
3357,1,1,2,175,72,23185,"2"
3358,0,1,1,35,44,22203,"4"
3359,1,1,2,95,70,19010,"4"
3360,1,1,4,75,65,22201,"4"
3361,0,1,5,90,53,22314,"4"
3362,1,1,4,105,44,19002,"4"
3363,0,1,4,35,42,8060,"4"
3364,1,1,2,35,69,21015,"4"
3365,0,1,1,50,35,8002,"4"
3366,1,1,3,75,58,20855,"4"
3367,1,0,1,35,31,22204,"2"
3368,0,1,4,135,79,18901,"4"
3369,1,1,4,130,59,20879,"4"
3370,1,1,1,175,46,20180,"2"
3371,1,0,1,35,61,22901,"2"
3372,0,1,3,60,66,21029,"4"
3373,1,1,4,45,43,21163,"4"
3374,1,1,1,35,39,22180,"4"
3375,1,1,4,35,39,8053,"4"
3376,1,1,4,35,41,8724,"4"
3377,1,1,4,35,55,8690,"4"
3378,1,1,2,35,59,8046,"4"
3379,0,1,3,140,60,20759,"4"
3380,1,0,3,35,45,8360,"2"
3381,0,1,4,35,46,22202,"4"
3382,1,1,3,95,31,20817,"4"
3383,0,1,2,80,33,21157,"4"
3384,1,1,5,100,47,21236,"4"
3385,1,1,3,35,60,20120,"4"
3386,1,1,1,35,49,19067,"4"
3387,1,1,4,35,44,19083,"4"
3388,1,1,2,175,49,18901,"2"
3389,1,1,3,35,43,21286,"4"
3390,1,1,4,50,59,19038,"4"
3391,1,1,1,35,79,20814,"4"
3392,1,1,3,175,56,20815,"2"
3393,1,1,2,175,47,21093,"2"
3394,0,1,1,35,48,21158,"4"
3395,1,0,1,45,28,22903,"2"
3396,1,1,1,35,78,8060,"4"
3397,1,1,6,110,46,8210,"4"
3398,1,1,2,35,40,22310,"4"
3399,0,1,4,110,45,8003,"4"
3400,1,1,3,85,56,8873,"4"
3401,1,1,3,175,44,21042,"2"
3402,1,1,6,35,69,18901,"4"
3403,0,1,3,130,80,20007,"4"
3404,1,1,2,35,36,20165,"4"
3405,1,1,2,45,45,22124,"4"
3406,1,1,3,35,53,23229,"4"
3407,0,1,2,115,58,22314,"4"
3408,0,1,1,145,47,23233,"4"
3409,1,1,3,155,35,18940,"2"
3410,1,1,3,50,58,20015,"4"
3411,0,1,5,65,38,22630,"4"
3412,1,1,3,35,55,20008,"4"
3413,1,1,2,35,52,20817,"4"
3414,0,1,1,35,63,20009,"4"
3415,0,1,2,40,87,22205,"4"
3416,0,0,1,75,42,20191,"1"
3417,0,1,1,105,90,21210,"4"
3418,1,1,3,35,57,20176,"4"
3419,1,1,3,120,54,22314,"4"
3420,0,1,4,35,43,20832,"4"
3421,0,1,2,160,42,22026,"4"
3422,1,1,4,105,72,20882,"4"
3423,1,1,6,80,43,22153,"4"
3424,1,1,3,50,38,8060,"4"
3425,1,1,2,90,54,21054,"4"
3426,1,1,1,90,56,22903,"4"
3427,1,1,3,70,66,20008,"4"
3428,1,1,2,70,55,8648,"4"
3429,0,1,3,35,69,20906,"4"
3430,0,1,3,65,46,19446,"4"
3431,0,1,5,35,63,21738,"4"
3432,0,1,2,175,51,22207,"4"
3433,1,1,5,35,45,8648,"4"
3434,1,1,2,35,52,20164,"4"
3435,1,1,3,100,48,21029,"4"
3436,1,1,3,35,36,22911,"4"
3437,1,1,2,175,55,20833,"2"
3438,0,1,2,80,79,22180,"4"
3439,0,1,3,35,85,19053,"4"
3440,1,1,3,140,60,21146,"2"
3441,1,1,3,55,63,20817,"4"
3442,1,1,2,70,60,20850,"4"
3443,0,1,4,40,53,8550,"4"
3444,0,1,1,35,61,22201,"4"
3445,1,1,3,80,53,21401,"4"
3446,1,1,1,120,52,20016,"2"
3447,0,1,2,40,70,8055,"4"
3448,1,1,4,35,45,20833,"4"
3449,1,1,2,35,61,21015,"4"
3450,1,1,3,35,58,20016,"4"
3451,0,1,2,35,47,20740,"4"
3452,1,1,2,145,45,22102,"2"
3453,1,1,5,175,52,19053,"2"
3454,0,1,3,40,58,8610,"4"
3455,1,1,2,45,38,8540,"4"
3456,0,1,3,45,47,8724,"4"
3457,1,1,3,80,41,20191,"4"
3458,0,1,3,155,53,21015,"4"
3459,1,1,1,145,42,20191,"2"
3460,1,1,4,100,44,21093,"4"
3461,1,1,4,175,40,8648,"2"
3462,0,1,2,35,42,21208,"4"
3463,1,1,2,55,56,8052,"4"
3464,1,1,4,80,52,8648,"4"
3465,0,0,1,40,87,21228,"1"
3466,0,1,3,175,42,20112,"4"
3467,1,1,2,175,50,8034,"2"
3468,1,1,3,35,61,23233,"4"
3469,0,1,2,100,47,20854,"4"
3470,1,1,3,35,56,20164,"4"
3471,1,1,4,35,47,20170,"4"
3472,1,1,5,35,46,21244,"4"
3473,1,1,1,105,53,20165,"2"
3474,0,1,1,175,50,18940,"4"
3475,1,1,2,35,58,8753,"4"
3476,1,1,2,45,80,22101,"4"
3477,1,0,1,35,62,8527,"2"
3478,1,1,4,40,47,21234,"4"
3479,1,1,3,35,35,22903,"4"
3480,1,1,6,35,48,8054,"4"
3481,1,1,3,135,63,8534,"2"
3482,0,0,2,175,55,19103,"1"
3483,0,1,2,45,59,21042,"4"
3484,1,1,4,55,44,8210,"4"
3485,1,1,3,95,53,22015,"4"
3486,1,1,5,40,40,19083,"4"
3487,0,1,1,85,59,22192,"4"
3488,1,1,3,75,63,18901,"4"
3489,0,1,5,35,42,8620,"4"
3490,0,1,1,40,87,20782,"4"
3491,1,1,6,160,53,20906,"4"
3492,0,0,1,35,87,22701,"1"
3493,0,1,4,55,55,21209,"4"
3494,0,1,1,35,34,20007,"4"
3495,1,1,2,120,85,8753,"2"
3496,1,1,2,35,52,22201,"4"
3497,0,1,1,40,43,21401,"4"
3498,1,1,2,35,58,20715,"4"
3499,1,1,3,35,54,21144,"4"
3500,1,1,4,125,42,21117,"4"
3501,1,1,3,145,51,8330,"2"
3502,1,1,3,35,61,19046,"4"
3503,0,1,1,70,75,8332,"4"
3504,1,1,1,35,69,8054,"4"
3505,0,1,2,60,44,21114,"4"
3506,0,1,3,50,35,8016,"4"
3507,1,1,3,35,53,8075,"4"
3508,0,1,4,35,49,19087,"4"
3509,0,1,4,90,72,20744,"4"
3510,0,0,1,45,87,8540,"1"
3511,0,1,3,35,41,22310,"4"
3512,1,1,4,35,77,21701,"4"
3513,0,1,1,50,49,22901,"4"
3514,0,1,2,95,39,21122,"4"
3515,0,1,2,50,88,22901,"4"
3516,1,1,5,35,50,22901,"4"
3517,1,1,2,45,78,8221,"4"
3518,1,0,5,70,71,21784,"2"
3519,1,0,3,75,41,20008,"2"
3520,0,1,1,35,76,20016,"4"
3521,1,1,3,65,52,20723,"4"
3522,1,1,2,80,85,22102,"4"
3523,1,1,4,135,50,22152,"4"
3524,0,1,3,35,40,22180,"4"
3525,1,1,3,140,41,21076,"2"
3526,1,1,3,35,59,23185,"4"
3527,1,1,2,95,78,18901,"4"
3528,1,1,3,175,51,22003,"2"
3529,1,1,2,50,30,20850,"4"
3530,0,1,3,35,61,8873,"4"
3531,1,1,3,35,64,22101,"4"
3532,0,1,4,35,59,20723,"4"
3533,1,1,3,35,62,8619,"4"
3534,1,1,3,35,62,20854,"4"
3535,0,1,3,35,44,21114,"4"
3536,0,1,2,35,80,19130,"4"
3537,1,1,5,70,53,22181,"4"
3538,0,1,2,35,54,19002,"4"
3539,0,1,3,100,46,21030,"4"
3540,1,1,2,35,34,23233,"4"
3541,1,1,2,45,62,19067,"4"
3542,1,1,2,35,78,8757,"4"
3543,1,1,4,35,65,22205,"4"
3544,1,1,2,35,46,8060,"4"
3545,1,1,4,35,38,20175,"4"
3546,1,1,6,35,29,8050,"4"
3547,0,1,3,70,48,19046,"4"
3548,1,1,2,35,46,20191,"4"
3549,1,1,3,35,52,21014,"4"
3550,0,0,1,35,77,22901,"1"
3551,0,1,4,100,38,8619,"4"
3552,1,1,5,175,43,8648,"2"
3553,0,1,2,65,50,22312,"4"
3554,1,1,6,35,44,21236,"4"
3555,1,1,2,35,85,22315,"4"
3556,0,1,2,35,51,20715,"4"
3557,1,1,1,70,60,20147,"4"
3558,0,1,2,35,46,8360,"4"
3559,1,1,2,35,49,23229,"4"
3560,1,1,1,175,70,22003,"2"
3561,0,1,3,35,34,8009,"4"
3562,0,1,4,105,42,22407,"4"
3563,1,1,1,70,75,22407,"4"
3564,1,1,1,35,46,19147,"4"
3565,1,1,3,35,76,20906,"4"
3566,1,1,2,155,52,19010,"2"
3567,1,1,1,35,54,20850,"4"
3568,1,1,2,35,25,8086,"4"
3569,1,1,4,40,67,21702,"4"
3570,0,1,5,40,58,8721,"4"
3571,1,1,5,35,57,21046,"4"
3572,1,1,1,35,54,22182,"4"
3573,0,1,2,35,56,8648,"4"
3574,1,1,1,70,60,22201,"4"
3575,1,1,3,170,70,20171,"2"
3576,1,1,2,170,43,19083,"2"
3577,1,1,1,35,50,21401,"4"
3578,0,1,3,35,48,8053,"4"
3579,1,1,2,35,53,18901,"4"
3580,1,1,3,35,62,22101,"4"
3581,0,1,4,35,56,8057,"4"
3582,0,1,2,35,63,21014,"4"
3583,0,1,1,35,78,22101,"4"
3584,0,1,1,155,57,22044,"4"
3585,0,1,2,55,47,21208,"4"
3586,1,1,2,35,58,20910,"4"
3587,1,1,1,90,40,8540,"4"
3588,1,1,2,35,44,8690,"4"
3589,1,1,6,35,46,21122,"4"
3590,0,1,3,100,61,21228,"4"
3591,0,1,2,70,37,19111,"4"
3592,0,1,1,100,44,20002,"4"
3593,1,1,3,65,45,19083,"4"
3594,0,1,3,120,44,20904,"4"
3595,0,1,4,35,59,19152,"4"
3596,0,1,1,55,53,22182,"4"
3597,1,1,2,35,62,22030,"4"
3598,1,1,5,175,56,20815,"2"
3599,1,1,2,80,41,21236,"4"
3600,0,0,1,35,77,21204,"1"
3601,0,1,3,35,69,22042,"4"
3602,1,1,5,35,41,20015,"4"
3603,1,1,4,60,64,21014,"4"
3604,1,1,2,90,78,18940,"4"
3605,0,1,1,35,46,22079,"4"
3606,1,1,4,115,49,21015,"4"
3607,1,1,4,45,36,20112,"4"
3608,0,1,2,105,77,8534,"4"
3609,0,0,3,35,36,8234,"1"
3610,0,1,2,35,66,21701,"4"
3611,1,1,3,55,52,21146,"4"
3612,0,1,4,40,58,21212,"4"
3613,1,1,2,85,58,18940,"4"
3614,1,1,3,50,42,21042,"4"
3615,0,1,3,125,72,22152,"4"
3616,1,1,4,145,58,21131,"4"
3617,0,1,1,35,78,8065,"4"
3618,1,1,4,45,52,22191,"4"
3619,1,1,4,175,51,23185,"2"
3620,1,1,2,35,68,8204,"4"
3621,1,1,2,85,33,18966,"4"
3622,1,1,2,50,45,20833,"4"
3623,0,0,1,45,52,8030,"1"
3624,0,1,2,100,58,20147,"4"
3625,1,1,5,35,45,19047,"4"
3626,0,1,2,45,73,8753,"4"
3627,1,0,5,35,40,20112,"2"
3628,1,1,2,65,59,19067,"4"
3629,1,1,1,85,54,21403,"4"
3630,0,1,1,100,45,21136,"4"
3631,1,0,1,50,42,22032,"2"
3632,1,1,2,35,49,8550,"4"
3633,1,1,1,55,67,22192,"4"
3634,1,1,3,160,71,20816,"2"
3635,1,1,1,175,62,22030,"2"
3636,0,1,8,35,50,22903,"4"
3637,1,1,3,40,53,19006,"4"
3638,1,1,4,175,44,21015,"2"
3639,1,1,3,35,56,19130,"4"
3640,1,1,4,35,51,20816,"4"
3641,0,1,2,50,41,22124,"4"
3642,1,0,1,40,34,22407,"2"
3643,1,1,4,45,64,21236,"4"
3644,0,1,1,35,31,22308,"4"
3645,0,1,5,70,42,8610,"4"
3646,0,0,2,45,56,21403,"1"
3647,1,1,3,55,54,21108,"4"
3648,1,1,3,55,59,22201,"4"
3649,1,1,2,70,41,8302,"4"
3650,1,0,3,35,61,22401,"2"
3651,1,1,3,45,58,21108,"4"
3652,1,1,6,175,48,22192,"4"
3653,1,1,2,65,44,21093,"4"
3654,1,1,2,130,76,22209,"2"
3655,1,1,5,155,55,22153,"4"
3656,0,1,2,55,63,20115,"4"
3657,1,1,1,65,37,19152,"4"
3658,0,1,3,115,33,8534,"4"
3659,1,0,2,35,59,7728,"2"
3660,1,1,4,175,57,22046,"2"
3661,0,1,3,75,64,22309,"4"
3662,1,1,3,35,53,19046,"4"
3663,1,1,2,35,70,8033,"4"
3664,1,1,3,175,55,18966,"2"
3665,1,1,4,35,74,8205,"4"
3666,1,1,3,65,44,21771,"4"
3667,0,1,3,110,45,22205,"4"
3668,1,1,2,60,58,20832,"4"
3669,0,1,3,60,69,21228,"4"
3670,1,1,3,35,47,20817,"4"
3671,0,1,2,75,54,22903,"4"
3672,1,1,3,175,66,21114,"2"
3673,1,1,2,165,66,22903,"2"
3674,0,1,2,95,38,8088,"4"
3675,0,1,3,35,59,7726,"4"
3676,0,1,2,80,39,20007,"4"
3677,1,1,4,45,58,8055,"4"
3678,1,1,2,35,37,8226,"4"
3679,0,1,2,35,62,8302,"4"
3680,1,1,1,175,50,22315,"2"
3681,1,1,5,175,73,22031,"2"
3682,0,1,4,40,46,21784,"4"
3683,1,1,3,35,60,22554,"4"
3684,1,1,5,35,63,8527,"4"
3685,1,1,1,35,63,22043,"4"
3686,1,1,6,125,36,20878,"4"
3687,1,1,3,45,62,8033,"4"
3688,0,1,3,35,45,21114,"4"
3689,1,1,4,35,75,21771,"4"
3690,1,1,1,35,42,19038,"4"
3691,1,0,2,60,78,8085,"2"
3692,0,0,1,45,80,19047,"1"
3693,0,1,2,35,68,22311,"4"
3694,0,1,4,85,52,19096,"4"
3695,1,0,3,50,45,20170,"2"
3696,1,1,2,175,50,20136,"2"
3697,1,1,2,50,66,21048,"4"
3698,0,1,6,150,50,21401,"4"
3699,1,1,4,55,76,20016,"4"
3700,0,1,1,35,42,20170,"4"
3701,0,1,4,65,40,22903,"4"
3702,0,1,3,35,46,22311,"4"
3703,0,1,2,35,35,21104,"4"
3704,1,1,1,35,47,21212,"4"
3705,1,1,2,70,76,22903,"4"
3706,0,0,1,80,54,22306,"1"
3707,1,1,3,35,42,8060,"4"
3708,0,1,1,35,51,8648,"4"
3709,1,1,4,35,53,20854,"4"
3710,1,1,1,75,44,8221,"4"
3711,1,1,3,35,51,8361,"4"
3712,0,1,2,35,65,8648,"4"
3713,1,1,2,60,69,8037,"4"
3714,0,1,2,45,42,22041,"4"
3715,1,1,2,80,37,20794,"4"
3716,0,1,1,35,70,23185,"4"
3717,1,1,3,175,56,20910,"2"
3718,1,1,2,50,68,8015,"4"
3719,1,1,1,35,42,20815,"4"
3720,1,1,4,40,51,22554,"4"
3721,0,1,5,35,52,21157,"4"
3722,0,1,3,35,59,22903,"4"
3723,1,0,5,35,40,20121,"2"
3724,1,1,6,175,50,21074,"4"
3725,1,1,1,35,25,19027,"4"
3726,1,1,3,35,56,22206,"4"
3727,1,1,4,80,54,8077,"4"
3728,0,1,2,85,55,8619,"4"
3729,1,1,3,100,54,8012,"4"
3730,1,1,3,35,37,22901,"4"
3731,1,1,3,40,44,8731,"4"
3732,1,1,2,35,35,22206,"4"
3733,1,1,5,55,41,8043,"4"
3734,1,1,4,35,64,8619,"4"
3735,1,1,2,100,45,21074,"4"
3736,1,1,2,85,62,22044,"4"
3737,1,1,2,55,63,23113,"4"
3738,1,1,4,35,46,20853,"4"
3739,1,1,2,35,73,19067,"4"
3740,0,1,1,35,52,22308,"4"
3741,0,1,4,90,48,21113,"4"
3742,1,1,1,35,57,8080,"4"
3743,1,1,3,35,58,20876,"4"
3744,0,1,3,35,39,20015,"4"
3745,1,1,2,175,50,22192,"2"
3746,1,1,4,40,51,8057,"4"
3747,1,1,5,35,57,21042,"4"
3748,0,1,1,50,70,22310,"4"
3749,1,1,3,35,45,8065,"4"
3750,0,1,2,60,58,22903,"4"
3751,1,1,5,80,53,18901,"4"
3752,1,1,1,90,52,21035,"4"
3753,1,1,4,35,61,21074,"4"
3754,1,1,4,110,58,21218,"4"
3755,1,1,2,175,62,20115,"2"
3756,1,1,1,35,56,20874,"4"
3757,1,1,2,35,65,22181,"4"
3758,1,1,5,40,45,19087,"4"
3759,0,0,1,45,40,20009,"1"
3760,1,1,3,145,60,19010,"2"
3761,1,1,5,35,44,8648,"4"
3762,0,1,4,135,36,19002,"4"
3763,1,1,3,35,49,7728,"4"
3764,0,1,2,40,81,22031,"4"
3765,1,1,1,35,37,19067,"4"
3766,1,1,3,175,50,22027,"2"
3767,1,1,4,35,45,21012,"4"
3768,1,1,3,175,67,22046,"2"
3769,0,1,3,35,70,22314,"4"
3770,1,1,2,40,76,8081,"4"
3771,1,1,3,55,51,8753,"4"
3772,0,1,2,35,32,22903,"4"
3773,1,1,4,120,63,8724,"4"
3774,1,1,6,55,53,22193,"4"
3775,1,1,1,35,42,8081,"4"
3776,0,1,1,35,43,19038,"4"
3777,0,1,4,80,41,20861,"4"
3778,0,1,5,160,64,19010,"4"
3779,0,1,2,35,46,20817,"4"
3780,1,1,2,80,47,20876,"4"
3781,1,1,3,175,56,8648,"2"
3782,1,1,4,175,43,18901,"2"
3783,1,1,2,40,31,22030,"4"
3784,0,1,1,35,29,22180,"4"
3785,1,0,2,35,41,21048,"2"
3786,0,0,3,70,39,20110,"1"
3787,1,1,1,145,37,19067,"2"
3788,0,1,3,40,58,8053,"4"
3789,1,1,4,155,54,19087,"2"
3790,1,1,2,40,48,22601,"4"
3791,0,1,3,55,60,20901,"4"
3792,0,1,3,120,65,22308,"4"
3793,0,1,1,35,50,22407,"4"
3794,1,1,5,50,53,19046,"4"
3795,1,1,2,50,51,8534,"4"
3796,0,1,3,70,45,22207,"4"
3797,1,1,2,35,55,20180,"4"
3798,1,1,5,35,63,19446,"4"
3799,1,1,4,35,69,21104,"4"
3800,0,1,2,35,54,8619,"4"
3801,1,1,1,35,49,22405,"4"
3802,0,1,1,65,59,21042,"4"
3803,1,1,8,95,43,21108,"4"
3804,1,1,4,60,44,20176,"4"
3805,0,1,2,35,49,22901,"4"
3806,0,1,5,35,42,20782,"4"
3807,0,1,3,120,56,21044,"4"
3808,1,1,2,175,48,22182,"2"
3809,1,1,2,35,50,21136,"4"
3810,0,1,4,35,51,22030,"4"
3811,1,1,3,120,56,22026,"4"
3812,0,1,4,115,44,20164,"4"
3813,1,1,3,35,40,20855,"4"
3814,1,1,2,35,66,20191,"4"
3815,1,1,4,35,43,20151,"4"
3816,0,1,2,55,43,22407,"4"
3817,0,1,3,35,49,21093,"4"
3818,1,1,3,45,83,22601,"4"
3819,0,1,1,70,55,21042,"4"
3820,1,1,4,45,48,22405,"4"
3821,1,1,2,70,66,22181,"4"
3822,0,1,3,35,48,19119,"4"
3823,1,1,3,65,44,21122,"4"
3824,0,1,5,35,57,8210,"4"
3825,1,1,2,35,46,20110,"4"
3826,0,1,2,80,83,21401,"4"
3827,1,1,3,40,37,19010,"4"
3828,1,1,2,35,65,21403,"4"
3829,1,1,1,35,45,22901,"4"
3830,0,1,3,60,43,20165,"4"
3831,1,1,2,35,70,22039,"4"
3832,1,1,1,135,49,22207,"2"
3833,0,1,1,65,56,20007,"4"
3834,1,1,4,35,51,18940,"4"
3835,1,1,1,35,43,20905,"4"
3836,0,1,3,175,78,21403,"4"
3837,0,1,3,35,37,19116,"4"
3838,0,1,2,70,59,7728,"4"
3839,1,1,3,175,58,19119,"2"
3840,1,1,2,35,88,8080,"4"
3841,1,1,5,35,56,19083,"4"
3842,0,1,2,45,44,22032,"4"
3843,1,1,3,140,56,22315,"2"
3844,0,1,2,35,40,22554,"4"
3845,0,1,1,45,42,22301,"4"
3846,0,1,4,50,59,19154,"4"
3847,0,1,1,35,67,20770,"4"
3848,1,1,4,35,41,21157,"4"
3849,1,0,1,50,29,22043,"2"
3850,0,1,3,175,45,8534,"4"
3851,1,0,2,135,42,22901,"2"
3852,0,1,1,40,85,19114,"4"
3853,1,1,5,90,52,8054,"4"
3854,0,1,1,35,78,21229,"4"
3855,0,1,6,90,35,18966,"4"
3856,1,1,5,175,39,8520,"2"
3857,1,1,3,35,69,22309,"4"
3858,1,1,5,35,42,8094,"4"
3859,1,1,2,60,52,22033,"4"
3860,1,1,2,45,85,22304,"4"
3861,1,1,2,70,35,22046,"4"
3862,0,1,2,35,88,20008,"4"
3863,0,1,1,35,79,22306,"4"
3864,1,1,4,35,68,20815,"4"
3865,0,1,2,35,47,22602,"4"
3866,1,1,3,35,56,20191,"4"
3867,1,1,2,35,84,21146,"4"
3868,1,1,2,45,57,20901,"4"
3869,1,1,3,175,49,21093,"2"
3870,1,1,4,45,62,22124,"4"
3871,1,1,2,50,66,8318,"4"
3872,1,1,5,75,51,22030,"4"
3873,0,1,3,110,66,19446,"4"
3874,1,1,2,35,52,23229,"4"
3875,0,1,2,35,78,18940,"4"
3876,0,0,4,175,39,22903,"1"
3877,0,1,4,35,45,20832,"4"
3878,0,0,1,75,37,8043,"1"
3879,0,1,1,65,39,22030,"4"
3880,1,1,2,45,76,21210,"4"
3881,1,1,1,35,58,21108,"4"
3882,1,1,2,50,60,8054,"4"
3883,0,1,1,175,50,22182,"4"
3884,0,1,3,130,50,22315,"4"
3885,1,1,1,40,57,22027,"4"
3886,1,1,2,35,83,21234,"4"
3887,0,1,1,35,40,20878,"4"
3888,0,1,1,175,42,20008,"4"
3889,0,1,1,35,76,22003,"4"
3890,1,1,4,35,42,20853,"4"
3891,0,1,3,105,43,23229,"4"
3892,1,1,3,35,58,22554,"4"
3893,0,1,2,145,59,22401,"4"
3894,1,1,4,115,63,22003,"4"
3895,0,1,5,85,60,8234,"4"
3896,1,1,2,50,42,20175,"4"
3897,1,1,5,60,41,7728,"4"
3898,1,1,2,50,76,19115,"4"
3899,1,1,3,35,37,20148,"4"
3900,1,1,2,35,62,20120,"4"
3901,0,1,2,175,38,21061,"4"
3902,1,1,3,60,49,22192,"4"
3903,1,1,4,55,65,22901,"4"
3904,0,1,1,35,54,21403,"4"
3905,0,1,1,35,75,20910,"4"
3906,1,1,4,120,60,20878,"4"
3907,0,1,5,35,48,8057,"4"
3908,1,1,1,35,50,22031,"4"
3909,1,1,5,155,43,20171,"4"
3910,1,1,6,80,51,8052,"4"
3911,0,1,2,45,46,22305,"4"
3912,0,0,1,120,31,20850,"1"
3913,1,1,3,50,59,19053,"4"
3914,0,1,2,35,40,21060,"4"
3915,1,1,1,100,65,22205,"2"
3916,1,1,3,80,42,20175,"4"
3917,1,1,3,175,48,20124,"2"
3918,1,1,2,70,47,21227,"4"
3919,1,0,2,95,35,23185,"2"
3920,1,1,3,35,64,8008,"4"
3921,0,1,7,45,47,8690,"4"
3922,1,1,3,35,54,20832,"4"
3923,1,1,3,115,65,22181,"4"
3924,1,1,2,55,44,8003,"4"
3925,0,1,2,35,67,23113,"4"
3926,1,0,1,35,75,22611,"2"
3927,1,1,2,35,42,8210,"4"
3928,0,1,5,35,49,20905,"4"
3929,1,1,3,35,49,8540,"4"
3930,0,1,3,120,45,20187,"4"
3931,1,1,4,35,46,21701,"4"
3932,1,1,5,35,41,21075,"4"
3933,1,1,3,55,51,19096,"4"
3934,1,1,1,35,76,22101,"4"
3935,0,1,2,35,42,23185,"4"
3936,1,1,3,175,49,21136,"2"
3937,1,1,3,55,77,23185,"4"
3938,1,1,6,100,51,20816,"4"
3939,0,1,2,35,71,21122,"4"
3940,1,1,3,110,46,8527,"4"
3941,0,1,2,50,54,8054,"4"
3942,0,1,1,50,55,22079,"4"
3943,0,1,4,40,20,20016,"4"
3944,0,1,4,35,50,21030,"4"
3945,1,1,4,100,60,8534,"4"
3946,1,1,5,115,55,20120,"4"
3947,0,0,1,65,58,20194,"1"
3948,1,1,4,35,50,23229,"4"
3949,0,1,2,35,53,8753,"4"
3950,1,1,2,175,73,22181,"2"
3951,1,1,2,90,57,18966,"4"
3952,1,1,2,175,66,19119,"2"
3953,1,0,4,35,62,21030,"2"
3954,1,0,3,35,42,8701,"2"
3955,1,0,4,45,39,22202,"2"
3956,1,1,7,35,50,21234,"4"
3957,0,1,2,110,81,22032,"4"
3958,1,1,5,35,40,8724,"4"
3959,0,1,3,35,67,20016,"4"
3960,0,0,4,35,36,8753,"1"
3961,1,1,3,140,81,21042,"2"
3962,1,1,1,35,81,19083,"4"
3963,1,1,4,35,58,8406,"4"
3964,1,1,2,65,50,8081,"4"
3965,0,1,2,35,63,20832,"4"
3966,1,0,3,35,31,22180,"2"
3967,1,1,3,100,54,8075,"4"
3968,1,1,4,105,47,20814,"4"
3969,0,1,2,85,29,20132,"4"
3970,1,1,5,35,58,8619,"4"
3971,1,1,2,70,49,8721,"4"
3972,0,1,3,35,48,20707,"4"
3973,0,1,3,35,34,8030,"4"
3974,1,1,1,85,51,19047,"4"
3975,1,1,2,75,67,23185,"4"
3976,1,1,2,60,41,21042,"4"
3977,1,1,6,55,41,22041,"4"
3978,0,1,2,35,56,21014,"4"
3979,1,1,1,35,52,20164,"4"
3980,1,1,3,35,47,8330,"4"
3981,1,1,2,35,45,8234,"4"
3982,0,0,1,50,73,19002,"1"
3983,0,1,5,35,37,21784,"4"
3984,0,1,7,40,39,22124,"4"
3985,1,1,7,35,50,19047,"4"
3986,1,1,2,35,51,22039,"4"
3987,0,1,3,70,36,8505,"4"
3988,0,1,3,40,46,21157,"4"
3989,1,0,2,35,42,19038,"2"
3990,1,1,3,80,39,21401,"4"
3991,0,1,2,75,65,23185,"4"
3992,1,1,4,125,52,20815,"4"
3993,0,1,3,35,79,8701,"4"
3994,0,1,1,35,65,22151,"4"
3995,1,1,1,35,53,21209,"4"
3996,1,1,3,125,33,21403,"4"
3997,1,0,1,35,34,22204,"2"
3998,1,1,2,175,31,20109,"2"
3999,1,1,4,170,62,8057,"2"
4000,0,0,1,35,29,22201,"1"
4001,0,0,1,70,31,20117,"1"
4002,1,1,2,70,68,8057,"4"
4003,0,1,3,80,42,21784,"4"
4004,1,1,2,35,63,22554,"4"
4005,1,1,3,35,61,20895,"4"
4006,1,1,3,105,36,8816,"4"
4007,1,1,3,50,33,23229,"4"
4008,1,1,3,55,57,21042,"4"
4009,1,1,1,85,48,22401,"4"
4010,0,0,4,75,48,21048,"1"
4011,1,1,4,35,50,22191,"4"
4012,1,1,6,115,55,20815,"4"
4013,0,1,4,75,62,22003,"4"
4014,1,1,2,100,54,20110,"4"
4015,1,1,2,55,51,20882,"4"
4016,0,1,7,35,48,20191,"4"
4017,0,1,1,60,62,19053,"4"
4018,0,1,1,35,75,8724,"4"
4019,1,1,4,175,52,21136,"2"
4020,1,1,5,45,45,21403,"4"
4021,1,1,1,35,51,19067,"4"
4022,1,1,2,35,32,22151,"4"
4023,0,1,3,35,35,21401,"4"
4024,1,1,4,175,47,20816,"2"
4025,0,1,2,35,62,8540,"4"
4026,1,1,3,50,53,22032,"4"
4027,1,1,1,35,75,21236,"4"
4028,1,1,1,80,75,19119,"4"
4029,1,0,6,60,45,22405,"2"
4030,1,1,3,35,57,21042,"4"
4031,1,1,3,55,48,18901,"4"
4032,1,0,3,105,40,22032,"2"
4033,1,1,2,65,57,7728,"4"
4034,1,1,4,35,40,21030,"4"
4035,1,0,4,40,45,22192,"2"
4036,0,1,2,165,44,21794,"4"
4037,1,1,3,140,60,20111,"2"
4038,1,1,2,35,71,8360,"4"
4039,0,0,2,150,46,22911,"1"
4040,0,1,2,35,67,8753,"4"
4041,1,1,2,145,49,22901,"2"
4042,1,1,1,175,59,8534,"2"
4043,0,1,2,105,57,19010,"4"
4044,0,1,2,35,84,19083,"4"
4045,1,1,3,70,34,20147,"4"
4046,0,1,1,35,37,22301,"4"
4047,1,1,2,35,42,21015,"4"
4048,1,1,3,40,66,8003,"4"
4049,1,1,3,75,49,21224,"4"
4050,0,1,3,35,57,20147,"4"
4051,1,1,3,65,61,20715,"4"
4052,0,1,3,35,80,23185,"4"
4053,0,1,1,35,35,22030,"4"
4054,1,1,2,50,67,20901,"4"
4055,0,1,2,100,75,8075,"4"
4056,1,1,2,90,51,20895,"4"
4057,1,1,2,80,86,21229,"4"
4058,1,1,2,35,49,20015,"4"
4059,0,1,3,35,52,21207,"4"
4060,0,1,1,35,51,22101,"4"
4061,0,0,2,35,40,22031,"1"
4062,1,1,4,35,44,21054,"4"
4063,0,1,6,35,46,22003,"4"
4064,0,1,1,100,55,8077,"4"
4065,0,1,2,50,68,8753,"4"
4066,0,1,4,55,52,21012,"4"
4067,1,0,1,35,34,22201,"2"
4068,0,1,1,35,73,19047,"4"
4069,1,1,4,70,44,21771,"4"
4070,1,0,1,35,32,21236,"2"
4071,1,1,6,100,41,21015,"4"
4072,1,1,2,35,57,21204,"4"
4073,0,1,1,90,53,20905,"4"
4074,0,1,2,35,66,20770,"4"
4075,0,1,4,125,40,22192,"4"
4076,0,1,3,175,59,21212,"4"
4077,0,1,5,35,59,21093,"4"
4078,1,1,6,155,47,21108,"4"
4079,0,1,5,35,53,19087,"4"
4080,1,1,1,130,61,19103,"2"
4081,0,1,1,50,81,22407,"4"
4082,0,1,2,95,56,21075,"4"
4083,0,1,1,45,46,22101,"4"
4084,1,1,4,100,52,21702,"4"
4085,0,1,1,35,50,19002,"4"
4086,1,1,2,35,38,20715,"4"
4087,1,1,4,110,65,18901,"4"
4088,1,1,1,35,32,8534,"4"
4089,1,1,3,35,80,8205,"4"
4090,1,1,1,170,55,20855,"2"
4091,0,1,2,35,80,22309,"4"
4092,1,1,4,50,44,8723,"4"
4093,0,1,2,60,34,20171,"4"
4094,1,1,5,95,61,20814,"4"
4095,1,1,5,45,55,8244,"4"
4096,0,1,1,35,51,22003,"4"
4097,1,1,5,35,35,20832,"4"
4098,0,1,3,35,53,19111,"4"
4099,1,1,2,50,50,8053,"4"
4100,1,1,5,35,58,20171,"4"
4101,1,1,4,35,54,19136,"4"
4102,1,1,2,35,65,22152,"4"
4103,0,0,1,35,40,19103,"1"
4104,1,1,7,35,35,8701,"4"
4105,1,1,1,75,54,22102,"4"
4106,0,1,1,35,58,22312,"4"
4107,1,1,3,35,34,21244,"4"
4108,0,1,1,45,35,20109,"4"
4109,1,1,2,120,76,19087,"2"
4110,1,1,2,115,48,22554,"2"
4111,1,1,3,85,50,8088,"4"
4112,0,1,6,35,42,8054,"4"
4113,1,1,3,35,47,20175,"4"
4114,0,1,2,35,63,8648,"4"
4115,1,1,3,120,56,19119,"4"
4116,1,1,3,35,60,19067,"4"
4117,0,1,3,75,69,20003,"4"
4118,0,1,2,50,79,20906,"4"
4119,1,1,4,175,71,21093,"2"
4120,1,1,3,35,55,8648,"4"
4121,0,0,2,40,38,20901,"1"
4122,1,1,3,35,53,20878,"4"
4123,0,1,3,35,48,18966,"4"
4124,0,1,3,160,79,8022,"4"
4125,1,1,8,35,33,19020,"4"
4126,0,1,4,35,54,20852,"4"
4127,1,1,3,35,52,8210,"4"
4128,1,1,2,35,78,8757,"4"
4129,1,1,3,35,78,19067,"4"
4130,0,1,4,35,69,22150,"4"
4131,1,1,2,60,40,8107,"4"
4132,0,1,3,70,63,8003,"4"
4133,1,1,4,60,50,22911,"4"
4134,0,1,5,60,57,21046,"4"
4135,1,1,2,35,74,8757,"4"
4136,1,1,2,35,47,21146,"4"
4137,0,0,1,35,43,22044,"1"
4138,1,1,2,35,80,22630,"4"
4139,1,1,2,35,59,8071,"4"
4140,1,1,2,105,51,21208,"4"
4141,1,1,5,50,44,8057,"4"
4142,1,1,4,35,50,22030,"4"
4143,1,1,3,35,38,20852,"4"
4144,1,1,2,175,45,8742,"2"
4145,1,1,3,140,79,22306,"2"
4146,0,0,3,105,39,20723,"1"
4147,1,1,5,60,56,22032,"4"
4148,0,1,1,75,51,20136,"4"
4149,1,1,3,35,33,8057,"4"
4150,1,0,1,80,64,8075,"2"
4151,1,1,4,35,34,20120,"4"
4152,1,1,4,175,52,22003,"2"
4153,1,1,1,95,53,22101,"2"
4154,0,1,3,125,49,19020,"4"
4155,1,0,5,50,40,22601,"2"
4156,1,1,4,35,51,21701,"4"
4157,1,1,2,35,68,21144,"4"
4158,1,1,3,35,51,22304,"4"
4159,0,0,5,35,40,20814,"1"
4160,0,1,3,95,46,21158,"4"
4161,0,0,1,85,44,8540,"1"
4162,1,1,5,70,50,8816,"4"
4163,1,1,2,35,65,22030,"4"
4164,1,1,2,85,65,19154,"4"
4165,0,1,2,90,53,8723,"4"
4166,1,1,6,55,54,20705,"4"
4167,1,1,4,175,53,22039,"2"
4168,1,1,2,105,78,19446,"4"
4169,1,1,3,145,66,20191,"2"
4170,1,1,3,35,43,8648,"4"
4171,0,1,4,140,37,22015,"4"
4172,0,1,3,115,57,20910,"4"
4173,0,1,4,35,39,20724,"4"
4174,0,1,4,115,55,19067,"4"
4175,0,1,2,70,68,8648,"4"
4176,1,1,6,35,47,20170,"4"
4177,1,1,2,70,40,8050,"4"
4178,1,1,2,35,33,21157,"4"
4179,0,1,4,35,51,20112,"4"
4180,0,1,4,35,56,8062,"4"
4181,1,0,3,35,41,21157,"2"
4182,1,0,2,175,46,22312,"2"
4183,1,1,3,95,59,22911,"4"
4184,0,1,2,115,60,20912,"4"
4185,0,1,3,60,80,19006,"4"
4186,1,1,3,35,61,8724,"4"
4187,0,1,2,55,52,20816,"4"
4188,1,1,3,175,41,21701,"2"
4189,1,1,4,35,54,21042,"4"
4190,1,1,2,60,51,22027,"4"
4191,1,1,5,140,55,18901,"4"
4192,1,1,5,35,38,21136,"4"
4193,0,1,4,35,47,21015,"4"
4194,0,1,2,35,80,8724,"4"
4195,1,1,4,35,57,19010,"4"
4196,1,1,3,35,58,24060,"4"
4197,1,1,3,35,40,20878,"4"
4198,0,1,3,150,59,20906,"4"
4199,1,1,1,85,54,20115,"4"
4200,0,1,1,110,34,20852,"4"
4201,1,1,4,45,58,20854,"4"
4202,1,1,5,35,41,8620,"4"
4203,0,1,5,35,49,8527,"4"
4204,1,1,2,35,42,22192,"4"
4205,1,1,4,45,54,21030,"4"
4206,1,1,2,35,70,22701,"4"
4207,1,1,3,110,41,21228,"4"
4208,0,1,3,35,57,19046,"4"
4209,0,1,1,175,56,20112,"4"
4210,1,1,3,35,48,8302,"4"
4211,0,0,1,175,43,20186,"1"
4212,0,1,3,35,82,22191,"4"
4213,0,1,2,35,74,23229,"4"
4214,0,1,4,35,24,19053,"4"
4215,1,1,3,145,35,20708,"2"
4216,1,1,2,100,60,20169,"4"
4217,1,1,2,40,54,24060,"4"
4218,1,1,4,90,49,19038,"4"
4219,0,1,3,85,46,20901,"4"
4220,1,1,7,35,42,20832,"4"
4221,0,1,2,35,60,20036,"4"
4222,1,1,2,35,60,21702,"4"
4223,0,1,1,35,55,20723,"4"
4224,1,1,5,35,41,21236,"4"
4225,0,0,2,35,52,22911,"1"
4226,1,0,4,40,72,19020,"2"
4227,0,1,2,35,41,21227,"4"
4228,0,0,2,40,47,22314,"1"
4229,1,1,2,65,69,22310,"4"
4230,1,1,2,40,32,22192,"4"
4231,0,1,4,100,44,22310,"4"
4232,0,1,3,135,37,22207,"4"
4233,1,1,4,35,47,21117,"4"
4234,0,1,3,35,52,8088,"4"
4235,0,0,2,35,63,8701,"1"
4236,0,1,6,105,41,8081,"4"
4237,1,1,2,175,55,21044,"2"
4238,0,1,2,35,76,8731,"4"
4239,1,1,5,175,58,19096,"2"
4240,0,1,1,35,40,22315,"4"
4241,0,1,3,75,62,21014,"4"
4242,0,1,2,35,77,8028,"4"
4243,1,1,2,60,43,8201,"4"
4244,0,1,1,35,52,8089,"4"
4245,0,1,1,150,67,20815,"4"
4246,1,0,1,35,36,20723,"2"
4247,1,1,4,175,47,23233,"2"
4248,1,1,3,35,47,20169,"4"
4249,1,1,3,160,60,19119,"2"
4250,0,1,3,80,53,21771,"4"
4251,0,1,2,50,64,21136,"4"
4252,1,1,2,175,71,8043,"2"
4253,0,1,2,165,49,20815,"4"
4254,1,1,3,150,48,19446,"2"
4255,1,1,4,35,45,8004,"4"
4256,1,1,3,175,67,22192,"2"
4257,1,1,3,35,37,8691,"4"
4258,0,1,1,65,47,21401,"4"
4259,0,1,4,70,39,21163,"4"
4260,1,1,6,45,51,18940,"4"
4261,1,1,4,100,54,22015,"4"
4262,1,1,6,35,53,8002,"4"
4263,1,1,4,35,49,22901,"4"
4264,0,1,3,60,73,8060,"4"
4265,1,1,2,175,53,22207,"2"
4266,1,1,2,110,36,21401,"4"
4267,1,1,2,45,57,8322,"4"
4268,1,1,6,105,50,21218,"4"
4269,1,1,3,35,54,22191,"4"
4270,0,1,2,35,50,20007,"4"
4271,1,1,5,60,80,20708,"4"
4272,0,0,2,35,32,22304,"1"
4273,1,1,3,35,54,8043,"4"
4274,0,1,1,155,69,22180,"4"
4275,0,1,4,110,49,20164,"4"
4276,1,1,3,80,42,20817,"4"
4277,0,0,4,80,60,20852,"1"
4278,1,1,1,115,60,21218,"2"
4279,1,1,3,100,61,8033,"4"
4280,1,1,4,35,45,8610,"4"
4281,1,1,1,65,44,22204,"4"
4282,1,1,3,35,78,8742,"4"
4283,0,1,3,50,56,8505,"4"
4284,1,1,2,35,47,8084,"4"
4285,1,1,2,35,48,21228,"4"
4286,0,0,1,35,39,22554,"1"
4287,1,1,3,175,45,20121,"2"
4288,1,1,2,35,72,22102,"4"
4289,1,1,3,35,60,18966,"4"
4290,1,1,3,55,36,22152,"4"
4291,0,1,1,35,41,20866,"4"
4292,1,1,3,175,56,22102,"2"
4293,1,1,3,35,49,22152,"4"
4294,1,1,2,165,59,20832,"2"
4295,0,0,1,75,58,20707,"1"
4296,1,1,3,70,56,18940,"4"
4297,0,1,1,35,49,23233,"4"
4298,1,1,4,105,50,8054,"4"
4299,1,1,4,35,42,20148,"4"
4300,1,1,2,35,44,22306,"4"
4301,1,1,5,90,48,20707,"4"
4302,1,1,3,70,56,22901,"4"
4303,0,1,6,35,43,20910,"4"
4304,1,1,1,35,64,20878,"4"
4305,1,1,3,175,71,8005,"2"
4306,0,1,3,35,89,20148,"4"
4307,1,0,1,95,43,22304,"2"
4308,1,1,3,35,43,21234,"4"
4309,1,1,3,35,50,20832,"4"
4310,0,1,3,105,53,8330,"4"
4311,1,1,3,35,56,22630,"4"
4312,1,1,2,35,41,20832,"4"
4313,0,1,1,55,47,22306,"4"
4314,1,1,3,35,59,20147,"4"
4315,0,1,4,80,48,21784,"4"
4316,0,1,4,35,34,8332,"4"
4317,0,1,3,35,71,21042,"4"
4318,1,1,2,40,72,22304,"4"
4319,0,1,3,35,50,21209,"4"
4320,1,1,3,50,69,21157,"4"
4321,1,1,3,35,45,20723,"4"
4322,0,1,2,75,37,21136,"4"
4323,1,1,4,35,63,22304,"4"
4324,1,1,1,35,83,19047,"4"
4325,1,1,1,35,66,22311,"4"
4326,0,1,4,45,51,19038,"4"
4327,1,1,2,35,51,20874,"4"
4328,1,1,2,90,57,21771,"4"
4329,1,1,5,35,46,21108,"4"
4330,1,1,2,50,56,8005,"4"
4331,1,1,4,100,52,8003,"4"
4332,0,1,4,35,54,22309,"4"
4333,1,1,3,35,44,22911,"4"
4334,1,1,7,75,46,20171,"4"
4335,1,1,4,65,42,22407,"4"
4336,0,1,2,35,55,20905,"4"
4337,0,1,2,35,63,21228,"4"
4338,0,0,1,60,84,20015,"1"
4339,0,1,3,175,58,21044,"4"
4340,0,1,1,55,60,19128,"4"
4341,1,0,2,35,54,20166,"2"
4342,1,1,2,45,30,20904,"4"
4343,0,1,2,35,72,20854,"4"
4344,0,1,3,175,38,8534,"4"
4345,1,1,3,35,45,19115,"4"
4346,1,1,1,35,50,19152,"4"
4347,1,1,2,150,53,19047,"2"
4348,0,1,2,40,80,21701,"4"
4349,1,0,6,35,42,22032,"2"
4350,1,0,3,175,41,22611,"2"
4351,1,1,3,45,70,21208,"4"
4352,1,1,3,175,48,20817,"2"
4353,0,1,4,35,65,8757,"4"
4354,1,1,2,55,72,22152,"4"
4355,0,1,4,35,47,18966,"4"
4356,1,1,2,35,54,18940,"4"
4357,0,1,4,40,52,19020,"4"
4358,0,1,3,40,49,8090,"4"
4359,0,1,5,160,55,21794,"4"
4360,0,1,3,35,66,24060,"4"
4361,1,1,3,85,63,21042,"4"
4362,1,1,4,75,40,8534,"4"
4363,1,1,4,175,66,21146,"2"
4364,0,1,2,35,47,20121,"4"
4365,0,1,1,175,59,8037,"4"
4366,1,1,3,35,64,8087,"4"
4367,1,1,3,95,60,22026,"4"
4368,1,1,4,145,40,21030,"2"
4369,1,1,2,130,49,20905,"2"
4370,1,1,2,35,64,8873,"4"
4371,1,1,4,35,52,23229,"4"
4372,1,1,3,50,48,20170,"4"
4373,1,1,1,150,72,20015,"2"
4374,1,1,3,35,40,22301,"4"
4375,0,1,3,70,65,23229,"4"
4376,1,1,4,55,56,8050,"4"
4377,1,1,3,175,69,21737,"2"
4378,1,1,2,140,59,22066,"2"
4379,1,1,2,35,51,22308,"4"
4380,0,1,2,70,71,20715,"4"
4381,1,1,3,175,67,21042,"2"
4382,1,1,1,85,39,21403,"4"
4383,0,1,3,35,48,21157,"4"
4384,1,1,4,175,46,22182,"2"
4385,0,1,1,35,58,22031,"4"
4386,1,1,4,35,49,20115,"4"
4387,0,1,2,35,53,8753,"4"
4388,0,1,2,120,52,22903,"4"
4389,1,1,2,120,53,21286,"2"
4390,1,1,3,35,54,21075,"4"
4391,0,1,2,175,74,8226,"4"
4392,0,1,3,70,46,22180,"4"
4393,1,1,2,115,47,8534,"2"
4394,1,1,3,55,52,20121,"4"
4395,0,1,2,135,42,20152,"4"
4396,0,1,3,35,43,20815,"4"
4397,1,1,2,60,69,23185,"4"
4398,1,1,4,80,63,21093,"4"
4399,1,1,3,35,59,22192,"4"
4400,1,1,5,80,53,21234,"4"
4401,0,1,1,165,66,20853,"4"
4402,1,0,3,35,63,21093,"2"
4403,1,1,2,50,38,22311,"4"
4404,1,1,3,175,52,22046,"2"
4405,1,1,1,35,65,20191,"4"
4406,1,0,4,35,49,8742,"2"
4407,1,1,3,35,51,18901,"4"
4408,1,1,1,35,52,21774,"4"
4409,1,1,3,35,57,21093,"4"
4410,1,1,4,70,52,22301,"4"
4411,0,1,2,75,77,23229,"4"
4412,1,1,3,35,65,22204,"4"
4413,0,1,5,45,56,21131,"4"
4414,1,1,5,55,45,8055,"4"
4415,1,0,1,35,51,20877,"2"
4416,1,1,2,35,57,20007,"4"
4417,0,0,1,35,34,8520,"1"
4418,0,1,6,55,54,20165,"4"
4419,1,1,4,80,43,22308,"4"
4420,1,1,4,175,60,22405,"2"
4421,0,1,1,35,64,22903,"4"
4422,0,1,1,55,72,19010,"4"
4423,1,1,3,35,30,8060,"4"
4424,0,1,2,35,55,21784,"4"
4425,1,1,6,55,47,20151,"4"
4426,1,1,6,90,57,21114,"4"
4427,0,1,2,35,58,8873,"4"
4428,0,1,2,120,40,20002,"4"
4429,1,1,5,85,51,8318,"4"
4430,0,1,6,45,57,22042,"4"
4431,1,1,1,35,46,7728,"4"
4432,0,1,2,35,38,20147,"4"
4433,1,1,3,95,61,22102,"4"
4434,1,1,1,85,47,19103,"4"
4435,0,1,1,80,62,20882,"4"
4436,0,1,3,35,38,22901,"4"
4437,0,0,1,35,35,22202,"1"
4438,1,1,5,35,51,22015,"4"
4439,0,1,2,45,44,22405,"4"
4440,0,1,2,50,39,20708,"4"
4441,0,0,3,35,31,20912,"1"
4442,1,1,2,35,74,20904,"4"
4443,1,1,2,35,44,20866,"4"
4444,1,1,1,55,45,21074,"4"
4445,0,1,4,35,35,8050,"4"
4446,0,1,2,80,68,20815,"4"
4447,0,1,5,35,41,21114,"4"
4448,0,1,2,85,68,23185,"4"
4449,1,1,3,35,39,22301,"4"
4450,1,1,1,55,58,8724,"4"
4451,0,1,1,65,77,20705,"4"
4452,0,0,1,40,88,22203,"1"
4453,1,1,3,35,49,8540,"4"
4454,0,1,3,40,40,20165,"4"
4455,1,1,5,175,50,21108,"2"
4456,0,1,1,65,46,22315,"4"
4457,1,1,2,35,83,8071,"4"
4458,1,1,2,35,69,22015,"4"
4459,1,1,2,70,53,22152,"4"
4460,0,1,1,175,53,8008,"4"
4461,0,1,3,70,64,8107,"4"
4462,1,1,1,105,48,21136,"2"
4463,1,1,3,155,40,8205,"2"
4464,1,1,3,105,76,22030,"4"
4465,1,0,2,170,63,22192,"2"
4466,0,1,1,35,70,21146,"4"
4467,1,1,4,35,67,21037,"4"
4468,1,1,3,45,48,20164,"4"
4469,1,1,1,100,49,22101,"2"
4470,1,1,2,35,68,8075,"4"
4471,0,1,4,35,37,19067,"4"
4472,1,1,2,90,45,19046,"4"
4473,0,1,4,35,48,20850,"4"
4474,0,1,2,70,73,22205,"4"
4475,1,1,2,115,43,22554,"2"
4476,1,1,2,95,63,20905,"4"
4477,0,1,3,75,46,23233,"4"
4478,1,1,1,35,46,21774,"4"
4479,1,1,4,165,43,21042,"2"
4480,1,1,2,175,47,22066,"2"
4481,1,1,3,35,57,21158,"4"
4482,0,1,3,35,66,20723,"4"
4483,0,1,6,130,51,20197,"4"
4484,0,1,4,35,61,20878,"4"
4485,1,1,4,170,58,20816,"2"
4486,1,1,4,55,41,20872,"4"
4487,1,1,4,65,48,21015,"4"
4488,1,1,2,90,50,20853,"4"
4489,1,1,2,70,51,21701,"4"
4490,1,1,3,75,45,23113,"4"
4491,1,1,5,50,58,8648,"4"
4492,1,1,4,90,60,8406,"4"
4493,1,1,3,175,52,8033,"2"
4494,1,1,3,45,71,8050,"4"
4495,1,1,5,35,66,19038,"4"
4496,1,1,4,105,50,8034,"4"
4497,1,1,3,35,50,8742,"4"
4498,1,1,2,75,73,23229,"4"
4499,1,1,5,175,64,21204,"2"
4500,0,0,1,45,30,22301,"1"
4501,0,1,3,35,75,22901,"4"
4502,0,1,2,175,52,22405,"4"
4503,1,1,3,80,55,8540,"4"
4504,0,1,3,35,74,20015,"4"
4505,0,1,1,35,77,8096,"4"
4506,1,1,1,85,58,8873,"4"
4507,1,1,3,50,70,19083,"4"
4508,0,1,4,175,35,21401,"4"
4509,1,1,2,35,81,8721,"4"
4510,0,1,2,35,63,19002,"4"
4511,0,1,2,65,58,20815,"4"
4512,1,1,2,50,67,21212,"4"
4513,1,0,3,140,34,19038,"2"
4514,0,1,3,150,61,8402,"4"
4515,1,1,4,120,51,8055,"4"
4516,0,0,3,110,40,20016,"1"
4517,1,1,2,105,59,22192,"4"
4518,0,1,3,35,57,21209,"4"
4519,0,1,1,65,65,8108,"4"
4520,1,1,2,60,88,8204,"4"
4521,0,1,5,35,35,20180,"4"
4522,0,1,3,35,61,21212,"4"
4523,1,1,4,175,44,8096,"2"
4524,1,1,5,35,57,8088,"4"
4525,0,1,3,50,61,8723,"4"
4526,0,1,1,40,43,20015,"4"
4527,0,0,3,125,46,22314,"1"
4528,1,1,4,35,49,19115,"4"
4529,0,1,1,85,55,21015,"4"
4530,1,1,3,175,54,20016,"2"
4531,1,1,3,35,28,22554,"4"
4532,0,0,1,35,24,20009,"1"
4533,0,1,1,40,81,19067,"4"
4534,0,1,2,65,50,21061,"4"
4535,1,1,3,35,58,21014,"4"
4536,1,1,3,35,75,21015,"4"
4537,1,1,2,75,80,20141,"4"
4538,1,1,7,55,37,20744,"4"
4539,0,1,8,35,47,20124,"4"
4540,1,1,3,60,65,19002,"4"
4541,1,1,5,95,53,21113,"4"
4542,1,1,2,35,35,22314,"4"
4543,0,1,1,35,48,21401,"4"
4544,0,1,2,135,70,19046,"4"
4545,1,1,3,35,31,22315,"4"
4546,0,0,2,35,50,21701,"1"
4547,0,1,5,35,49,20171,"4"
4548,1,1,1,120,38,22205,"2"
4549,0,1,2,60,51,21014,"4"
4550,0,1,1,125,60,20007,"4"
4551,1,1,2,35,80,8034,"4"
4552,0,1,3,35,62,21401,"4"
4553,0,1,1,70,46,20817,"4"
4554,1,1,4,35,47,8028,"4"
4555,1,1,2,150,79,19087,"2"
4556,1,1,2,35,54,19038,"4"
4557,0,0,4,35,67,8210,"1"
4558,1,1,3,35,45,21108,"4"
4559,0,1,1,35,59,21244,"4"
4560,0,1,2,115,45,22046,"4"
4561,1,1,2,115,71,8055,"2"
4562,0,1,3,60,33,20853,"4"
4563,1,1,3,35,53,20112,"4"
4564,1,1,4,80,46,21144,"4"
4565,0,1,2,35,71,8031,"4"
4566,1,1,4,90,60,19087,"4"
4567,1,0,2,80,52,19006,"2"
4568,0,1,6,35,54,22407,"4"
4569,0,1,2,35,65,20008,"4"
4570,1,1,5,35,47,20814,"4"
4571,1,1,6,90,46,19038,"4"
4572,0,1,2,35,63,8054,"4"
4573,1,1,2,55,62,8008,"4"
4574,0,1,2,175,45,22308,"4"
4575,1,1,3,55,40,8873,"4"
4576,1,1,2,35,53,20109,"4"
4577,1,1,2,50,76,22901,"4"
4578,1,1,4,35,59,21029,"4"
4579,1,1,4,80,63,21228,"4"
4580,1,0,1,35,81,20878,"2"
4581,0,1,4,55,66,8332,"4"
4582,1,1,2,65,72,20180,"4"
4583,1,1,4,35,45,20165,"4"
4584,0,1,3,145,56,19010,"4"
4585,0,1,3,35,53,19446,"4"
4586,0,1,4,35,44,21074,"4"
4587,1,1,3,35,42,21108,"4"
4588,1,1,5,35,38,21784,"4"
4589,1,1,3,35,57,8648,"4"
4590,1,1,2,175,43,8225,"2"
4591,1,1,5,35,53,23233,"4"
4592,0,1,2,35,74,24060,"4"
4593,0,1,1,35,84,19067,"4"
4594,0,1,2,160,61,19002,"4"
4595,1,1,2,45,71,21208,"4"
4596,1,1,4,35,54,21234,"4"
4597,0,1,3,90,66,21784,"4"
4598,1,1,2,90,77,8534,"4"
4599,0,1,1,35,31,21044,"4"
4600,1,1,3,35,58,22303,"4"
4601,0,1,1,35,57,20906,"4"
4602,1,1,4,85,82,19152,"4"
4603,0,1,3,65,50,20817,"4"
4604,0,1,5,35,40,7728,"4"
4605,1,1,3,35,65,20882,"4"
4606,0,1,2,35,64,21286,"4"
4607,0,0,1,35,35,20009,"1"
4608,1,1,4,40,55,8054,"4"
4609,0,1,3,35,74,21702,"4"
4610,0,1,6,75,50,22039,"4"
4611,0,1,4,40,54,23185,"4"
4612,0,1,3,55,55,21032,"4"
4613,1,1,4,95,47,8053,"4"
4614,1,0,2,90,36,19047,"2"
4615,1,1,2,45,54,21209,"4"
4616,1,1,2,175,44,20181,"2"
4617,0,1,1,50,66,20007,"4"
4618,1,1,2,70,57,22043,"4"
4619,1,1,3,35,56,8054,"4"
4620,0,1,2,85,61,21218,"4"
4621,1,0,1,105,50,22315,"2"
4622,1,1,4,60,50,21158,"4"
4623,0,1,4,35,70,8873,"4"
4624,1,1,2,35,32,20901,"4"
4625,0,1,2,35,56,21093,"4"
4626,0,1,4,55,40,20816,"4"
4627,1,1,5,45,49,19128,"4"
4628,1,1,1,35,73,20912,"4"
4629,0,1,2,85,61,20878,"4"
4630,1,1,4,35,38,20147,"4"
4631,1,1,3,55,53,20169,"4"
4632,1,1,2,35,71,8005,"4"
4633,1,1,5,135,67,8723,"4"
4634,1,1,2,60,44,19446,"4"
4635,1,1,2,75,58,8034,"4"
4636,1,1,4,125,61,20874,"4"
4637,1,1,4,110,49,20171,"4"
4638,0,1,1,75,41,19087,"4"
4639,1,1,2,35,60,21157,"4"
4640,0,1,1,35,42,8085,"4"
4641,0,1,4,160,38,19067,"4"
4642,0,1,3,55,59,8753,"4"
4643,1,1,3,35,64,7728,"4"
4644,1,1,1,35,81,19047,"4"
4645,1,1,3,35,59,22312,"4"
4646,0,1,1,45,69,21061,"4"
4647,1,1,4,35,53,21208,"4"
4648,1,1,2,50,84,20901,"4"
4649,1,1,3,35,55,20740,"4"
4650,1,1,3,35,39,8021,"4"
4651,0,1,4,45,61,22193,"4"
4652,0,1,2,35,69,21157,"4"
4653,1,1,3,35,40,20878,"4"
4654,1,1,3,80,54,21771,"4"
4655,1,1,3,35,33,8055,"4"
4656,0,1,3,40,60,8648,"4"
4657,0,1,2,35,55,8691,"4"
4658,0,1,1,70,49,22204,"4"
4659,1,1,1,35,32,21060,"4"
4660,1,1,3,35,58,19147,"4"
4661,1,1,2,175,68,21044,"2"
4662,1,1,3,175,61,22101,"2"
4663,0,1,3,35,45,21014,"4"
4664,0,1,2,55,74,8755,"4"
4665,1,1,4,75,46,21014,"4"
4666,1,1,2,65,56,21114,"4"
4667,1,1,5,45,70,20852,"4"
4668,0,1,1,40,81,21030,"4"
4669,0,1,1,35,63,20186,"4"
4670,0,1,3,165,53,22205,"4"
4671,1,0,1,110,55,8087,"2"
4672,0,1,2,60,84,19006,"4"
4673,1,1,3,175,66,22066,"2"
4674,1,1,3,100,51,19087,"4"
4675,0,1,3,60,47,8109,"4"
4676,1,0,1,165,50,8210,"2"
4677,1,1,1,90,53,22203,"4"
4678,0,1,4,35,51,22191,"4"
4679,1,1,3,175,45,21029,"2"
4680,1,1,4,35,52,8057,"4"
4681,0,0,1,35,41,20008,"1"
4682,1,1,5,35,38,21093,"4"
4683,1,1,2,35,54,21702,"4"
4684,1,1,2,40,76,20904,"4"
4685,0,1,2,35,46,22030,"4"
4686,1,1,2,60,62,22039,"4"
4687,0,1,2,35,70,8046,"4"
4688,0,1,3,130,70,8527,"4"
4689,0,1,1,45,81,21209,"4"
4690,1,1,3,105,65,22630,"4"
4691,1,1,2,75,35,21209,"4"
4692,1,1,2,125,60,19038,"2"
4693,1,1,3,60,55,20124,"4"
4694,1,1,4,35,46,20861,"4"
4695,1,1,4,175,46,19004,"2"
4696,1,1,2,175,68,20008,"2"
4697,0,0,1,35,61,21403,"1"
4698,1,0,3,75,43,20904,"2"
4699,1,1,3,115,40,8540,"4"
4700,1,1,5,35,51,22031,"4"
4701,1,1,2,65,50,22030,"4"
4702,0,1,3,175,61,21146,"4"
4703,1,1,2,75,42,20814,"4"
4704,1,1,2,35,60,20007,"4"
4705,1,1,4,175,49,19119,"2"
4706,1,1,3,35,48,21117,"4"
4707,1,1,4,35,44,8205,"4"
4708,0,1,5,35,54,19147,"4"
4709,1,1,5,35,48,7728,"4"
4710,1,1,3,175,63,21230,"2"
4711,0,1,3,35,62,8043,"4"
4712,1,1,6,40,53,20794,"4"
4713,1,1,1,105,53,8742,"2"
4714,1,1,2,35,49,19083,"4"
4715,1,1,3,35,48,22153,"4"
4716,1,1,2,35,60,21044,"4"
4717,0,1,3,35,51,8620,"4"
4718,0,1,2,110,57,8034,"4"
4719,1,1,2,175,57,22630,"2"
4720,0,1,1,75,61,22203,"4"
4721,1,1,3,170,46,23113,"2"
4722,1,1,5,145,36,21131,"4"
4723,0,1,5,35,40,22407,"4"
4724,0,1,3,35,42,8057,"4"
4725,1,1,3,35,52,8028,"4"
4726,1,1,2,175,79,24060,"2"
4727,1,1,4,55,55,20120,"4"
4728,0,1,1,45,58,19027,"4"
4729,1,0,1,50,56,21797,"2"
4730,0,0,3,35,68,22182,"1"
4731,0,1,2,50,70,20121,"4"
4732,1,1,1,120,54,22205,"2"
4733,1,1,3,35,61,8060,"4"
4734,1,1,6,50,48,21236,"4"
4735,1,1,2,175,68,8005,"2"
4736,0,0,2,35,81,21228,"1"
4737,0,1,1,40,76,21236,"4"
4738,0,0,1,70,59,21122,"1"
4739,0,1,2,35,74,21042,"4"
4740,1,1,7,125,52,21210,"4"
4741,1,1,3,175,57,8620,"2"
4742,1,1,4,35,50,21035,"4"
4743,0,1,2,60,42,20120,"4"
4744,0,1,3,35,44,8520,"4"
4745,1,1,4,85,54,20815,"4"
4746,0,1,3,35,70,20861,"4"
4747,1,1,3,55,56,8318,"4"
4748,1,0,2,35,86,21157,"2"
4749,1,1,1,45,47,20874,"4"
4750,1,1,3,35,48,22201,"4"
4751,1,1,6,65,53,20850,"4"
4752,1,1,4,175,38,22030,"2"
4753,1,1,1,175,47,21212,"2"
4754,0,1,2,90,59,21234,"4"
4755,1,1,5,35,45,22003,"4"
4756,0,1,3,45,62,20872,"4"
4757,1,1,3,35,65,22124,"4"
4758,0,1,2,55,57,8690,"4"
4759,0,1,2,65,63,22039,"4"
4760,1,1,1,35,83,20115,"4"
4761,1,1,6,50,50,8520,"4"
4762,1,1,2,75,50,21157,"4"
4763,0,1,4,35,57,22124,"4"
4764,1,1,1,50,46,22101,"4"
4765,0,1,1,175,50,22003,"4"
4766,1,1,3,35,68,22124,"4"
4767,1,1,3,60,36,19038,"4"
4768,1,0,2,35,72,22027,"2"
4769,0,1,2,35,47,21774,"4"
4770,1,1,4,35,45,20817,"4"
4771,0,1,1,110,58,22309,"4"
4772,1,1,2,175,41,18901,"2"
4773,1,1,1,175,57,22205,"2"
4774,1,1,2,55,63,8690,"4"
4775,1,1,4,45,62,19038,"4"
4776,0,1,1,50,52,20895,"4"
4777,1,1,3,95,57,8540,"4"
4778,0,0,2,35,39,22032,"1"
4779,1,1,3,175,38,21032,"2"
4780,0,1,5,35,37,21784,"4"
4781,0,1,3,175,53,20003,"4"
4782,0,1,3,55,72,21401,"4"
4783,0,1,4,175,47,18901,"4"
4784,0,1,2,55,51,8361,"4"
4785,1,1,3,90,57,22030,"4"
4786,0,1,2,35,54,20902,"4"
4787,1,1,2,100,57,19087,"4"
4788,0,1,3,50,44,22102,"4"
4789,1,1,3,65,42,20832,"4"
4790,1,1,4,35,33,22701,"4"
4791,1,1,4,50,54,20817,"4"
4792,1,1,4,75,52,8302,"4"
4793,1,1,3,35,46,20186,"4"
4794,1,1,2,35,45,20124,"4"
4795,1,1,3,160,37,20111,"2"
4796,0,1,5,50,42,8021,"4"
4797,0,1,2,35,47,7728,"4"
4798,1,1,2,35,40,21210,"4"
4799,0,1,3,70,56,8691,"4"
4800,1,0,2,35,33,22031,"2"
4801,1,1,2,35,69,22314,"4"
4802,1,1,4,170,52,20854,"2"
4803,1,1,3,35,75,8759,"4"
4804,1,1,3,35,58,19047,"4"
4805,1,1,2,175,50,21210,"2"
4806,0,1,6,35,38,8755,"4"
4807,1,1,2,90,38,8215,"4"
4808,1,1,3,70,57,8690,"4"
4809,0,1,4,35,50,22124,"4"
4810,0,1,4,60,48,18940,"4"
4811,1,1,3,35,56,20147,"4"
4812,1,1,3,175,53,21093,"2"
4813,1,1,2,150,47,18901,"2"
4814,1,1,1,90,66,22601,"4"
4815,1,1,4,80,49,19010,"4"
4816,0,1,3,55,35,20815,"4"
4817,1,1,1,175,46,19010,"2"
4818,1,1,1,35,51,22201,"4"
4819,1,1,2,90,70,8759,"4"
4820,0,0,2,35,78,22903,"1"
4821,1,1,2,35,51,21030,"4"
4822,0,1,1,35,75,22630,"4"
4823,1,1,5,70,56,22039,"4"
4824,1,1,2,35,44,22201,"4"
4825,1,1,1,35,56,20876,"4"
4826,0,1,3,35,41,21738,"4"
4827,0,1,4,35,69,21234,"4"
4828,1,1,2,35,68,22405,"4"
4829,1,1,2,35,72,22043,"4"
4830,0,0,3,50,53,20176,"1"
4831,1,1,6,35,46,8755,"4"
4832,1,1,3,175,65,8057,"2"
4833,1,1,4,145,53,20194,"4"
4834,1,1,1,60,40,22180,"4"
4835,0,0,1,35,54,8226,"1"
4836,0,1,1,35,54,20111,"4"
4837,1,1,2,65,59,8361,"4"
4838,1,1,2,35,43,8527,"4"
4839,1,1,4,90,48,22031,"4"
4840,1,0,3,60,46,23229,"2"
4841,1,1,2,55,74,8048,"4"
4842,0,1,3,35,57,8077,"4"
4843,1,1,2,45,58,7728,"4"
4844,0,1,3,45,48,22030,"4"
4845,1,1,4,35,36,22207,"4"
4846,1,0,1,75,36,20910,"2"
4847,0,1,1,55,33,18940,"4"
4848,0,1,2,90,46,21157,"4"
4849,1,0,2,45,32,20910,"2"
4850,1,1,4,55,45,8234,"4"
4851,1,1,2,40,44,20901,"4"
4852,1,0,1,35,77,8527,"2"
4853,1,1,2,70,53,8759,"4"
4854,1,1,5,35,54,8753,"4"
4855,0,1,2,90,40,8201,"4"
4856,0,1,3,160,44,22192,"4"
4857,0,1,3,175,58,20186,"4"
4858,1,1,2,50,63,20016,"4"
4859,1,1,5,80,48,20905,"4"
4860,1,1,2,35,54,23113,"4"
4861,1,0,1,35,78,19128,"2"
4862,0,1,5,35,39,21075,"4"
4863,1,1,3,35,32,19087,"4"
4864,1,1,2,35,43,8302,"4"
4865,0,1,6,35,42,19446,"4"
4866,0,1,3,35,55,22039,"4"
4867,0,1,4,165,37,20124,"4"
4868,1,1,2,35,62,8816,"4"
4869,0,1,3,35,39,21702,"4"
4870,1,1,2,80,45,19083,"4"
4871,0,1,3,35,45,20132,"4"
4872,1,1,2,35,67,22205,"4"
4873,0,1,4,35,81,8054,"4"
4874,1,1,2,35,40,21286,"4"
4875,0,1,4,175,59,21144,"4"
4876,0,1,4,35,67,8009,"4"
4877,1,1,2,35,43,22030,"4"
4878,1,1,2,35,60,20120,"4"
4879,0,1,2,35,42,20815,"4"
4880,0,1,2,70,68,21117,"4"
4881,1,1,2,35,48,8742,"4"
4882,1,0,4,160,55,8534,"2"
4883,1,1,2,35,40,20170,"4"
4884,0,1,1,35,69,21044,"4"
4885,0,1,1,35,76,8090,"4"
4886,0,1,2,135,38,20176,"4"
4887,0,0,1,35,32,22201,"1"
4888,1,1,6,50,38,21771,"4"
4889,1,1,4,175,40,8520,"2"
4890,1,1,4,35,62,20007,"4"
4891,0,1,2,45,78,19128,"4"
4892,1,1,3,175,43,22180,"2"
4893,1,1,2,35,41,7728,"4"
4894,1,1,2,175,55,22311,"2"
4895,1,1,4,105,86,18901,"4"
4896,0,1,4,85,27,8088,"4"
4897,0,1,3,35,45,18901,"4"
4898,1,1,6,45,43,8755,"4"
4899,1,1,3,35,57,21701,"4"
4900,0,1,3,90,54,21401,"4"
4901,0,1,3,100,62,19087,"4"
4902,0,1,2,35,55,7728,"4"
4903,0,1,3,50,46,20874,"4"
4904,1,1,6,35,45,19002,"4"
4905,0,1,2,35,80,21090,"4"
4906,1,0,3,65,34,21122,"2"
4907,0,1,2,60,35,22901,"4"
4908,1,1,2,35,66,21037,"4"
4909,0,1,2,35,47,8060,"4"
4910,1,1,2,80,71,21044,"4"
4911,1,1,2,35,56,22030,"4"
4912,0,1,2,35,54,22315,"4"
4913,1,1,6,35,38,8107,"4"
4914,0,1,4,35,55,21401,"4"
4915,1,1,3,70,57,8062,"4"
4916,1,1,2,35,62,8088,"4"
4917,0,1,4,35,51,8234,"4"
4918,0,1,1,35,66,21784,"4"
4919,1,1,3,95,43,8053,"4"
4920,1,1,5,155,47,20187,"4"
4921,1,1,4,35,46,8527,"4"
4922,1,1,2,55,58,20171,"4"
4923,1,1,1,95,89,22207,"4"
4924,0,0,1,35,56,21229,"1"
4925,0,1,6,160,52,19087,"4"
4926,1,1,2,40,63,19087,"4"
4927,1,1,2,35,50,20878,"4"
4928,0,0,3,135,39,20186,"1"
4929,1,0,1,35,56,21784,"2"
4930,1,0,4,85,68,8022,"2"
4931,0,1,2,35,55,22309,"4"
4932,0,1,1,130,52,8034,"4"
4933,1,0,1,35,44,8096,"2"
4934,1,1,2,105,49,8050,"4"
4935,1,1,3,50,63,8004,"4"
4936,0,1,1,35,64,8724,"4"
4937,0,0,1,75,56,20009,"1"
4938,1,1,2,155,67,21061,"2"
4939,0,1,4,175,42,20016,"4"
4940,1,1,2,95,54,19004,"4"
4941,0,1,6,35,53,22314,"4"
4942,1,1,2,35,55,8062,"4"
4943,0,1,3,35,73,21207,"4"
4944,0,1,3,35,58,19002,"4"
4945,0,1,2,130,77,22102,"4"
4946,1,1,4,90,53,22101,"4"
4947,1,1,3,35,66,21401,"4"
4948,0,1,3,35,47,19136,"4"
4949,1,1,3,135,49,8088,"2"
4950,1,1,2,175,38,8050,"2"
4951,1,1,6,65,48,20882,"4"
4952,1,1,4,60,48,22182,"4"
4953,0,1,4,125,62,21117,"4"
4954,0,1,3,35,80,19111,"4"
4955,1,1,4,125,43,21042,"4"
4956,1,1,3,75,58,22192,"4"
4957,1,1,2,35,73,8742,"4"
4958,0,0,1,40,81,20877,"1"
4959,1,1,5,175,43,22180,"2"
4960,1,1,3,35,47,23229,"4"
4961,1,1,3,35,72,8050,"4"
4962,1,0,3,35,53,22044,"2"
4963,0,1,1,60,74,22182,"4"
4964,1,1,3,35,59,8690,"4"
4965,1,1,5,35,38,8010,"4"
4966,1,1,3,175,69,20136,"2"
4967,1,1,3,35,37,23233,"4"
4968,1,1,2,45,47,19083,"4"
4969,0,1,2,35,61,20003,"4"
4970,1,1,3,60,62,22033,"4"
4971,0,1,3,175,33,21029,"4"
4972,0,0,3,35,35,21212,"1"
4973,1,1,3,35,41,22193,"4"
4974,1,1,1,35,51,20111,"4"
4975,1,1,2,35,54,8691,"4"
4976,0,1,1,75,55,20187,"4"
4977,0,1,1,35,62,20016,"4"
4978,1,1,4,175,48,8033,"2"
4979,0,1,3,35,51,22180,"4"
4980,1,1,6,175,67,20191,"4"
4981,1,1,3,100,62,20015,"4"
4982,0,0,1,35,30,8050,"1"
4983,0,1,4,130,46,8540,"4"
4984,0,1,4,45,36,21014,"4"
4985,0,1,5,60,77,22207,"4"
4986,0,1,5,50,47,23113,"4"
4987,1,1,4,45,51,18901,"4"
4988,1,1,2,35,38,21771,"4"
4989,0,1,2,115,42,20876,"4"
4990,1,1,2,115,43,23233,"2"
4991,1,1,4,35,43,8055,"4"
4992,0,1,4,35,72,8055,"4"
4993,0,1,3,35,44,20111,"4"
4994,1,1,3,90,72,20175,"4"
4995,1,1,4,35,46,21210,"4"
4996,0,1,1,45,39,22314,"4"
4997,1,1,4,60,49,8003,"4"
4998,0,1,3,45,29,8075,"4"
4999,1,1,8,65,47,8201,"4"
5000,1,1,3,35,80,22151,"4"
5001,1,1,3,35,72,8701,"4"
5002,1,1,5,40,42,20878,"4"
5003,1,1,2,40,76,21158,"4"
5004,1,1,3,35,42,22407,"4"
5005,0,0,2,35,38,19002,"1"
5006,1,1,2,175,59,20901,"2"
5007,1,1,4,45,36,8731,"4"
5008,0,1,1,35,45,21122,"4"
5009,1,1,2,145,59,8550,"2"
5010,0,1,4,35,63,19152,"4"
5011,1,0,2,140,56,19010,"2"
5012,1,1,3,45,53,19002,"4"
5013,1,1,1,50,55,22046,"4"
5014,1,1,4,85,54,22213,"4"
5015,1,1,3,40,44,19067,"4"
5016,0,1,3,35,47,22039,"4"
5017,1,1,3,60,68,20879,"4"
5018,1,1,3,35,61,21042,"4"
5019,1,1,2,50,58,8759,"4"
5020,0,1,1,35,73,8048,"4"
5021,1,1,2,55,56,20110,"4"
5022,0,1,3,35,53,21210,"4"
5023,1,1,3,70,71,22039,"4"
5024,0,1,5,35,70,20877,"4"
5025,1,1,4,35,56,22153,"4"
5026,1,1,1,40,51,21207,"4"
5027,0,1,1,35,62,22206,"4"
5028,0,1,3,35,52,22602,"4"
5029,0,0,2,60,39,22043,"1"
5030,0,1,2,75,51,19111,"4"
5031,1,1,1,140,40,8054,"2"
5032,0,1,4,50,66,20111,"4"
5033,1,1,2,35,43,21209,"4"
5034,1,1,1,50,47,20180,"4"
5035,0,1,2,100,54,20180,"4"
5036,0,1,4,175,49,20853,"4"
5037,1,1,1,35,44,22207,"4"
5038,1,0,1,35,47,21784,"2"
5039,0,1,3,35,38,8022,"4"
5040,1,1,3,35,49,21030,"4"
5041,0,1,2,80,60,20169,"4"
5042,0,1,2,35,76,20853,"4"
5043,1,1,2,35,38,23185,"4"
5044,1,1,3,90,56,21228,"4"
5045,0,1,7,155,56,21042,"4"
5046,0,1,4,145,36,22039,"4"
5047,1,1,5,60,58,22193,"4"
5048,1,1,4,35,55,8755,"4"
5049,0,1,3,80,59,8691,"4"
5050,1,1,3,110,68,22039,"4"
5051,0,1,4,35,62,8065,"4"
5052,1,1,3,150,52,22015,"2"
5053,1,1,4,175,50,20817,"2"
5054,1,1,4,35,53,22554,"4"
5055,0,1,3,80,49,22315,"4"
5056,1,1,5,45,51,21014,"4"
5057,1,1,3,35,30,22151,"4"
5058,1,1,4,35,53,21108,"4"
5059,1,1,3,135,69,21210,"2"
5060,1,1,4,175,56,20194,"2"
5061,1,1,1,175,71,20817,"2"
5062,1,1,3,90,58,22043,"4"
5063,0,1,2,55,38,20176,"4"
5064,1,1,6,35,44,8053,"4"
5065,1,1,2,35,74,21158,"4"
5066,0,1,2,35,52,21236,"4"
5067,1,0,3,35,42,20008,"2"
5068,0,1,1,35,60,20171,"4"
5069,0,1,4,110,55,21212,"4"
5070,0,1,3,175,40,22901,"4"
5071,1,1,4,45,58,22101,"4"
5072,1,1,4,35,44,20124,"4"
5073,0,1,2,35,47,22207,"4"
5074,1,1,2,175,38,8057,"2"
5075,0,1,1,35,62,8721,"4"
5076,0,1,1,35,67,20024,"4"
5077,1,1,2,130,64,20815,"2"
5078,1,0,1,35,53,18901,"2"
5079,0,1,1,35,83,8757,"4"
5080,0,1,2,35,58,21234,"4"
5081,0,1,3,85,59,19020,"4"
5082,0,1,2,175,47,21044,"4"
5083,1,1,2,70,74,22015,"4"
5084,1,1,3,35,50,20120,"4"
5085,1,1,3,120,75,20815,"4"
5086,1,1,3,55,48,22015,"4"
5087,1,1,2,35,51,19002,"4"
5088,0,1,1,170,57,20852,"4"
5089,1,1,3,40,54,21158,"4"
5090,0,1,1,35,49,22042,"4"
5091,0,1,3,35,67,8540,"4"
5092,0,1,2,35,53,8003,"4"
5093,1,1,3,130,73,22601,"2"
5094,1,1,4,175,63,21212,"2"
5095,1,1,3,35,48,23233,"4"
5096,1,1,1,35,33,21122,"4"
5097,0,1,3,35,42,8361,"4"
5098,1,1,4,65,48,22401,"4"
5099,1,1,2,40,41,20872,"4"
5100,0,1,3,175,58,8002,"4"
5101,0,1,2,35,37,22601,"4"
5102,1,1,3,35,38,20720,"4"
5103,1,1,3,70,53,20141,"4"
5104,1,1,4,35,53,18966,"4"
5105,0,1,2,160,78,8234,"4"
5106,0,1,5,35,36,8225,"4"
5107,1,1,3,55,53,19004,"4"
5108,1,1,3,85,58,21114,"4"
5109,1,1,2,35,79,8691,"4"
5110,0,1,1,50,46,22301,"4"
5111,0,1,4,70,75,18901,"4"
5112,0,1,2,35,34,20817,"4"
5113,1,1,2,40,59,22407,"4"
5114,0,1,1,35,34,18901,"4"
5115,0,1,2,90,62,22309,"4"
5116,0,1,2,95,58,23113,"4"
5117,0,0,1,105,36,20007,"1"
5118,1,1,2,35,57,19128,"4"
5119,1,1,2,35,79,22043,"4"
5120,0,1,1,35,56,8873,"4"
5121,0,1,3,100,38,22901,"4"
5122,1,1,2,70,48,22031,"4"
5123,1,1,3,125,58,20882,"4"
5124,0,1,2,110,46,20850,"4"
5125,0,1,3,40,62,20111,"4"
5126,1,1,3,35,53,21771,"4"
5127,1,1,2,55,48,22046,"4"
5128,1,1,2,145,83,20814,"2"
5129,0,1,1,35,53,21701,"4"
5130,1,0,1,70,33,19106,"2"
5131,1,1,3,175,73,8005,"2"
5132,1,1,2,35,42,22039,"4"
5133,0,1,4,175,77,21702,"4"
5134,1,1,4,75,39,21012,"4"
5135,1,1,4,175,48,22153,"2"
5136,0,0,1,40,67,20902,"1"
5137,1,1,4,170,55,22003,"2"
5138,1,1,6,35,56,8205,"4"
5139,0,1,1,35,56,19103,"4"
5140,0,1,2,35,30,22032,"4"
5141,1,1,2,35,64,19087,"4"
5142,1,1,3,125,56,8223,"4"
5143,0,1,6,135,53,8053,"4"
5144,1,1,6,55,67,18966,"4"
5145,0,1,3,65,71,22124,"4"
5146,1,1,4,140,37,22044,"4"
5147,1,1,2,35,81,21030,"4"
5148,1,1,2,35,54,20910,"4"
5149,1,1,3,40,62,8210,"4"
5150,0,1,6,175,44,20170,"4"
5151,1,1,2,175,41,8302,"2"
5152,0,1,3,35,47,21158,"4"
5153,0,0,1,35,29,23185,"1"
5154,1,1,3,50,45,8057,"4"
5155,0,1,1,35,86,8757,"4"
5156,0,1,1,175,35,20016,"4"
5157,1,1,2,175,80,22308,"2"
5158,1,1,2,115,44,8205,"2"
5159,0,0,3,35,29,21113,"1"
5160,1,0,2,35,81,21061,"2"
5161,1,1,3,35,61,19006,"4"
5162,0,1,3,35,34,8053,"4"
5163,0,1,2,135,64,21209,"4"
5164,1,1,2,140,43,22407,"2"
5165,1,1,2,60,77,22151,"4"
5166,1,1,3,70,60,20855,"4"
5167,1,1,4,175,56,21133,"2"
5168,1,1,3,35,45,19096,"4"
5169,1,1,3,35,52,22309,"4"
5170,0,1,1,35,63,20874,"4"
5171,0,1,5,35,60,20854,"4"
5172,1,1,2,40,68,8755,"4"
5173,1,1,2,35,53,22304,"4"
5174,1,1,3,35,58,8002,"4"
5175,1,1,2,35,52,21204,"4"
5176,0,0,4,60,36,8054,"1"
5177,0,1,1,35,62,20853,"4"
5178,0,1,1,65,62,8077,"4"
5179,1,1,3,175,49,8043,"2"
5180,0,1,2,35,35,8234,"4"
5181,1,1,2,35,62,20850,"4"
5182,1,1,2,110,77,21042,"4"
5183,1,1,2,35,57,22031,"4"
5184,1,1,1,45,69,20109,"4"
5185,1,1,3,35,35,20724,"4"
5186,1,1,2,40,61,8080,"4"
5187,0,1,2,175,39,22207,"4"
5188,0,0,2,175,57,22201,"1"
5189,0,1,1,35,37,20003,"4"
5190,1,1,4,45,59,8005,"4"
5191,1,1,6,40,57,21234,"4"
5192,0,1,1,55,68,8008,"4"
5193,1,1,5,55,59,21771,"4"
5194,0,1,2,35,78,8757,"4"
5195,1,1,3,55,72,8690,"4"
5196,0,1,2,35,54,8022,"4"
5197,0,1,1,35,51,8361,"4"
5198,0,1,4,35,45,20882,"4"
5199,1,1,4,175,70,20008,"2"
5200,0,0,1,170,34,21093,"1"
5201,1,1,2,35,46,20187,"4"
5202,0,1,5,175,57,20723,"4"
5203,1,1,3,35,43,22033,"4"
5204,0,1,1,35,43,21046,"4"
5205,0,1,3,35,44,22630,"4"
5206,0,1,1,85,59,19067,"4"
5207,1,1,3,55,50,22192,"4"
5208,1,1,3,35,64,20906,"4"
5209,0,1,1,65,44,20009,"4"
5210,0,1,5,35,55,20878,"4"
5211,0,1,5,45,58,21046,"4"
5212,0,1,4,35,50,21701,"4"
5213,0,1,4,65,39,8026,"4"
5214,0,1,2,35,45,21131,"4"
5215,1,1,5,35,59,21030,"4"
5216,1,1,2,35,59,18966,"4"
5217,0,1,4,35,56,19067,"4"
5218,1,1,3,175,64,20016,"2"
5219,0,1,2,70,47,21060,"4"
5220,1,0,4,50,41,22407,"2"
5221,0,1,4,35,57,19115,"4"
5222,1,0,1,35,64,20175,"2"
5223,0,1,3,175,49,21701,"4"
5224,0,1,2,35,54,22401,"4"
5225,1,1,3,100,66,19446,"4"
5226,1,1,2,35,39,19010,"4"
5227,1,1,4,35,46,20715,"4"
5228,1,1,2,175,48,22041,"2"
5229,1,1,2,40,34,23113,"4"
5230,1,0,2,70,42,22901,"2"
5231,0,0,1,35,73,8005,"1"
5232,0,1,6,35,74,22026,"4"
5233,0,1,3,60,67,20906,"4"
5234,1,1,2,65,44,20817,"4"
5235,1,1,2,60,86,22407,"4"
5236,1,1,2,35,67,19067,"4"
5237,0,1,1,175,42,22102,"4"
5238,1,1,4,55,57,20832,"4"
5239,0,1,3,160,52,22180,"4"
5240,1,1,3,90,63,21114,"4"
5241,1,1,4,110,57,19067,"4"
5242,0,1,1,35,86,22042,"4"
5243,1,1,4,110,58,21797,"4"
5244,1,1,3,65,53,20715,"4"
5245,0,1,1,75,62,22124,"4"
5246,1,1,1,40,81,8701,"4"
5247,1,1,2,35,47,21228,"4"
5248,0,1,1,35,36,20009,"4"
5249,1,1,2,35,87,8753,"4"
5250,1,1,2,35,74,23185,"4"
5251,1,1,4,35,50,19087,"4"
5252,0,1,2,175,45,22554,"4"
5253,0,1,1,85,52,19119,"4"
5254,1,1,1,35,54,20902,"4"
5255,0,1,2,105,54,21234,"4"
5256,1,0,1,35,83,19111,"2"
5257,0,1,3,35,54,19046,"4"
5258,0,0,2,50,51,20036,"1"
5259,0,1,5,100,43,20124,"4"
5260,1,1,2,75,75,21401,"4"
5261,1,1,4,55,45,8081,"4"
5262,1,1,5,80,51,19067,"4"
5263,0,1,3,90,44,22207,"4"
5264,0,1,5,35,57,20723,"4"
5265,1,1,4,175,44,22193,"2"
5266,1,1,2,105,54,22180,"4"
5267,0,1,5,45,46,18901,"4"
5268,1,1,2,35,48,22101,"4"
5269,1,1,1,35,56,20171,"4"
5270,0,0,3,35,39,20815,"1"
5271,1,1,2,90,47,21157,"4"
5272,0,1,3,40,44,21014,"4"
5273,1,1,3,35,81,20832,"4"
5274,1,1,3,175,53,20194,"2"
5275,0,1,2,35,48,22307,"4"
5276,1,1,4,115,56,20832,"4"
5277,1,1,5,35,37,21015,"4"
5278,1,1,5,85,40,22043,"4"
5279,1,1,1,35,88,22031,"4"
5280,1,1,4,80,60,8628,"4"
5281,1,1,5,35,49,20854,"4"
5282,0,1,2,40,53,8816,"4"
5283,0,0,1,55,67,22031,"1"
5284,1,1,1,35,38,21236,"4"
5285,0,1,1,125,53,8008,"4"
5286,1,1,1,35,61,21234,"4"
5287,0,1,1,50,53,22043,"4"
5288,0,1,5,175,35,22015,"4"
5289,1,1,2,35,46,19046,"4"
5290,1,1,5,35,41,8221,"4"
5291,1,1,5,35,54,21093,"4"
5292,0,1,4,65,52,20016,"4"
5293,0,1,4,175,46,20906,"4"
5294,0,1,2,40,86,19136,"4"
5295,1,1,2,35,55,22031,"4"
5296,0,1,3,35,36,20817,"4"
5297,1,0,2,35,88,21204,"2"
5298,1,1,2,80,64,21208,"4"
5299,0,0,1,60,37,21117,"1"
5300,0,0,1,175,48,22209,"1"
5301,1,1,2,100,71,22015,"4"
5302,0,1,4,85,57,23229,"4"
5303,1,0,1,35,80,21030,"2"
5304,1,1,4,100,53,21117,"4"
5305,0,1,2,175,48,8742,"4"
5306,0,1,1,70,55,22301,"4"
5307,1,1,5,40,51,8724,"4"
5308,0,1,3,120,46,20833,"4"
5309,1,1,2,35,32,20120,"4"
5310,1,1,3,75,66,8033,"4"
5311,1,1,4,35,43,22150,"4"
5312,1,1,3,55,71,21701,"4"
5313,1,1,2,40,74,8540,"4"
5314,1,1,3,75,60,8610,"4"
5315,0,1,1,115,73,22066,"4"
5316,1,1,2,110,58,22407,"4"
5317,1,1,4,130,39,19446,"4"
5318,0,1,2,80,46,22701,"4"
5319,1,1,2,40,78,21204,"4"
5320,1,1,3,35,56,20176,"4"
5321,1,1,3,35,78,22031,"4"
5322,0,1,1,35,44,20904,"4"
5323,1,1,4,35,41,20171,"4"
5324,1,0,2,35,55,22304,"2"
5325,1,1,4,95,52,8008,"4"
5326,0,1,1,70,66,8022,"4"
5327,0,1,1,65,48,22032,"4"
5328,0,1,1,175,40,20015,"4"
5329,1,1,2,35,85,21234,"4"
5330,0,0,1,50,41,22043,"1"
5331,1,1,3,35,76,8108,"4"
5332,0,1,2,155,65,21797,"4"
5333,1,1,2,50,80,18901,"4"
5334,0,1,6,90,42,22407,"4"
5335,1,1,1,35,49,21702,"4"
5336,1,1,2,35,59,20882,"4"
5337,1,1,4,75,37,20015,"4"
5338,0,1,2,90,35,21014,"4"
5339,1,0,1,35,48,19446,"2"
5340,1,1,2,35,75,20770,"4"
5341,1,1,2,35,54,21204,"4"
5342,1,1,5,35,52,21403,"4"
5343,1,1,2,175,58,22079,"2"
5344,0,1,2,75,38,20147,"4"
5345,0,1,3,120,52,22554,"4"
5346,1,1,2,35,72,21093,"4"
5347,1,1,2,95,54,20008,"4"
5348,1,1,3,90,57,20715,"4"
5349,0,1,3,70,57,18901,"4"
5350,1,1,3,35,60,8035,"4"
5351,1,1,1,160,45,20816,"2"
5352,1,0,3,35,46,19020,"2"
5353,1,1,1,65,61,8054,"4"
5354,1,1,9,40,46,8619,"4"
5355,0,1,2,80,34,18901,"4"
5356,1,1,3,40,43,20853,"4"
5357,0,1,2,50,50,22310,"4"
5358,0,1,4,35,38,8520,"4"
5359,1,1,2,35,61,24060,"4"
5360,0,1,2,115,68,22102,"4"
5361,1,1,4,35,64,21210,"4"
5362,0,1,2,175,61,20854,"4"
5363,1,1,1,35,55,22201,"4"
5364,0,1,1,90,59,21208,"4"
5365,1,1,2,35,57,22192,"4"
5366,1,1,4,40,74,20902,"4"
5367,0,1,3,45,49,20170,"4"
5368,0,1,3,35,30,20191,"4"
5369,1,1,4,50,52,8003,"4"
5370,1,1,4,125,49,22066,"4"
5371,1,1,2,145,62,20783,"2"
5372,1,1,4,35,59,8619,"4"
5373,1,1,1,35,29,20003,"4"
5374,1,1,3,35,89,21029,"4"
5375,0,1,3,35,57,21403,"4"
5376,1,1,5,90,46,8080,"4"
5377,0,0,1,65,35,20815,"1"
5378,1,1,2,120,40,22003,"2"
5379,1,1,3,35,84,22308,"4"
5380,0,0,2,35,76,19446,"1"
5381,1,1,4,35,52,8081,"4"
5382,1,1,4,45,44,19006,"4"
5383,0,1,2,35,40,19067,"4"
5384,1,1,4,35,43,18940,"4"
5385,1,1,3,35,45,21212,"4"
5386,1,1,4,135,66,20723,"4"
5387,1,1,4,35,65,8753,"4"
5388,0,1,1,35,84,22630,"4"
5389,0,1,5,50,59,20770,"4"
5390,1,1,3,55,58,19046,"4"
5391,1,1,5,105,50,21771,"4"
5392,1,1,3,35,42,8081,"4"
5393,0,1,4,35,51,22901,"4"
5394,0,1,2,35,29,20904,"4"
5395,0,1,1,35,47,21234,"4"
5396,1,1,1,55,73,20186,"4"
5397,0,1,2,35,82,19038,"4"
5398,1,1,3,175,55,21042,"2"
5399,1,1,1,35,80,8759,"4"
5400,1,1,2,60,78,22015,"4"
5401,1,1,4,105,47,22066,"4"
5402,0,1,4,35,74,23229,"4"
5403,1,1,6,35,53,19053,"4"
5404,0,1,4,35,74,20111,"4"
5405,1,1,2,35,55,20009,"4"
5406,1,1,4,175,41,22101,"2"
5407,1,1,4,80,47,19002,"4"
5408,1,1,1,70,64,8009,"4"
5409,1,1,4,90,50,20853,"4"
5410,0,0,1,65,35,20007,"1"
5411,1,1,2,35,38,18901,"4"
5412,1,1,4,45,55,19067,"4"
5413,1,1,4,140,50,22039,"4"
5414,1,1,3,175,57,8034,"2"
5415,1,1,3,35,54,8054,"4"
5416,1,1,2,35,80,8724,"4"
5417,0,1,1,35,54,20817,"4"
5418,1,1,2,45,87,19135,"4"
5419,1,1,2,35,53,8223,"4"
5420,0,0,1,80,42,21209,"1"
5421,0,0,1,35,32,22310,"1"
5422,0,1,3,35,41,21104,"4"
5423,1,1,2,175,70,20151,"2"
5424,1,1,2,45,72,21093,"4"
5425,0,1,1,35,58,20008,"4"
5426,1,1,3,175,53,21229,"2"
5427,1,1,1,35,38,18940,"4"
5428,1,1,2,35,53,20124,"4"
5429,0,0,3,35,57,21784,"1"
5430,1,1,1,155,58,22042,"2"
5431,0,1,1,60,83,22308,"4"
5432,0,1,2,35,59,20008,"4"
5433,0,1,1,45,74,22124,"4"
5434,1,0,7,35,45,22701,"2"
5435,0,1,1,50,31,21210,"4"
5436,0,1,2,105,55,21212,"4"
5437,0,1,1,75,48,21136,"4"
5438,1,1,3,35,49,22124,"4"
5439,0,1,2,135,40,21204,"4"
5440,0,1,1,35,59,20016,"4"
5441,1,1,3,35,78,20744,"4"
5442,0,1,1,35,42,22304,"4"
5443,1,0,2,105,57,21228,"2"
5444,1,1,1,135,48,21163,"2"
5445,0,1,3,120,64,22101,"4"
5446,1,1,4,35,52,23229,"4"
5447,1,1,5,90,58,8087,"4"
5448,1,1,1,140,82,21210,"2"
5449,0,1,1,175,42,22315,"4"
5450,1,1,1,135,42,20151,"2"
5451,1,1,2,35,80,8534,"4"
5452,1,1,2,175,53,21401,"2"
5453,0,1,3,40,45,21029,"4"
5454,1,0,4,55,52,21401,"2"
5455,0,1,3,35,34,8043,"4"
5456,0,1,5,35,64,19038,"4"
5457,0,1,3,35,44,20180,"4"
5458,0,1,2,35,56,21401,"4"
5459,1,1,3,150,58,21122,"2"
5460,0,1,4,35,54,8080,"4"
5461,1,0,1,35,52,22044,"2"
5462,0,1,3,50,54,20853,"4"
5463,1,1,6,175,48,8534,"4"
5464,0,1,6,60,37,21229,"4"
5465,1,1,2,35,74,8701,"4"
5466,1,1,5,155,52,21075,"4"
5467,0,1,3,35,38,19087,"4"
5468,1,1,3,45,55,8087,"4"
5469,0,0,1,35,87,22602,"1"
5470,1,1,6,65,38,8009,"4"
5471,1,1,3,35,51,21204,"4"
5472,1,1,6,35,53,23233,"4"
5473,1,1,3,35,60,8077,"4"
5474,1,1,3,35,63,8009,"4"
5475,1,1,1,85,57,19002,"4"
5476,0,1,2,90,34,18901,"4"
5477,1,1,5,40,58,21209,"4"
5478,1,1,6,35,41,18940,"4"
5479,1,1,4,130,77,19006,"4"
5480,1,0,2,80,44,20814,"2"
5481,1,1,3,55,41,19046,"4"
5482,1,1,3,35,52,19154,"4"
5483,0,1,1,35,41,22181,"4"
5484,0,1,4,35,56,22030,"4"
5485,0,1,2,120,54,20854,"4"
5486,1,1,5,35,53,8221,"4"
5487,1,1,3,75,46,8723,"4"
5488,1,1,5,35,62,20833,"4"
5489,1,1,4,40,53,8003,"4"
5490,0,1,5,35,60,20003,"4"
5491,0,1,5,35,75,20895,"4"
5492,1,1,5,35,66,22315,"4"
5493,0,1,4,50,56,21210,"4"
5494,0,1,4,35,58,8691,"4"
5495,1,1,3,35,55,22307,"4"
5496,1,1,4,95,43,21702,"4"
5497,1,1,3,175,80,22304,"2"
5498,1,1,3,45,66,8205,"4"
5499,0,1,2,60,53,20707,"4"
5500,1,1,2,55,42,20170,"4"
5501,0,1,1,35,71,21210,"4"
5502,0,1,1,35,75,22032,"4"
5503,1,0,1,65,33,21228,"2"
5504,1,1,3,35,45,8065,"4"
5505,0,1,4,35,65,20905,"4"
5506,1,1,2,35,55,8691,"4"
5507,0,1,1,175,61,22102,"4"
5508,1,1,5,100,46,20816,"4"
5509,1,1,2,35,43,20902,"4"
5510,1,1,1,130,38,20191,"2"
5511,0,1,2,170,66,8540,"4"
5512,0,1,2,75,50,8048,"4"
5513,0,1,1,65,50,21113,"4"
5514,1,1,1,35,44,21234,"4"
5515,0,1,5,35,78,19020,"4"
5516,1,1,1,50,42,22182,"4"
5517,1,1,4,110,44,20902,"4"
5518,1,1,3,35,54,19096,"4"
5519,1,1,6,95,44,19046,"4"
5520,0,1,1,175,68,20187,"4"
5521,1,0,3,35,52,21784,"2"
5522,1,1,5,40,37,8753,"4"
5523,0,1,5,35,51,20852,"4"
5524,1,1,4,35,86,21784,"4"
5525,1,1,6,60,41,20148,"4"
5526,0,1,2,40,53,20814,"4"
5527,1,1,3,35,53,19114,"4"
5528,0,1,2,35,61,21054,"4"
5529,0,1,1,35,45,22204,"4"
5530,1,1,5,35,59,22407,"4"
5531,1,1,3,35,53,21228,"4"
5532,1,1,4,35,38,22043,"4"
5533,0,1,1,95,61,21054,"4"
5534,1,1,1,110,64,20901,"2"
5535,1,1,4,35,41,21158,"4"
5536,0,1,3,35,43,21236,"4"
5537,1,0,1,50,26,19128,"2"
5538,1,1,3,35,50,22630,"4"
5539,1,1,1,175,56,19087,"2"
5540,1,1,4,100,40,20814,"4"
5541,0,1,3,135,50,22308,"4"
5542,1,1,3,45,48,21093,"4"
5543,1,1,4,65,54,22030,"4"
5544,1,1,4,135,54,20852,"4"
5545,0,1,3,90,55,21228,"4"
5546,0,0,2,35,55,18940,"1"
5547,1,1,4,35,64,8302,"4"
5548,1,1,4,155,65,21108,"2"
5549,0,1,3,55,56,21014,"4"
5550,1,1,2,175,57,19087,"2"
5551,1,1,2,75,58,23113,"4"
5552,0,1,3,120,53,20904,"4"
5553,1,1,2,35,66,21228,"4"
5554,1,1,2,105,42,21403,"4"
5555,0,1,1,140,55,21401,"4"
5556,1,1,3,35,45,8215,"4"
5557,1,0,5,35,46,22180,"2"
5558,0,1,1,75,40,21117,"4"
5559,0,1,3,175,70,8106,"4"
5560,0,1,5,35,54,20171,"4"
5561,1,1,4,175,54,22101,"2"
5562,0,1,6,75,47,21286,"4"
5563,1,0,1,35,54,8540,"2"
5564,0,1,6,120,56,20147,"4"
5565,0,1,3,35,47,20910,"4"
5566,0,1,3,80,63,22193,"4"
5567,0,0,1,35,85,20770,"1"
5568,1,0,2,60,41,20707,"2"
5569,0,1,8,35,46,19020,"4"
5570,0,1,2,175,51,22911,"4"
5571,0,1,1,35,61,22304,"4"
5572,0,1,2,35,43,22031,"4"
5573,1,1,6,35,38,8075,"4"
5574,0,1,5,35,63,8540,"4"
5575,1,1,2,165,48,21014,"2"
5576,0,1,2,55,46,21230,"4"
5577,0,1,1,40,46,22201,"4"
5578,0,1,4,65,40,8016,"4"
5579,1,0,2,45,51,20895,"2"
5580,0,1,3,35,67,22015,"4"
5581,0,1,2,35,68,20878,"4"
5582,0,1,2,45,52,21044,"4"
5583,1,1,3,35,79,19047,"4"
5584,1,1,2,35,48,21212,"4"
5585,0,0,1,65,46,20036,"1"
5586,0,0,1,35,46,20016,"1"
5587,1,1,2,150,67,21403,"2"
5588,1,1,4,40,46,21131,"4"
5589,1,0,3,50,66,20852,"2"
5590,0,1,3,135,51,23229,"4"
5591,0,1,2,175,58,8753,"4"
5592,1,1,2,175,51,22308,"2"
5593,1,1,3,90,60,8055,"4"
5594,1,1,2,35,44,8330,"4"
5595,1,1,3,60,51,20147,"4"
5596,1,1,2,35,63,22309,"4"
5597,1,1,7,75,37,21014,"4"
5598,0,1,2,50,74,20852,"4"
5599,1,1,3,35,37,20147,"4"
5600,1,1,4,175,65,8226,"2"
5601,1,1,3,35,56,8034,"4"
5602,1,0,1,35,37,23233,"2"
5603,1,1,2,35,54,19053,"4"
5604,0,1,2,70,63,21114,"4"
5605,1,1,2,85,58,8215,"4"
5606,1,1,2,35,55,20147,"4"
5607,1,1,3,35,56,23233,"4"
5608,0,0,1,75,46,20912,"1"
5609,1,1,4,130,63,20171,"4"
5610,1,1,3,35,75,8037,"4"
5611,0,1,2,75,36,19010,"4"
5612,0,1,3,175,59,22304,"4"
5613,0,0,1,35,41,20015,"1"
5614,0,1,1,35,51,20175,"4"
5615,1,1,5,175,73,20872,"2"
5616,1,1,3,70,55,21108,"4"
5617,1,1,2,50,53,21108,"4"
5618,0,1,3,35,60,21209,"4"
5619,1,1,3,35,49,20175,"4"
5620,0,1,5,35,49,22306,"4"
5621,1,1,2,90,47,20176,"4"
5622,1,1,2,120,67,8055,"2"
5623,0,1,1,35,70,22046,"4"
5624,1,1,2,35,64,20902,"4"
5625,1,1,2,80,39,22304,"4"
5626,0,0,1,35,32,19067,"1"
5627,1,1,4,35,50,18940,"4"
5628,1,1,1,175,44,20814,"2"
5629,0,1,2,35,33,19136,"4"
5630,0,1,2,95,30,22101,"4"
5631,0,1,4,125,53,20112,"4"
5632,1,1,4,40,52,21054,"4"
5633,0,1,1,35,36,8520,"4"
5634,1,1,1,175,45,20817,"2"
5635,1,1,3,60,49,22401,"4"
5636,0,1,2,35,56,21136,"4"
5637,1,1,3,150,55,20816,"2"
5638,1,1,3,35,52,19136,"4"
5639,0,1,2,45,56,20904,"4"
5640,1,1,4,35,82,21093,"4"
5641,1,1,1,35,28,21157,"4"
5642,1,1,2,35,47,20905,"4"
5643,0,1,3,175,57,19119,"4"
5644,0,0,2,55,64,21122,"1"
5645,1,1,1,100,66,19067,"2"
5646,1,1,1,60,67,22308,"4"
5647,0,1,2,65,53,20815,"4"
5648,1,1,2,55,78,20853,"4"
5649,1,1,2,120,48,21117,"2"
5650,1,1,1,65,45,7728,"4"
5651,1,1,3,40,62,8628,"4"
5652,1,1,1,85,41,8619,"4"
5653,1,0,1,35,33,22306,"2"
5654,1,1,4,35,53,21014,"4"
5655,0,1,1,35,61,21212,"4"
5656,1,1,3,75,57,19010,"4"
5657,1,1,7,35,34,22039,"4"
5658,0,1,2,35,41,20151,"4"
5659,1,0,4,70,55,20876,"2"
5660,0,1,1,65,59,20171,"4"
5661,1,1,3,75,47,21794,"4"
5662,1,1,2,175,55,22305,"2"
5663,1,1,2,35,40,22602,"4"
5664,1,1,2,105,55,22309,"4"
5665,0,1,4,35,64,19067,"4"
5666,1,1,2,35,47,22101,"4"
5667,1,1,3,35,72,20715,"4"
5668,1,0,1,45,32,20910,"2"
5669,0,1,4,65,41,21771,"4"
5670,0,0,3,35,41,20118,"1"
5671,1,1,4,70,57,19087,"4"
5672,1,1,2,55,72,20744,"4"
5673,1,0,2,35,33,20874,"2"
5674,0,1,1,40,84,22203,"4"
5675,1,1,2,35,47,22101,"4"
5676,1,1,3,75,54,19115,"4"
5677,1,1,4,45,56,20165,"4"
5678,1,1,3,50,61,22101,"4"
5679,0,1,3,55,27,20147,"4"
5680,1,1,2,35,53,22101,"4"
5681,1,1,6,35,35,8060,"4"
5682,0,1,6,35,39,8109,"4"
5683,1,1,1,35,39,8094,"4"
5684,0,1,4,35,47,20715,"4"
5685,1,1,2,35,56,21401,"4"
5686,1,1,3,35,62,21104,"4"
5687,0,1,1,95,60,24060,"4"
5688,1,1,2,115,54,8088,"2"
5689,1,1,1,35,43,20901,"4"
5690,0,1,2,35,58,8226,"4"
5691,1,1,2,35,87,23233,"4"
5692,1,1,3,175,51,19010,"2"
5693,0,0,1,175,57,21401,"1"
5694,0,1,4,35,46,20876,"4"
5695,0,1,2,175,44,22611,"4"
5696,1,1,3,115,64,20170,"4"
5697,0,1,1,65,57,21029,"4"
5698,1,1,2,55,50,19446,"4"
5699,1,1,1,100,50,19154,"2"
5700,1,1,1,35,48,20165,"4"
5701,0,0,3,60,53,22611,"1"
5702,1,1,4,35,45,19067,"4"
5703,0,0,1,35,35,20015,"1"
5704,1,1,4,35,62,22310,"4"
5705,0,1,1,80,76,20902,"4"
5706,1,1,1,85,74,23185,"4"
5707,0,1,4,35,68,23185,"4"
5708,1,1,2,40,50,19002,"4"
5709,1,1,3,85,63,20197,"4"
5710,0,1,1,35,73,21204,"4"
5711,1,1,4,35,68,21228,"4"
5712,0,1,3,55,38,21157,"4"
5713,1,1,2,85,48,20855,"4"
5714,0,1,6,35,42,8723,"4"
5715,0,1,6,50,42,8078,"4"
5716,1,1,2,40,63,8620,"4"
5717,0,1,1,55,45,20879,"4"
5718,1,1,3,50,43,8221,"4"
5719,0,1,2,35,42,21037,"4"
5720,1,1,2,35,43,8540,"4"
5721,1,1,5,85,57,21228,"4"
5722,1,1,4,55,69,21093,"4"
5723,1,1,2,35,48,8071,"4"
5724,0,1,4,35,35,8046,"4"
5725,1,1,2,50,60,20036,"4"
5726,1,1,4,85,71,8873,"4"
5727,0,1,3,110,44,8550,"4"
5728,1,1,5,160,53,22204,"4"
5729,0,1,2,95,57,20008,"4"
5730,1,1,3,35,55,21046,"4"
5731,1,1,4,35,35,21037,"4"
5732,1,1,3,35,56,20854,"4"
5733,1,1,4,35,33,20132,"4"
5734,1,1,2,45,42,8033,"4"
5735,1,1,2,80,58,21042,"4"
5736,1,1,1,130,59,20853,"2"
5737,1,1,1,175,50,20817,"2"
5738,1,1,4,130,41,20148,"4"
5739,0,1,3,35,56,23229,"4"
5740,0,1,1,35,60,20007,"4"
5741,1,1,3,130,74,22308,"2"
5742,0,1,1,145,49,22043,"4"
5743,0,1,2,35,61,19154,"4"
5744,1,1,2,55,50,21234,"4"
5745,1,1,2,35,46,8724,"4"
5746,0,1,3,140,46,19047,"4"
5747,0,1,1,35,53,23113,"4"
5748,0,0,1,35,32,20815,"1"
5749,1,1,3,85,66,19083,"4"
5750,1,1,3,55,57,8002,"4"
5751,1,0,1,55,54,22304,"2"
5752,1,1,3,175,47,22066,"2"
5753,0,1,2,35,64,20783,"4"
5754,0,1,1,130,71,22901,"4"
5755,1,1,3,35,54,19047,"4"
5756,0,1,3,35,42,21054,"4"
5757,1,1,1,140,63,22101,"2"
5758,0,1,3,35,60,21093,"4"
5759,0,1,3,35,40,21236,"4"
5760,0,1,4,35,61,21286,"4"
5761,1,1,1,35,52,20815,"4"
5762,1,1,2,35,66,21030,"4"
5763,1,0,1,35,58,20158,"2"
5764,0,0,2,35,36,21227,"1"
5765,1,1,1,35,54,8085,"4"
5766,1,1,3,60,66,22003,"4"
5767,1,1,1,35,61,20186,"4"
5768,1,1,4,35,49,20171,"4"
5769,1,1,2,40,64,21701,"4"
5770,0,1,2,80,37,20132,"4"
5771,0,1,4,35,46,21228,"4"
5772,1,1,1,35,78,22401,"4"
5773,0,1,2,35,44,7728,"4"
5774,1,1,4,150,53,22554,"2"
5775,0,1,2,80,49,21207,"4"
5776,0,0,2,105,77,8055,"1"
5777,1,1,3,65,44,21228,"4"
5778,0,1,5,130,48,21401,"4"
5779,1,1,2,120,51,20910,"2"
5780,1,1,1,115,77,22039,"2"
5781,0,0,1,35,50,22302,"1"
5782,1,1,3,100,47,22911,"4"
5783,1,1,1,35,82,20008,"4"
5784,0,1,1,35,68,8757,"4"
5785,1,0,1,35,57,22901,"2"
5786,1,1,3,150,49,21204,"2"
5787,0,1,5,90,54,19446,"4"
5788,1,1,2,175,70,22308,"2"
5789,1,1,1,80,44,8043,"4"
5790,0,1,1,55,45,8360,"4"
5791,1,1,1,175,48,22205,"2"
5792,1,1,1,65,70,20180,"4"
5793,1,1,4,70,43,8108,"4"
5794,1,1,3,35,40,23233,"4"
5795,0,1,3,35,63,21012,"4"
5796,0,1,3,35,57,21701,"4"
5797,1,0,1,35,63,20016,"2"
5798,1,1,4,175,58,22101,"2"
5799,1,1,4,175,83,22015,"2"
5800,0,1,2,90,56,8742,"4"
5801,0,1,2,35,61,21702,"4"
5802,1,1,5,35,63,8361,"4"
5803,0,1,1,35,41,8037,"4"
5804,0,1,1,80,46,21093,"4"
5805,1,1,3,60,55,24060,"4"
5806,0,1,1,35,42,8318,"4"
5807,1,1,5,35,34,20111,"4"
5808,0,1,5,35,79,22101,"4"
5809,1,1,4,175,69,8028,"2"
5810,1,1,3,135,65,23185,"2"
5811,1,1,2,35,65,19010,"4"
5812,1,1,1,35,42,20008,"4"
5813,0,1,7,175,68,20850,"4"
5814,0,1,1,35,84,8701,"4"
5815,1,1,1,35,80,21090,"4"
5816,1,1,6,35,48,19006,"4"
5817,0,1,5,35,63,8077,"4"
5818,1,1,2,35,55,21157,"4"
5819,1,1,3,175,44,21012,"2"
5820,1,1,2,35,56,22911,"4"
5821,1,1,4,35,48,22039,"4"
5822,1,1,3,35,79,21403,"4"
5823,1,1,6,35,38,18901,"4"
5824,1,1,4,175,43,20816,"2"
5825,1,1,2,90,53,22039,"4"
5826,0,1,2,145,54,21401,"4"
5827,1,1,2,35,67,22015,"4"
5828,1,1,2,35,69,8753,"4"
5829,0,1,1,35,60,8759,"4"
5830,1,1,3,45,48,19027,"4"
5831,1,1,2,90,72,20132,"4"
5832,1,1,1,95,58,22192,"2"
5833,1,1,3,35,74,20853,"4"
5834,1,1,6,65,40,21015,"4"
5835,0,1,2,175,53,20817,"4"
5836,1,1,5,80,53,8003,"4"
5837,0,1,1,35,57,22315,"4"
5838,0,1,2,65,70,20112,"4"
5839,1,1,5,35,50,8088,"4"
5840,1,1,2,35,44,20187,"4"
5841,1,1,3,35,65,8724,"4"
5842,1,1,2,65,45,21401,"4"
5843,1,1,3,135,65,18940,"2"
5844,1,1,3,65,49,20855,"4"
5845,1,1,4,60,54,21146,"4"
5846,1,1,3,65,55,8096,"4"
5847,1,1,3,35,56,20879,"4"
5848,0,1,1,35,58,8527,"4"
5849,0,1,1,135,59,22181,"4"
5850,1,1,4,35,39,8721,"4"
5851,0,1,3,35,64,19027,"4"
5852,1,1,3,65,51,21074,"4"
5853,1,1,5,160,82,22152,"4"
5854,0,1,4,50,54,20170,"4"
5855,1,1,1,120,54,20003,"2"
5856,1,1,3,175,64,21042,"2"
5857,0,1,2,70,88,21401,"4"
5858,0,1,3,35,38,21771,"4"
5859,1,1,3,35,36,8048,"4"
5860,1,1,4,105,56,21108,"4"
5861,0,1,2,55,72,8226,"4"
5862,1,1,3,175,54,21014,"2"
5863,1,1,2,35,51,20872,"4"
5864,1,1,4,35,52,8742,"4"
5865,0,1,2,100,74,20117,"4"
5866,0,1,1,80,42,22205,"4"
5867,0,1,2,70,60,8062,"4"
5868,1,1,5,35,46,23229,"4"
5869,1,1,4,35,60,22030,"4"
5870,0,1,4,35,62,8753,"4"
5871,1,1,2,95,49,21093,"4"
5872,0,1,3,55,37,20015,"4"
5873,1,0,3,50,39,20187,"2"
5874,1,0,5,35,61,21230,"2"
5875,0,1,3,35,57,21037,"4"
5876,0,1,2,35,76,22701,"4"
5877,0,1,4,35,62,22182,"4"
5878,1,1,4,35,47,8057,"4"
5879,1,1,3,175,58,21035,"2"
5880,0,1,3,50,58,20008,"4"
5881,1,1,6,35,79,20874,"4"
5882,1,0,4,60,34,20882,"2"
5883,0,1,2,45,62,8690,"4"
5884,1,1,4,40,45,22554,"4"
5885,1,1,3,150,56,22039,"2"
5886,0,1,3,175,53,22031,"4"
5887,0,0,2,35,39,20815,"1"
5888,0,1,2,150,66,22046,"4"
5889,1,1,3,65,36,19152,"4"
5890,1,1,5,105,46,22407,"4"
5891,0,1,5,35,57,7726,"4"
5892,1,1,5,110,54,20176,"4"
5893,1,1,4,165,47,21204,"2"
5894,0,1,3,175,42,22152,"4"
5895,1,1,4,135,51,21014,"4"
5896,1,1,2,80,64,7728,"4"
5897,0,1,1,110,59,21210,"4"
5898,1,1,3,35,57,8701,"4"
5899,1,1,3,35,58,20874,"4"
5900,1,1,2,150,44,22903,"2"
5901,0,1,1,75,46,21771,"4"
5902,0,1,2,50,74,20853,"4"
5903,0,1,1,35,57,22314,"4"
5904,1,1,2,85,60,21158,"4"
5905,1,1,5,35,50,8084,"4"
5906,0,1,1,45,36,20902,"4"
5907,1,1,6,35,53,20879,"4"
5908,1,1,1,35,48,8691,"4"
5909,1,1,4,35,63,22039,"4"
5910,1,1,3,35,42,19020,"4"
5911,0,1,4,55,52,22554,"4"
5912,1,1,4,95,52,21122,"4"
5913,1,1,2,145,64,22151,"2"
5914,0,1,3,125,46,21122,"4"
5915,1,1,3,55,52,21157,"4"
5916,1,1,3,140,47,22101,"2"
5917,1,1,2,105,41,21784,"4"
5918,0,1,4,35,61,21133,"4"
5919,0,1,4,35,50,20814,"4"
5920,1,1,3,35,65,20910,"4"
5921,0,1,3,35,71,22901,"4"
5922,1,1,1,35,60,21228,"4"
5923,1,0,1,35,56,20877,"2"
5924,0,0,3,175,40,22192,"1"
5925,0,1,2,35,48,22315,"4"
5926,1,1,2,35,37,22302,"4"
5927,1,1,2,60,59,19002,"4"
5928,1,1,2,35,60,8094,"4"
5929,1,1,1,35,54,22003,"4"
5930,1,1,3,130,52,22901,"2"
5931,0,1,4,110,32,22554,"4"
5932,1,0,2,40,30,24060,"2"
5933,0,1,4,35,56,20191,"4"
5934,1,1,1,35,72,21042,"4"
5935,0,1,3,45,53,19020,"4"
5936,1,1,3,35,58,22026,"4"
5937,0,1,8,75,39,21212,"4"
5938,1,1,6,90,57,22102,"4"
5939,1,1,5,130,39,20181,"4"
5940,0,1,2,35,61,8742,"4"
5941,0,1,1,35,46,22309,"4"
5942,1,1,3,130,53,8550,"2"
5943,1,1,1,70,54,20895,"4"
5944,1,1,4,175,41,23113,"2"
5945,0,1,2,70,79,22102,"4"
5946,0,1,1,35,40,22314,"4"
5947,0,1,5,125,71,19083,"4"
5948,1,1,2,175,41,20120,"2"
5949,0,1,6,140,44,19067,"4"
5950,0,1,3,35,48,21114,"4"
5951,1,0,1,35,27,19103,"2"
5952,1,1,4,60,60,19149,"4"
5953,1,1,3,35,58,22305,"4"
5954,1,1,1,35,42,21234,"4"
5955,0,0,1,50,53,22304,"1"
5956,1,1,5,65,52,19083,"4"
5957,1,1,3,65,48,8050,"4"
5958,1,1,3,115,55,21208,"4"
5959,1,1,4,130,50,22307,"4"
5960,1,1,4,45,67,8648,"4"
5961,0,0,2,35,37,19136,"1"
5962,0,0,2,175,75,22314,"1"
5963,1,1,3,35,53,22407,"4"
5964,1,1,2,35,68,8332,"4"
5965,1,1,4,75,63,8054,"4"
5966,0,1,2,35,77,21228,"4"
5967,1,1,5,55,47,8221,"4"
5968,1,1,3,35,47,21014,"4"
5969,0,1,4,35,43,20136,"4"
5970,0,0,1,45,41,22305,"1"
5971,0,1,4,35,40,8033,"4"
5972,0,1,2,40,48,8053,"4"
5973,1,1,3,35,79,19154,"4"
5974,0,1,2,35,61,21218,"4"
5975,1,1,1,35,46,20904,"4"
5976,0,1,2,35,83,20902,"4"
5977,1,1,2,110,62,22701,"4"
5978,1,1,4,35,47,20141,"4"
5979,1,1,3,60,39,21784,"4"
5980,1,1,1,40,50,8724,"4"
5981,1,1,5,175,43,8080,"2"
5982,1,1,4,35,53,21784,"4"
5983,1,1,6,120,65,22192,"4"
5984,1,1,2,50,80,8540,"4"
5985,0,1,1,120,46,22207,"4"
5986,1,1,2,35,50,22611,"4"
5987,1,1,1,40,78,22044,"4"
5988,1,1,2,175,33,21784,"2"
5989,1,1,2,95,56,22030,"4"
5990,1,1,2,175,51,22152,"2"
5991,1,1,4,35,46,20186,"4"
5992,0,1,1,35,45,21774,"4"
5993,1,0,1,60,65,21204,"2"
5994,1,1,1,35,50,20874,"4"
5995,1,1,5,60,39,20190,"4"
5996,0,1,5,105,61,22554,"4"
5997,0,1,1,175,56,8054,"4"
5998,1,1,5,60,48,21401,"4"
5999,0,1,7,65,43,22407,"4"
6000,1,1,2,155,47,22901,"2"
6001,1,1,2,35,64,19038,"4"
6002,0,0,2,85,43,20037,"1"
6003,1,1,4,35,45,20194,"4"
6004,1,1,3,175,47,19006,"2"
6005,1,1,9,45,60,23229,"4"
6006,1,1,2,50,72,8816,"4"
6007,0,1,4,35,44,21136,"4"
6008,0,1,3,35,61,21228,"4"
6009,0,1,3,35,41,18966,"4"
6010,0,1,2,50,89,8701,"4"
6011,1,1,2,90,69,8037,"4"
6012,0,1,5,55,37,21074,"4"
6013,1,1,5,35,48,8083,"4"
6014,1,1,3,175,67,21048,"2"
6015,1,1,3,35,75,20854,"4"
6016,1,1,1,55,51,23185,"4"
6017,0,1,5,35,47,20879,"4"
6018,1,1,5,175,58,22153,"2"
6019,1,1,4,60,60,21212,"4"
6020,0,1,1,105,62,22308,"4"
6021,0,1,5,35,34,8053,"4"
6022,1,1,4,55,54,21131,"4"
6023,0,1,2,60,37,21061,"4"
6024,0,1,4,70,49,20181,"4"
6025,1,1,4,35,63,18966,"4"
6026,1,1,2,120,60,22205,"2"
6027,1,1,2,35,57,20832,"4"
6028,1,1,5,75,42,20187,"4"
6029,0,1,1,35,51,18940,"4"
6030,1,0,1,115,43,18901,"2"
6031,0,1,2,35,81,22630,"4"
6032,1,1,5,35,51,22601,"4"
6033,1,1,2,110,53,8360,"4"
6034,0,1,2,35,65,8016,"4"
6035,0,0,3,55,56,21015,"1"
6036,0,1,4,85,42,22193,"4"
6037,0,1,2,35,58,22152,"4"
6038,1,1,4,175,48,22003,"2"
6039,1,1,1,150,68,22003,"2"
6040,0,1,3,35,80,19087,"4"
6041,1,1,2,35,64,21044,"4"
6042,0,1,3,40,58,19152,"4"
6043,1,1,4,35,42,20147,"4"
6044,1,1,4,45,77,8757,"4"
6045,0,1,4,35,53,8226,"4"
6046,1,1,2,110,55,20782,"4"
6047,1,1,5,160,54,20832,"4"
6048,1,1,2,55,64,22192,"4"
6049,1,1,4,50,53,20815,"4"
6050,0,1,3,95,53,21702,"4"
6051,0,1,4,35,43,21401,"4"
6052,1,1,2,40,42,20109,"4"
6053,1,1,3,35,59,20817,"4"
6054,1,1,2,35,70,8087,"4"
6055,0,1,1,35,50,8055,"4"
6056,0,1,5,35,39,8055,"4"
6057,0,1,2,35,83,20906,"4"
6058,1,1,3,55,52,8322,"4"
6059,1,1,2,35,62,21244,"4"
6060,1,1,1,35,43,22305,"4"
6061,0,1,3,175,43,22205,"4"
6062,1,1,2,35,55,22180,"4"
6063,1,1,3,35,60,8096,"4"
6064,1,1,1,80,49,22901,"4"
6065,1,1,2,70,70,22033,"4"
6066,1,1,3,175,37,21286,"2"
6067,0,1,3,50,28,20124,"4"
6068,1,1,2,35,41,20815,"4"
6069,1,1,2,175,67,23185,"2"
6070,0,1,3,55,59,8648,"4"
6071,1,1,3,90,64,8226,"4"
6072,1,1,5,35,41,8540,"4"
6073,1,1,4,65,69,20186,"4"
6074,0,1,1,175,56,19083,"4"
6075,1,1,4,175,51,21108,"2"
6076,1,0,2,60,53,21286,"2"
6077,0,1,3,70,57,22310,"4"
6078,1,1,5,35,56,8075,"4"
6079,0,0,3,35,45,20904,"1"
6080,1,1,3,40,65,21401,"4"
6081,0,1,3,50,64,22152,"4"
6082,1,1,5,75,52,8080,"4"
6083,0,0,2,35,34,21042,"1"
6084,0,1,2,175,40,20016,"4"
6085,1,1,3,35,73,8757,"4"
6086,0,1,2,170,49,21136,"4"
6087,1,1,4,35,59,20854,"4"
6088,0,1,1,35,80,19128,"4"
6089,1,1,2,35,52,20176,"4"
6090,0,1,3,35,60,18901,"4"
6091,0,1,3,105,48,21784,"4"
6092,0,1,2,35,63,22602,"4"
6093,1,0,2,75,32,20003,"2"
6094,1,1,2,145,78,22124,"2"
6095,1,1,6,40,52,20120,"4"
6096,0,1,2,35,45,8050,"4"
6097,1,1,2,35,52,8742,"4"
6098,1,1,3,110,50,23113,"4"
6099,1,1,3,50,51,20715,"4"
6100,0,1,2,35,45,8021,"4"
6101,1,1,3,50,58,22405,"4"
6102,0,1,1,110,63,22182,"4"
6103,1,1,3,40,48,21012,"4"
6104,0,1,4,35,51,20832,"4"
6105,1,0,1,35,51,20015,"2"
6106,0,0,2,35,76,22630,"1"
6107,0,0,2,35,56,22630,"1"
6108,1,1,3,35,43,8075,"4"
6109,1,1,2,70,59,21117,"4"
6110,1,1,3,35,57,20878,"4"
6111,1,1,4,35,68,20715,"4"
6112,0,1,3,80,73,22066,"4"
6113,1,1,5,35,48,19119,"4"
6114,0,1,2,40,34,20175,"4"
6115,1,1,4,90,52,21042,"4"
6116,1,1,3,35,53,21035,"4"
6117,1,1,3,115,52,22039,"4"
6118,1,1,2,175,39,8505,"2"
6119,1,1,3,55,59,19010,"4"
6120,1,1,4,100,38,20147,"4"
6121,0,1,4,55,66,20176,"4"
6122,1,1,2,110,62,20854,"4"
6123,1,1,3,120,60,22101,"4"
6124,1,1,3,110,41,8527,"4"
6125,0,1,1,45,81,8054,"4"
6126,0,0,2,35,82,19067,"1"
6127,0,1,1,60,53,20852,"4"
6128,1,1,4,45,52,19149,"4"
6129,0,1,1,80,56,8755,"4"
6130,1,1,2,35,79,20175,"4"
6131,1,1,2,100,47,22911,"4"
6132,0,1,3,90,56,8753,"4"
6133,1,1,4,35,42,21212,"4"
6134,1,1,4,50,46,23229,"4"
6135,0,1,2,50,61,8540,"4"
6136,1,1,2,35,86,20902,"4"
6137,0,1,2,35,59,20117,"4"
6138,1,1,1,45,67,22193,"4"
6139,0,1,1,60,72,22310,"4"
6140,1,1,3,55,52,8003,"4"
6141,1,1,3,35,85,21212,"4"
6142,0,1,2,60,73,21093,"4"
6143,0,1,5,80,40,22405,"4"
6144,1,1,3,115,52,21157,"4"
6145,1,1,6,70,44,22003,"4"
6146,0,1,1,35,47,8051,"4"
6147,0,1,4,35,42,20110,"4"
6148,1,1,5,130,42,8628,"4"
6149,0,0,2,130,86,19096,"1"
6150,1,1,3,35,43,22003,"4"
6151,0,1,2,35,53,21771,"4"
6152,1,1,3,175,74,22101,"2"
6153,1,1,4,65,50,21157,"4"
6154,1,1,4,145,38,20175,"2"
6155,1,1,4,100,35,21146,"4"
6156,1,1,5,40,50,22315,"4"
6157,1,1,2,35,85,8204,"4"
6158,1,1,3,35,45,22039,"4"
6159,0,0,2,35,35,22911,"1"
6160,1,1,2,60,83,22181,"4"
6161,1,1,2,35,86,8226,"4"
6162,1,1,3,55,42,20876,"4"
6163,0,1,2,65,62,8302,"4"
6164,0,1,1,35,44,21113,"4"
6165,1,1,1,35,90,8053,"4"
6166,0,1,3,35,55,22302,"4"
6167,1,0,3,90,56,22601,"2"
6168,0,1,5,35,59,21144,"4"
6169,1,1,3,115,58,21228,"4"
6170,0,1,3,75,57,8078,"4"
6171,1,1,3,35,63,21117,"4"
6172,0,1,1,80,49,21209,"4"
6173,1,1,3,50,65,22181,"4"
6174,1,1,2,35,36,20814,"4"
6175,1,1,2,35,67,8610,"4"
6176,1,1,2,55,55,20707,"4"
6177,1,1,3,125,38,23233,"4"
6178,0,1,4,35,66,19096,"4"
6179,1,1,3,105,61,21093,"4"
6180,1,1,2,35,60,20190,"4"
6181,0,1,5,35,48,22026,"4"
6182,1,1,2,35,53,19067,"4"
6183,0,1,1,35,40,18940,"4"
6184,1,1,4,35,53,21042,"4"
6185,0,1,1,35,80,20817,"4"
6186,1,1,1,35,73,21030,"4"
6187,1,1,2,70,55,23185,"4"
6188,1,1,4,35,41,20148,"4"
6189,1,1,2,35,72,22205,"4"
6190,1,1,4,85,35,19038,"4"
6191,1,1,2,35,69,8753,"4"
6192,1,1,1,35,71,22901,"4"
6193,1,1,4,175,60,22039,"2"
6194,1,1,5,35,48,21030,"4"
6195,0,1,4,35,47,20724,"4"
6196,1,1,3,35,55,21136,"4"
6197,0,1,2,85,74,8022,"4"
6198,0,1,2,40,29,20009,"4"
6199,1,1,3,35,80,20194,"4"
6200,0,1,5,35,42,20181,"4"
6201,0,1,1,175,54,20815,"4"
6202,0,1,3,35,56,22407,"4"
6203,0,1,1,55,37,8085,"4"
6204,1,1,1,60,79,8050,"4"
6205,1,1,1,50,39,21212,"4"
6206,0,1,1,35,70,8201,"4"
6207,1,1,2,65,59,21228,"4"
6208,1,1,3,175,50,22101,"2"
6209,1,0,3,35,51,22102,"2"
6210,0,1,1,65,53,8619,"4"
6211,1,1,2,90,53,22079,"4"
6212,1,1,3,35,50,21136,"4"
6213,1,1,2,35,65,21054,"4"
6214,1,1,4,65,40,20002,"4"
6215,1,1,2,95,35,20854,"4"
6216,1,1,5,35,54,8731,"4"
6217,0,1,3,115,52,22309,"4"
6218,1,1,2,35,48,20906,"4"
6219,1,1,2,175,66,23185,"2"
6220,0,1,3,160,67,23233,"4"
6221,0,1,1,35,49,20009,"4"
6222,0,0,1,60,39,22201,"1"
6223,1,1,4,165,44,21774,"2"
6224,1,1,2,175,62,20833,"2"
6225,1,0,1,55,51,22201,"2"
6226,1,1,1,35,56,21037,"4"
6227,0,1,3,35,58,21074,"4"
6228,1,1,5,90,51,21228,"4"
6229,0,1,4,35,40,23229,"4"
6230,0,1,4,175,54,20120,"4"
6231,0,1,1,35,87,19128,"4"
6232,1,1,1,70,63,20814,"4"
6233,0,1,2,75,62,20194,"4"
6234,1,1,3,35,42,8060,"4"
6235,1,1,2,50,69,8690,"4"
6236,1,1,2,35,60,22039,"4"
6237,1,1,6,60,55,8005,"4"
6238,0,1,3,175,59,20854,"4"
6239,0,1,2,90,34,8648,"4"
6240,1,1,3,60,50,20171,"4"
6241,1,1,3,75,51,22044,"4"
6242,1,1,3,35,59,19006,"4"
6243,1,1,3,75,46,22309,"4"
6244,0,0,1,40,52,20036,"1"
6245,0,1,3,35,51,21136,"4"
6246,0,0,1,35,43,22901,"1"
6247,1,1,4,35,37,19154,"4"
6248,1,1,4,35,60,20715,"4"
6249,1,1,3,50,54,20171,"4"
6250,1,1,2,40,37,20794,"4"
6251,0,1,3,115,54,8742,"4"
6252,1,1,2,35,54,22041,"4"
6253,1,1,2,175,51,20878,"2"
6254,0,1,2,35,53,21046,"4"
6255,0,1,3,35,45,21797,"4"
6256,1,1,1,35,54,21207,"4"
6257,1,1,5,55,45,8520,"4"
6258,0,1,4,35,56,8090,"4"
6259,0,1,2,65,54,20902,"4"
6260,1,1,1,35,34,20009,"4"
6261,0,1,2,50,61,20895,"4"
6262,1,1,3,50,58,20874,"4"
6263,1,1,6,35,49,20910,"4"
6264,1,1,3,35,56,20816,"4"
6265,1,1,3,80,54,21234,"4"
6266,1,1,2,40,63,21015,"4"
6267,0,1,3,125,52,20151,"4"
6268,1,1,3,175,43,18966,"2"
6269,1,1,2,55,50,21093,"4"
6270,1,1,5,35,40,8550,"4"
6271,0,1,4,105,74,21054,"4"
6272,0,1,2,90,72,21093,"4"
6273,1,1,6,175,48,20816,"4"
6274,0,1,3,35,50,8050,"4"
6275,0,1,2,35,32,22401,"4"
6276,1,1,1,35,53,22032,"4"
6277,1,1,2,35,63,19154,"4"
6278,0,1,2,35,39,21701,"4"
6279,1,1,2,175,74,8053,"2"
6280,0,1,2,35,61,8003,"4"
6281,0,1,3,45,52,21113,"4"
6282,1,1,5,175,71,8527,"2"
6283,1,0,1,40,37,22003,"2"
6284,0,0,4,35,52,21044,"1"
6285,0,1,2,70,62,19446,"4"
6286,0,1,3,145,48,23229,"4"
6287,1,1,6,45,46,21227,"4"
6288,0,1,4,35,51,20740,"4"
6289,0,1,4,35,48,20715,"4"
6290,0,1,4,90,61,20170,"4"
6291,1,1,4,120,59,23113,"4"
6292,0,1,2,65,71,21042,"4"
6293,0,1,2,45,45,20164,"4"
6294,0,1,1,40,59,20910,"4"
6295,0,1,5,100,56,23113,"4"
6296,0,1,6,65,59,22312,"4"
6297,0,1,1,75,49,20770,"4"
6298,0,1,3,35,58,21230,"4"
6299,1,1,2,175,74,20176,"2"
6300,1,1,5,35,44,21014,"4"
6301,1,1,3,130,57,20854,"2"
6302,1,1,2,35,48,19053,"4"
6303,1,1,3,75,47,20853,"4"
6304,0,1,2,35,44,19149,"4"
6305,1,1,2,35,55,8053,"4"
6306,1,1,2,105,62,20181,"4"
6307,1,1,3,130,49,22302,"2"
6308,0,1,4,150,51,8080,"4"
6309,0,0,3,35,47,19087,"1"
6310,0,1,4,35,57,8215,"4"
6311,1,1,2,45,71,8723,"4"
6312,0,1,1,55,69,21014,"4"
6313,1,1,5,85,37,23229,"4"
6314,0,1,3,70,33,21074,"4"
6315,1,1,3,100,45,20141,"4"
6316,1,1,3,135,53,24060,"2"
6317,1,0,1,35,54,20878,"2"
6318,1,1,4,35,65,20152,"4"
6319,1,1,3,175,66,19002,"2"
6320,1,1,2,35,56,21701,"4"
6321,1,1,4,35,55,20155,"4"
6322,1,1,2,50,43,22401,"4"
6323,1,1,3,35,33,21014,"4"
6324,1,1,2,35,63,22308,"4"
6325,0,1,3,35,45,20878,"4"
6326,1,1,2,35,65,22193,"4"
6327,1,1,2,130,40,21230,"2"
6328,1,1,4,35,68,19119,"4"
6329,0,1,2,60,41,20002,"4"
6330,1,1,2,35,71,20815,"4"
6331,1,1,3,40,64,20016,"4"
6332,1,1,2,35,80,8053,"4"
6333,0,1,2,35,37,22079,"4"
6334,1,1,3,35,51,19067,"4"
6335,1,1,4,35,47,8080,"4"
6336,1,1,5,105,39,8648,"4"
6337,1,1,5,175,48,22079,"2"
6338,1,1,1,115,89,18940,"2"
6339,1,1,4,175,45,22101,"2"
6340,0,1,2,35,69,21702,"4"
6341,1,1,2,175,46,8330,"2"
6342,0,1,3,65,45,21014,"4"
6343,1,1,2,35,67,20854,"4"
6344,1,1,2,160,58,8742,"2"
6345,1,1,5,35,78,8096,"4"
6346,1,1,4,175,46,20854,"2"
6347,0,1,1,35,77,8520,"4"
6348,0,1,1,35,39,20186,"4"
6349,0,1,2,35,51,8051,"4"
6350,1,1,1,35,27,8055,"4"
6351,0,0,1,60,77,21228,"1"
6352,1,1,5,35,43,20170,"4"
6353,1,1,6,35,51,19083,"4"
6354,1,1,4,135,55,23233,"4"
6355,0,1,4,160,43,19002,"4"
6356,1,0,1,35,89,19128,"2"
6357,1,1,4,105,41,20181,"4"
6358,1,1,4,35,53,22301,"4"
6359,1,1,4,140,60,8550,"4"
6360,1,1,5,145,57,22015,"4"
6361,1,1,1,35,52,20904,"4"
6362,1,1,3,35,41,20147,"4"
6363,1,1,2,35,44,21014,"4"
6364,1,0,1,35,50,19135,"2"
6365,0,1,3,35,59,20901,"4"
6366,0,0,3,35,48,22308,"1"
6367,1,1,3,35,57,8060,"4"
6368,0,1,4,125,60,20170,"4"
6369,0,1,5,105,47,22407,"4"
6370,1,1,4,35,55,21044,"4"
6371,1,1,2,85,37,18940,"4"
6372,1,1,2,35,36,20170,"4"
6373,0,0,1,150,71,8361,"1"
6374,1,1,3,35,59,22307,"4"
6375,1,1,3,175,59,22102,"2"
6376,0,1,3,45,68,21701,"4"
6377,0,1,1,175,55,18901,"4"
6378,0,1,3,35,59,22901,"4"
6379,0,1,3,45,61,20878,"4"
6380,0,1,1,35,81,20906,"4"
6381,0,0,2,35,64,19149,"1"
6382,0,1,1,35,53,20015,"4"
6383,1,1,2,35,55,21401,"4"
6384,0,1,1,35,44,20003,"4"
6385,0,1,2,60,53,8033,"4"
6386,1,1,2,45,53,22901,"4"
6387,0,1,3,35,40,8361,"4"
6388,1,1,3,65,72,8753,"4"
6389,0,1,3,45,78,8540,"4"
6390,1,1,3,35,64,8302,"4"
6391,0,1,2,35,62,20905,"4"
6392,0,1,2,85,55,20854,"4"
6393,1,1,2,115,74,8816,"2"
6394,0,1,3,95,40,8012,"4"
6395,0,1,1,125,82,22003,"4"
6396,0,0,3,35,31,20016,"1"
6397,1,1,2,35,70,8757,"4"
6398,1,1,6,40,41,8016,"4"
6399,1,1,3,35,50,21074,"4"
6400,1,1,6,175,47,22153,"4"
6401,1,1,5,50,53,21204,"4"
6402,1,1,2,165,60,8628,"2"
6403,0,1,1,55,35,21209,"4"
6404,1,1,2,95,57,20016,"4"
6405,1,0,2,35,57,20118,"2"
6406,0,1,2,35,34,19087,"4"
6407,1,1,4,165,66,22304,"2"
6408,0,1,4,65,69,20853,"4"
6409,1,1,3,35,43,20112,"4"
6410,0,1,1,35,56,22066,"4"
6411,1,1,3,35,60,8055,"4"
6412,0,1,2,50,77,8088,"4"
6413,1,1,3,35,56,8723,"4"
6414,1,1,1,65,65,22308,"4"
6415,1,1,1,55,48,22124,"4"
6416,0,1,4,75,63,18901,"4"
6417,0,1,3,175,62,21108,"4"
6418,1,1,5,40,42,8062,"4"
6419,0,1,3,35,56,23233,"4"
6420,1,1,3,35,58,22401,"4"
6421,1,1,3,90,45,22306,"4"
6422,0,1,1,60,52,22314,"4"
6423,1,1,1,95,46,20902,"2"
6424,1,1,5,65,51,22003,"4"
6425,1,1,4,140,38,8873,"4"
6426,0,1,4,35,46,8620,"4"
6427,1,0,2,150,51,22601,"2"
6428,0,1,3,55,72,20815,"4"
6429,0,0,2,35,62,23185,"1"
6430,1,1,2,35,43,8062,"4"
6431,1,1,1,35,60,8244,"4"
6432,1,1,3,65,62,20882,"4"
6433,1,1,3,35,54,21286,"4"
6434,0,1,2,35,59,22204,"4"
6435,0,1,3,35,51,19006,"4"
6436,1,1,2,115,56,19046,"2"
6437,0,1,3,60,46,8332,"4"
6438,0,1,3,175,68,19010,"4"
6439,0,1,1,35,64,18940,"4"
6440,1,1,3,35,40,22401,"4"
6441,0,1,3,70,49,22039,"4"
6442,1,1,3,35,77,21093,"4"
6443,0,1,2,55,49,20723,"4"
6444,1,0,2,50,46,20901,"2"
6445,0,1,2,35,65,21224,"4"
6446,0,1,2,90,59,20171,"4"
6447,1,1,3,75,63,20895,"4"
6448,1,1,3,130,73,22207,"2"
6449,1,1,2,95,52,7728,"4"
6450,0,1,1,40,81,19115,"4"
6451,1,1,4,95,38,21784,"4"
6452,0,1,2,115,30,21771,"4"
6453,1,1,2,70,42,23233,"4"
6454,1,0,3,65,63,21286,"2"
6455,1,1,4,35,45,22032,"4"
6456,0,1,2,45,41,20181,"4"
6457,1,1,2,80,42,24060,"4"
6458,1,1,4,35,54,20191,"4"
6459,1,1,2,35,63,19010,"4"
6460,0,1,1,35,66,22032,"4"
6461,0,1,2,35,36,22205,"4"
6462,1,1,4,35,54,22079,"4"
6463,0,1,4,35,43,20112,"4"
6464,1,0,1,35,44,8043,"2"
6465,0,1,6,35,48,19047,"4"
6466,1,1,3,35,47,21117,"4"
6467,0,1,5,45,42,20132,"4"
6468,1,1,2,40,61,22015,"4"
6469,1,1,2,75,65,8690,"4"
6470,1,1,4,75,46,21117,"4"
6471,1,0,1,35,44,19053,"2"
6472,0,1,4,45,73,22308,"4"
6473,1,1,5,60,65,8034,"4"
6474,0,1,2,35,61,22030,"4"
6475,1,1,3,175,36,22901,"2"
6476,1,1,2,110,55,21401,"4"
6477,0,1,1,145,40,20816,"4"
6478,1,1,1,35,79,20910,"4"
6479,1,1,8,35,41,7728,"4"
6480,1,1,3,35,44,22901,"4"
6481,1,1,3,35,49,22003,"4"
6482,1,1,3,35,80,18940,"4"
6483,0,0,2,80,59,22030,"1"
6484,0,0,1,35,60,8008,"1"
6485,0,0,1,35,31,22206,"1"
6486,0,1,1,35,50,22192,"4"
6487,0,1,2,175,59,22043,"4"
6488,1,0,2,50,76,21117,"2"
6489,1,1,2,35,37,22102,"4"
6490,0,1,5,35,50,8050,"4"
6491,1,1,3,35,47,8406,"4"
6492,1,1,5,150,47,20175,"4"
6493,0,1,3,35,67,8210,"4"
6494,1,1,4,40,63,18966,"4"
6495,1,1,2,35,82,20112,"4"
6496,0,1,6,100,39,22911,"4"
6497,1,1,2,35,73,21054,"4"
6498,0,1,3,35,50,22066,"4"
6499,0,0,2,70,54,8055,"1"
6500,1,1,3,75,71,8053,"4"
6501,1,1,3,35,37,19128,"4"
6502,1,1,4,45,61,8003,"4"
6503,1,1,2,35,48,19446,"4"
6504,1,1,4,35,44,8098,"4"
6505,1,1,1,35,85,19038,"4"
6506,1,1,4,35,38,21114,"4"
6507,1,1,2,35,44,21146,"4"
6508,0,1,2,35,37,20191,"4"
6509,1,1,4,100,39,20132,"4"
6510,1,1,4,65,55,18901,"4"
6511,1,1,5,175,52,20816,"2"
6512,1,1,1,50,82,20008,"4"
6513,0,1,1,140,57,20910,"4"
6514,0,1,1,155,71,21030,"4"
6515,1,1,5,35,48,21042,"4"
6516,1,1,2,160,50,22191,"2"
6517,0,1,3,35,75,20855,"4"
6518,0,1,1,35,63,8108,"4"
6519,0,1,3,35,84,21401,"4"
6520,0,1,1,35,42,20002,"4"
6521,1,1,4,80,59,18940,"4"
6522,1,1,2,40,54,8691,"4"
6523,0,0,1,35,60,19087,"1"
6524,0,1,2,65,56,21046,"4"
6525,0,1,3,35,44,8620,"4"
6526,0,1,3,175,62,22032,"4"
6527,0,1,1,100,58,8742,"4"
6528,0,1,3,40,46,8065,"4"
6529,1,1,2,35,45,21104,"4"
6530,0,0,1,80,65,21244,"1"
6531,1,1,6,35,43,19020,"4"
6532,0,1,2,50,62,22611,"4"
6533,1,1,3,35,66,21702,"4"
6534,0,1,3,175,39,20124,"4"
6535,0,0,2,140,44,22046,"1"
6536,0,1,3,35,52,20707,"4"
6537,1,1,2,95,59,22201,"4"
6538,1,1,1,35,64,8759,"4"
6539,1,1,3,55,51,22153,"4"
6540,1,1,3,35,60,8244,"4"
6541,0,1,3,35,57,20180,"4"
6542,1,1,2,35,54,21093,"4"
6543,1,1,3,35,68,22124,"4"
6544,1,1,4,65,43,8005,"4"
6545,1,1,1,40,73,19067,"4"
6546,1,1,2,45,61,22102,"4"
6547,1,1,4,175,65,21401,"2"
6548,0,1,7,135,45,7728,"4"
6549,0,1,3,50,53,21234,"4"
6550,0,1,1,35,58,20861,"4"
6551,1,1,2,55,57,21015,"4"
6552,0,1,1,35,31,7728,"4"
6553,0,1,2,45,76,8742,"4"
6554,1,1,4,35,44,21122,"4"
6555,0,1,2,40,49,20854,"4"
6556,1,0,5,75,50,8332,"2"
6557,1,1,3,75,36,21015,"4"
6558,1,1,2,75,46,8690,"4"
6559,1,1,2,35,33,20009,"4"
6560,1,1,4,75,52,19446,"4"
6561,1,1,2,35,75,21131,"4"
6562,1,1,2,35,64,8080,"4"
6563,1,1,4,35,44,23113,"4"
6564,1,1,6,175,39,21702,"4"
6565,1,1,7,35,53,21042,"4"
6566,0,1,5,35,79,22207,"4"
6567,1,1,5,110,42,8054,"4"
6568,0,1,1,35,62,22003,"4"
6569,1,1,1,120,70,22209,"2"
6570,0,1,6,175,49,22032,"4"
6571,1,1,4,175,66,8759,"2"
6572,1,1,2,35,63,21204,"4"
6573,1,1,3,65,50,22031,"4"
6574,1,1,2,35,48,22630,"4"
6575,1,1,3,50,54,21061,"4"
6576,1,1,1,80,61,22193,"4"
6577,0,1,2,35,59,8554,"4"
6578,1,1,4,45,55,20708,"4"
6579,1,1,1,35,52,8007,"4"
6580,0,0,1,35,55,22901,"1"
6581,1,1,4,35,30,19083,"4"
6582,0,1,2,45,65,20816,"4"
6583,0,1,2,35,32,22101,"4"
6584,1,1,4,35,54,20895,"4"
6585,0,1,4,45,39,20115,"4"
6586,0,1,3,35,40,21797,"4"
6587,0,0,5,115,43,8053,"1"
6588,1,1,4,110,45,21204,"4"
6589,0,1,1,35,59,22405,"4"
6590,1,1,3,95,57,8009,"4"
6591,0,1,5,35,52,22030,"4"
6592,1,1,3,35,59,7726,"4"
6593,1,1,2,130,61,22101,"2"
6594,1,1,2,35,75,20187,"4"
6595,1,1,2,35,53,8075,"4"
6596,1,1,3,35,79,18940,"4"
6597,1,1,2,175,41,22102,"2"
6598,1,1,3,40,79,21014,"4"
6599,1,1,2,35,84,20815,"4"
6600,0,1,1,175,48,21032,"4"
6601,0,1,2,80,53,21702,"4"
6602,1,1,4,130,38,21108,"4"
6603,1,1,3,35,58,21208,"4"
6604,0,1,4,35,63,21158,"4"
6605,0,1,1,70,57,22312,"4"
6606,1,1,1,35,46,21228,"4"
6607,1,1,4,175,66,24060,"2"
6608,1,1,4,65,66,22310,"4"
6609,0,1,2,115,40,8033,"4"
6610,1,1,2,35,61,8628,"4"
6611,1,1,3,155,77,22309,"2"
6612,1,1,2,60,81,20117,"4"
6613,1,1,4,75,43,21015,"4"
6614,1,1,3,35,52,8226,"4"
6615,1,1,3,90,61,21244,"4"
6616,1,1,3,85,44,22079,"4"
6617,0,1,1,55,42,8210,"4"
6618,1,1,4,35,67,20110,"4"
6619,1,1,5,35,60,21093,"4"
6620,0,1,7,45,52,21133,"4"
6621,1,1,7,95,78,21784,"4"
6622,1,1,3,35,66,8015,"4"
6623,1,0,2,35,38,23185,"2"
6624,1,1,3,35,51,21229,"4"
6625,0,1,3,35,51,19147,"4"
6626,0,1,4,35,64,19128,"4"
6627,0,1,4,35,44,20832,"4"
6628,0,1,5,40,38,20171,"4"
6629,1,1,3,110,52,21042,"4"
6630,1,1,5,50,37,21136,"4"
6631,1,1,4,50,47,8002,"4"
6632,0,1,1,35,74,19446,"4"
6633,1,1,9,175,41,19087,"4"
6634,1,0,1,85,62,20016,"2"
6635,1,1,3,35,59,21035,"4"
6636,1,1,4,160,50,21157,"2"
6637,1,1,2,45,63,8057,"4"
6638,0,1,5,35,51,22039,"4"
6639,1,1,1,35,61,22192,"4"
6640,1,1,1,35,52,20910,"4"
6641,0,1,1,35,57,8234,"4"
6642,1,1,1,35,85,22209,"4"
6643,0,1,3,85,74,21228,"4"
6644,1,1,2,80,51,8033,"4"
6645,1,1,4,65,58,18901,"4"
6646,0,1,2,35,41,20175,"4"
6647,0,1,3,35,58,8244,"4"
6648,1,1,4,35,58,8109,"4"
6649,1,1,5,150,46,18966,"4"
6650,1,1,2,80,28,8088,"4"
6651,0,1,3,40,27,8048,"4"
6652,1,1,1,85,66,8873,"4"
6653,1,0,1,35,30,20910,"2"
6654,1,0,6,175,44,21784,"2"
6655,1,1,2,70,66,21093,"4"
6656,0,1,2,130,52,8731,"4"
6657,0,0,1,35,35,21218,"1"
6658,1,1,4,35,56,21044,"4"
6659,1,1,2,85,71,8505,"4"
6660,0,1,2,35,80,22030,"4"
6661,1,0,1,35,34,20016,"2"
6662,1,1,4,60,59,21209,"4"
6663,0,1,3,45,56,22033,"4"
6664,1,1,3,60,54,8075,"4"
6665,1,1,3,175,55,21093,"2"
6666,0,1,1,35,53,20109,"4"
6667,0,1,4,65,40,20112,"4"
6668,0,1,1,35,45,20180,"4"
6669,1,1,3,35,38,20016,"4"
6670,0,1,2,35,78,21060,"4"
6671,1,1,3,35,46,19083,"4"
6672,1,1,3,150,48,21227,"2"
6673,1,1,2,50,38,22204,"4"
6674,1,1,2,105,28,22182,"4"
6675,1,1,2,35,62,20832,"4"
6676,1,1,2,35,64,20814,"4"
6677,1,1,3,35,43,8043,"4"
6678,1,1,6,150,54,20854,"4"
6679,1,1,2,110,32,8540,"4"
6680,1,1,2,175,55,20008,"2"
6681,1,1,4,45,59,21093,"4"
6682,1,1,4,35,44,21074,"4"
6683,1,1,2,35,58,19446,"4"
6684,0,1,3,55,58,21015,"4"
6685,1,1,3,35,55,19083,"4"
6686,1,1,3,160,46,22205,"2"
6687,0,0,2,35,68,8759,"1"
6688,0,1,2,35,65,22304,"4"
6689,1,1,1,55,63,20901,"4"
6690,0,1,2,95,69,8077,"4"
6691,1,1,5,35,43,8540,"4"
6692,1,1,1,40,63,19136,"4"
6693,0,1,1,90,75,20895,"4"
6694,1,1,4,175,65,19038,"2"
6695,0,1,1,35,34,20165,"4"
6696,0,1,3,35,42,23233,"4"
6697,1,1,2,35,49,20165,"4"
6698,1,1,5,35,45,21146,"4"
6699,1,1,1,75,48,20901,"4"
6700,0,1,3,170,78,8873,"4"
6701,1,1,2,35,48,20874,"4"
6702,1,1,1,140,55,20895,"2"
6703,1,1,4,35,70,21035,"4"
6704,1,1,2,175,51,8360,"2"
6705,1,1,2,35,58,24060,"4"
6706,0,1,6,45,38,22193,"4"
6707,1,1,2,35,56,8731,"4"
6708,1,1,3,95,51,8080,"4"
6709,1,1,1,175,42,19087,"2"
6710,0,1,2,110,38,21157,"4"
6711,1,1,3,175,57,20853,"2"
6712,1,1,3,45,59,22152,"4"
6713,0,1,1,75,48,22079,"4"
6714,1,1,4,150,53,8008,"2"
6715,1,1,2,175,46,20170,"2"
6716,1,1,5,35,44,19147,"4"
6717,0,0,2,60,58,21208,"1"
6718,1,1,4,35,55,8691,"4"
6719,0,1,4,115,56,20124,"4"
6720,1,0,1,35,38,8330,"2"
6721,1,1,5,100,60,21136,"4"
6722,0,1,3,35,56,8062,"4"
6723,0,1,3,35,45,8610,"4"
6724,1,1,2,35,64,8046,"4"
6725,0,1,1,45,68,21236,"4"
6726,1,1,4,150,64,20861,"2"
6727,1,1,3,175,32,20169,"2"
6728,0,1,3,35,43,21093,"4"
6729,1,0,1,55,55,21771,"2"
6730,0,1,5,120,52,23113,"4"
6731,1,1,2,50,35,20901,"4"
6732,1,1,1,35,50,21136,"4"
6733,1,1,3,55,36,8505,"4"
6734,1,1,4,160,50,21093,"2"
6735,1,1,6,65,38,20110,"4"
6736,0,1,3,35,62,22207,"4"
6737,0,1,4,175,52,8550,"4"
6738,1,1,2,90,67,8003,"4"
6739,0,1,2,60,47,23113,"4"
6740,1,1,5,65,61,8690,"4"
6741,1,1,4,165,78,22903,"2"
6742,1,1,2,35,73,19096,"4"
6743,1,1,5,45,43,23229,"4"
6744,1,1,4,95,50,8108,"4"
6745,1,1,4,130,68,8534,"4"
6746,0,1,2,55,80,19010,"4"
6747,1,1,2,35,65,21702,"4"
6748,0,1,3,35,46,19067,"4"
6749,1,1,2,155,63,8043,"2"
6750,1,1,5,80,33,21122,"4"
6751,1,1,5,130,70,22003,"4"
6752,1,1,4,35,45,8873,"4"
6753,1,1,4,35,42,19087,"4"
6754,0,1,2,35,75,8002,"4"
6755,1,1,3,35,57,22032,"4"
6756,0,1,3,35,46,22207,"4"
6757,0,1,2,35,67,19128,"4"
6758,0,1,1,100,72,22202,"4"
6759,1,1,5,65,48,21030,"4"
6760,0,1,1,175,44,22042,"4"
6761,1,1,2,55,52,21236,"4"
6762,1,1,4,50,32,8052,"4"
6763,1,1,2,35,42,8757,"4"
6764,1,1,2,65,68,21229,"4"
6765,1,1,1,90,72,20905,"4"
6766,0,1,3,175,76,21212,"4"
6767,1,0,3,70,29,22554,"2"
6768,0,1,3,50,39,8648,"4"
6769,0,1,7,35,49,20816,"4"
6770,0,1,5,50,67,19103,"4"
6771,1,1,2,35,48,19083,"4"
6772,1,1,3,105,76,20852,"4"
6773,1,1,2,65,86,8816,"4"
6774,1,1,1,35,81,19128,"4"
6775,1,1,2,35,48,19096,"4"
6776,0,1,3,160,50,21738,"4"
6777,1,1,4,135,65,8204,"4"
6778,1,1,4,80,61,21210,"4"
6779,0,1,2,35,69,20744,"4"
6780,0,0,1,85,29,22901,"1"
6781,0,1,4,120,65,20037,"4"
6782,1,1,5,75,53,23185,"4"
6783,0,1,3,35,58,8087,"4"
6784,1,0,3,45,62,8701,"2"
6785,1,1,5,35,48,19083,"4"
6786,1,1,3,125,45,21014,"4"
6787,1,1,3,175,58,8648,"2"
6788,0,1,5,95,50,20171,"4"
6789,0,1,4,35,52,23185,"4"
6790,1,1,6,35,41,8015,"4"
6791,0,0,1,35,55,18940,"1"
6792,0,1,4,115,52,21030,"4"
6793,1,1,2,40,61,19038,"4"
6794,0,1,1,90,53,23113,"4"
6795,0,1,2,175,35,22314,"4"
6796,1,1,3,80,55,20815,"4"
6797,1,1,2,175,73,21701,"2"
6798,1,0,2,35,83,22044,"2"
6799,1,1,3,35,46,20147,"4"
6800,1,1,1,110,80,8012,"2"
6801,1,1,2,45,57,22308,"4"
6802,1,1,1,35,84,8759,"4"
6803,0,1,3,80,52,22554,"4"
6804,1,1,1,35,78,19135,"4"
6805,0,1,1,75,46,21117,"4"
6806,1,1,2,35,52,23113,"4"
6807,1,1,2,65,37,20120,"4"
6808,0,1,4,175,47,20817,"4"
6809,1,1,3,65,67,20191,"4"
6810,0,1,5,35,46,19002,"4"
6811,1,1,4,90,55,20181,"4"
6812,0,1,1,55,59,20740,"4"
6813,0,1,2,175,54,22043,"4"
6814,0,1,1,35,59,18966,"4"
6815,1,1,2,35,32,8088,"4"
6816,1,1,2,50,75,8083,"4"
6817,1,1,6,35,50,8060,"4"
6818,1,1,3,110,61,18901,"4"
6819,1,1,3,40,55,20124,"4"
6820,1,1,2,45,62,22554,"4"
6821,0,0,7,35,52,19087,"1"
6822,1,1,2,35,37,8037,"4"
6823,0,1,4,35,57,8033,"4"
6824,0,1,3,105,57,20910,"4"
6825,0,0,1,55,47,21046,"1"
6826,0,1,4,35,45,8048,"4"
6827,1,1,1,35,57,21093,"4"
6828,1,0,2,35,63,20902,"2"
6829,0,1,1,95,41,20910,"4"
6830,0,1,3,35,52,20854,"4"
6831,1,1,4,35,43,19087,"4"
6832,1,1,3,35,72,8759,"4"
6833,0,1,3,40,59,21054,"4"
6834,1,1,3,95,47,20901,"4"
6835,1,1,2,35,80,8755,"4"
6836,1,1,2,45,39,22041,"4"
6837,1,1,2,50,67,20705,"4"
6838,1,1,5,35,46,8057,"4"
6839,1,1,2,55,73,21054,"4"
6840,1,1,2,85,67,21012,"4"
6841,0,1,1,175,40,22101,"4"
6842,1,0,1,40,48,8054,"2"
6843,1,1,4,65,49,20878,"4"
6844,0,1,5,85,61,8690,"4"
6845,1,0,2,35,38,8098,"2"
6846,0,1,1,100,65,18901,"4"
6847,1,1,3,35,76,18966,"4"
6848,0,1,4,80,67,8088,"4"
6849,1,1,4,120,40,8053,"4"
6850,0,1,1,35,73,8540,"4"
6851,1,1,4,90,50,22030,"4"
6852,0,1,3,175,68,21114,"4"
6853,1,1,3,175,48,20111,"2"
6854,0,1,3,50,65,22101,"4"
6855,1,1,2,130,38,20191,"2"
6856,0,0,1,65,40,22209,"1"
6857,0,1,2,80,58,22153,"4"
6858,1,1,4,35,44,20124,"4"
6859,1,0,4,35,55,8540,"2"
6860,1,1,5,35,47,8053,"4"
6861,1,1,4,35,47,21701,"4"
6862,0,1,3,35,45,19067,"4"
6863,1,1,3,35,59,8053,"4"
6864,1,1,3,35,49,20872,"4"
6865,1,1,2,35,41,20190,"4"
6866,0,0,1,45,30,8053,"1"
6867,1,1,4,45,49,19002,"4"
6868,1,1,2,35,80,8724,"4"
6869,0,1,4,35,28,22310,"4"
6870,0,1,3,35,73,20853,"4"
6871,1,1,6,80,48,8088,"4"
6872,1,1,1,35,51,20112,"4"
6873,1,1,4,175,46,23233,"2"
6874,0,1,4,35,65,8204,"4"
6875,1,1,4,35,57,22032,"4"
6876,1,1,2,35,49,21061,"4"
6877,0,1,1,35,49,8540,"4"
6878,1,1,4,35,48,18940,"4"
6879,1,1,3,35,48,8062,"4"
6880,1,1,2,35,65,21210,"4"
6881,1,1,1,75,61,21163,"4"
6882,1,1,4,65,53,21042,"4"
6883,1,1,2,35,80,8008,"4"
6884,0,1,4,35,36,22181,"4"
6885,0,0,4,90,47,23185,"1"
6886,1,1,3,45,29,8620,"4"
6887,0,1,4,35,62,21702,"4"
6888,0,1,3,45,32,8360,"4"
6889,0,1,3,175,40,23233,"4"
6890,1,1,2,65,35,22032,"4"
6891,1,1,2,35,52,19096,"4"
6892,0,1,1,35,52,21046,"4"
6893,0,1,6,175,68,22901,"4"
6894,0,1,4,175,30,20815,"4"
6895,1,1,5,35,43,20191,"4"
6896,1,1,3,35,50,20155,"4"
6897,0,1,4,130,55,19128,"4"
6898,1,1,2,175,63,22903,"2"
6899,1,1,4,35,56,20861,"4"
6900,1,1,8,165,49,7728,"4"
6901,1,1,3,35,46,20187,"4"
6902,0,0,1,35,26,21403,"1"
6903,1,1,2,60,80,21014,"4"
6904,0,1,4,35,50,23233,"4"
6905,1,1,7,70,47,8035,"4"
6906,1,1,5,175,54,21093,"2"
6907,1,1,2,35,57,22901,"4"
6908,1,1,4,175,39,22207,"2"
6909,0,1,1,45,87,8057,"4"
6910,0,1,1,175,40,21044,"4"
6911,1,1,5,135,53,22407,"4"
6912,0,1,2,65,70,22101,"4"
6913,1,1,1,35,61,22308,"4"
6914,1,1,3,65,43,22205,"4"
6915,1,1,2,50,63,21136,"4"
6916,1,1,2,125,47,8010,"2"
6917,0,1,2,35,50,21244,"4"
6918,0,1,2,40,46,19083,"4"
6919,1,1,5,35,53,19149,"4"
6920,0,0,1,35,89,19446,"1"
6921,1,1,3,35,67,22312,"4"
6922,0,1,2,175,67,19067,"4"
6923,1,1,2,135,45,20132,"2"
6924,0,0,2,35,52,21037,"1"
6925,0,1,4,85,55,22046,"4"
6926,1,1,3,90,63,8210,"4"
6927,1,1,3,40,60,22032,"4"
6928,1,0,1,35,82,21204,"2"
6929,1,1,3,105,39,20817,"4"
6930,1,1,6,110,45,8035,"4"
6931,1,1,3,115,48,21042,"4"
6932,1,1,4,175,63,20118,"2"
6933,1,0,3,35,81,18940,"2"
6934,0,1,3,100,55,23229,"4"
6935,1,1,2,110,57,20817,"4"
6936,1,1,3,60,41,8550,"4"
6937,1,1,5,60,51,21117,"4"
6938,1,1,3,45,77,20165,"4"
6939,1,1,5,35,54,8043,"4"
6940,0,1,2,35,38,19046,"4"
6941,1,1,4,130,65,8003,"4"
6942,0,1,2,175,55,8003,"4"
6943,0,1,6,35,39,22191,"4"
6944,0,1,4,50,59,20905,"4"
6945,0,1,2,35,44,20110,"4"
6946,0,1,3,150,56,23113,"4"
6947,1,1,2,35,44,19446,"4"
6948,1,1,3,35,45,22066,"4"
6949,1,1,1,35,58,20705,"4"
6950,0,1,6,35,38,21061,"4"
6951,0,1,6,35,43,8106,"4"
6952,0,1,1,45,65,22192,"4"
6953,0,1,2,85,57,19136,"4"
6954,0,0,2,175,72,8873,"1"
6955,1,0,1,35,39,20009,"2"
6956,1,1,5,35,56,24060,"4"
6957,1,1,6,35,48,8205,"4"
6958,1,1,3,35,60,18901,"4"
6959,0,1,1,35,75,8204,"4"
6960,1,1,2,170,70,21108,"2"
6961,1,1,4,40,58,21136,"4"
6962,1,1,3,35,66,19038,"4"
6963,0,1,3,85,51,8088,"4"
6964,1,1,3,45,49,22043,"4"
6965,1,1,3,40,76,20007,"4"
6966,0,1,3,35,55,21131,"4"
6967,0,1,4,95,67,8731,"4"
6968,1,1,2,55,70,22101,"4"
6969,1,1,3,50,75,20906,"4"
6970,1,1,2,95,50,22205,"4"
6971,1,1,4,35,58,7728,"4"
6972,1,1,2,100,90,21042,"4"
6973,0,1,3,65,57,19027,"4"
6974,0,1,2,135,81,20854,"4"
6975,0,1,1,110,80,22207,"4"
6976,0,0,2,35,43,22032,"1"
6977,0,1,1,95,61,19119,"4"
6978,1,1,2,110,53,23185,"4"
6979,1,1,3,175,70,8360,"2"
6980,0,1,2,35,35,21218,"4"
6981,1,1,2,35,76,8088,"4"
6982,1,1,3,35,60,22630,"4"
6983,1,1,4,165,61,22207,"2"
6984,1,1,3,35,44,20876,"4"
6985,1,1,2,35,72,8701,"4"
6986,1,1,4,150,44,8062,"2"
6987,1,1,4,35,41,8753,"4"
6988,0,1,3,35,45,21015,"4"
6989,1,1,1,35,67,22043,"4"
6990,1,1,3,65,50,22032,"4"
6991,1,1,3,80,55,20901,"4"
6992,1,1,3,35,55,20147,"4"
6993,1,1,3,135,72,8033,"2"
6994,1,1,4,35,36,8003,"4"
6995,1,1,2,35,52,8753,"4"
6996,0,0,1,35,42,21113,"1"
6997,1,1,2,35,68,8753,"4"
6998,1,1,2,35,40,8003,"4"
6999,1,1,4,55,48,8052,"4"
7000,0,1,1,85,90,23185,"4"
7001,0,1,3,35,64,20112,"4"
7002,0,1,2,35,89,21037,"4"
7003,0,1,2,115,54,23113,"4"
7004,1,1,2,35,59,21012,"4"
7005,1,1,4,115,53,22032,"4"
7006,1,1,4,110,87,8742,"4"
7007,1,1,3,35,43,20855,"4"
7008,1,1,4,175,50,19027,"2"
7009,0,0,4,135,45,22207,"1"
7010,0,1,2,35,34,20176,"4"
7011,1,1,1,35,73,22901,"4"
7012,1,1,2,120,52,20833,"2"
7013,0,1,2,175,40,22611,"4"
7014,1,1,4,155,61,20037,"2"
7015,0,1,1,55,59,21234,"4"
7016,1,1,2,175,49,18940,"2"
7017,0,1,2,95,42,22911,"4"
7018,0,1,5,35,61,19119,"4"
7019,1,1,4,155,42,8234,"2"
7020,1,1,4,80,59,21158,"4"
7021,1,1,1,70,66,19446,"4"
7022,1,1,3,35,51,21157,"4"
7023,0,1,1,35,46,20740,"4"
7024,1,1,6,175,61,23185,"4"
7025,0,1,3,35,42,20832,"4"
7026,1,1,5,35,58,8055,"4"
7027,1,1,3,35,58,21042,"4"
7028,0,1,4,35,47,21012,"4"
7029,1,1,3,105,59,20155,"4"
7030,1,1,5,40,71,19083,"4"
7031,0,1,4,35,50,21210,"4"
7032,1,1,2,105,76,21075,"4"
7033,1,1,5,35,45,8075,"4"
7034,0,1,3,50,61,20003,"4"
7035,1,1,3,50,77,20783,"4"
7036,1,1,3,35,69,22701,"4"
7037,1,1,2,105,64,21122,"4"
7038,1,1,2,175,35,20016,"2"
7039,1,1,5,170,58,22026,"2"
7040,1,1,3,55,46,22102,"4"
7041,1,1,3,100,41,21401,"4"
7042,0,1,3,60,61,19152,"4"
7043,1,1,4,115,55,21113,"4"
7044,0,1,1,35,57,22192,"4"
7045,1,1,5,155,51,22003,"4"
7046,1,1,5,155,46,20110,"4"
7047,0,1,1,175,81,20850,"4"
7048,1,1,4,65,45,21046,"4"
7049,0,1,2,35,45,8873,"4"
7050,1,1,1,35,28,20720,"4"
7051,1,1,4,125,47,19446,"4"
7052,0,1,4,50,42,22003,"4"
7053,0,0,1,35,55,8086,"1"
7054,0,1,4,170,59,23185,"4"
7055,1,1,3,85,55,18901,"4"
7056,1,1,2,175,54,19027,"2"
7057,1,1,3,35,49,19002,"4"
7058,1,0,3,35,46,21784,"2"
7059,1,1,6,35,72,8724,"4"
7060,1,1,1,55,53,22101,"4"
7061,1,1,2,35,44,21702,"4"
7062,0,1,3,35,52,19067,"4"
7063,1,1,4,35,24,23233,"4"
7064,1,1,4,35,70,8540,"4"
7065,1,1,3,35,69,22901,"4"
7066,0,0,1,35,69,8540,"1"
7067,1,1,2,55,46,19047,"4"
7068,0,1,1,75,53,21209,"4"
7069,0,1,4,175,35,8057,"4"
7070,1,1,3,35,59,8742,"4"
7071,0,1,1,55,72,19010,"4"
7072,1,1,2,35,58,20187,"4"
7073,0,1,2,35,52,22630,"4"
7074,1,1,1,35,52,20770,"4"
7075,0,1,2,35,59,8033,"4"
7076,0,1,1,35,37,20874,"4"
7077,0,1,4,45,80,8075,"4"
7078,1,1,2,40,78,20853,"4"
7079,1,1,1,40,31,22015,"4"
7080,1,1,6,115,74,8005,"4"
7081,1,1,4,35,36,22554,"4"
7082,0,1,1,115,40,20782,"4"
7083,0,1,2,40,70,22180,"4"
7084,1,1,6,175,49,19006,"4"
7085,1,1,5,115,81,22150,"4"
7086,0,0,2,35,35,20009,"1"
7087,1,1,3,85,58,8053,"4"
7088,1,1,2,175,61,20854,"2"
7089,1,1,3,35,45,22308,"4"
7090,0,1,4,105,47,20155,"4"
7091,1,1,3,175,56,21044,"2"
7092,0,1,6,35,25,21163,"4"
7093,0,1,1,50,56,22554,"4"
7094,1,1,1,175,42,20815,"2"
7095,0,1,2,35,42,22042,"4"
7096,1,1,1,35,44,19119,"4"
7097,0,0,3,85,35,21209,"1"
7098,1,1,2,40,60,22314,"4"
7099,1,1,1,55,75,21210,"4"
7100,0,1,1,35,41,8742,"4"
7101,1,0,1,35,62,20151,"2"
7102,1,1,3,120,46,21784,"4"
7103,0,1,2,35,39,19087,"4"
7104,1,1,3,40,57,21737,"4"
7105,0,1,1,35,61,20175,"4"
7106,1,1,3,70,45,21702,"4"
7107,0,1,4,35,55,21771,"4"
7108,0,1,5,65,79,8054,"4"
7109,1,1,4,175,55,19067,"2"
7110,0,1,4,40,39,20147,"4"
7111,1,1,3,175,45,21054,"2"
7112,0,1,4,35,47,20744,"4"
7113,1,1,3,125,56,20852,"4"
7114,1,1,2,90,44,20148,"4"
7115,1,1,2,45,56,20740,"4"
7116,0,1,1,80,63,19067,"4"
7117,0,1,3,125,45,20190,"4"
7118,0,1,3,35,51,19111,"4"
7119,1,1,3,45,70,22003,"4"
7120,0,1,3,35,66,20136,"4"
7121,1,1,2,95,49,22315,"4"
7122,1,1,3,55,59,18966,"4"
7123,1,1,4,45,58,7728,"4"
7124,0,1,2,65,34,8003,"4"
7125,0,1,5,35,79,21035,"4"
7126,0,1,1,35,30,21224,"4"
7127,0,1,2,35,46,18940,"4"
7128,1,1,5,35,40,8054,"4"
7129,1,1,2,125,74,21093,"2"
7130,1,1,3,35,80,19103,"4"
7131,0,1,1,35,44,22308,"4"
7132,1,1,4,35,43,22202,"4"
7133,0,1,2,35,75,21234,"4"
7134,1,1,2,50,57,20007,"4"
7135,0,1,2,175,63,8037,"4"
7136,0,1,5,65,54,20166,"4"
7137,0,1,4,35,55,8071,"4"
7138,1,1,1,35,82,8724,"4"
7139,1,1,3,75,55,8060,"4"
7140,1,1,3,70,78,20910,"4"
7141,1,1,3,150,47,8053,"2"
7142,0,1,2,55,66,7728,"4"
7143,1,1,3,35,66,7728,"4"
7144,1,1,2,45,59,21771,"4"
7145,1,0,2,60,39,19119,"2"
7146,1,1,3,105,51,8055,"4"
7147,0,1,1,90,53,19067,"4"
7148,0,1,3,35,77,8062,"4"
7149,1,1,3,65,63,22043,"4"
7150,1,1,1,35,62,22202,"4"
7151,0,1,4,175,51,20707,"4"
7152,0,1,2,70,54,8753,"4"
7153,1,1,2,95,45,22554,"4"
7154,0,1,2,165,50,20895,"4"
7155,0,1,1,55,34,19083,"4"
7156,1,1,3,55,60,22066,"4"
7157,1,1,2,175,72,22309,"2"
7158,1,1,2,45,37,8048,"4"
7159,0,1,2,50,82,8755,"4"
7160,0,1,1,35,68,21204,"4"
7161,0,1,3,35,40,21227,"4"
7162,1,1,2,35,53,22046,"4"
7163,1,1,3,105,47,21228,"4"
7164,0,1,4,50,48,19067,"4"
7165,1,1,3,35,51,22554,"4"
7166,0,1,4,35,55,22046,"4"
7167,0,1,2,45,64,23229,"4"
7168,1,1,5,90,60,8054,"4"
7169,1,1,2,35,68,20002,"4"
7170,1,1,2,35,52,21204,"4"
7171,0,1,6,100,62,22033,"4"
7172,1,1,5,35,51,20148,"4"
7173,1,1,2,75,69,20115,"4"
7174,0,1,2,130,39,19002,"4"
7175,1,1,7,35,69,22407,"4"
7176,1,1,2,40,50,21113,"4"
7177,1,1,2,35,68,22044,"4"
7178,1,1,5,35,45,21117,"4"
7179,0,0,4,35,55,21286,"1"
7180,1,1,4,100,55,19020,"4"
7181,0,1,3,50,43,19083,"4"
7182,1,1,1,40,56,22305,"4"
7183,1,1,2,60,69,21093,"4"
7184,0,1,2,35,85,19067,"4"
7185,1,1,4,175,48,22124,"2"
7186,1,1,2,45,58,21234,"4"
7187,0,1,1,175,68,20852,"4"
7188,0,1,2,35,54,22205,"4"
7189,0,1,3,175,49,21093,"4"
7190,1,1,5,35,59,8234,"4"
7191,1,1,2,35,51,21032,"4"
7192,0,1,1,55,51,20901,"4"
7193,0,1,2,55,73,20853,"4"
7194,1,1,1,45,72,23113,"4"
7195,0,1,3,35,55,19103,"4"
7196,1,1,3,105,47,8620,"4"
7197,1,1,4,35,43,8873,"4"
7198,0,1,1,35,43,18901,"4"
7199,1,1,4,35,69,8057,"4"
7200,0,1,3,35,46,20124,"4"
7201,0,1,3,35,70,8759,"4"
7202,0,0,1,60,28,21117,"1"
7203,1,1,6,35,47,19119,"4"
7204,1,1,4,155,50,20854,"2"
7205,0,1,4,35,57,8053,"4"
7206,1,1,2,35,77,22044,"4"
7207,1,1,5,35,46,21054,"4"
7208,1,1,1,80,47,20902,"4"
7209,1,1,3,175,65,22033,"2"
7210,0,1,3,35,60,8050,"4"
7211,1,1,2,35,80,21061,"4"
7212,0,1,5,60,64,21286,"4"
7213,1,1,3,35,38,20878,"4"
7214,1,1,3,65,47,21012,"4"
7215,0,0,1,35,43,8244,"1"
7216,0,1,5,35,76,20147,"4"
7217,1,1,2,35,49,20008,"4"
7218,1,1,2,60,77,20186,"4"
7219,0,1,4,90,57,21210,"4"
7220,1,1,2,35,63,20002,"4"
7221,1,1,3,175,59,21146,"2"
7222,1,1,5,90,46,21401,"4"
7223,0,1,3,90,51,19067,"4"
7224,0,1,1,35,73,21218,"4"
7225,1,1,1,60,52,18940,"4"
7226,1,1,4,35,66,20007,"4"
7227,1,1,3,55,58,8505,"4"
7228,1,1,3,160,58,20015,"2"
7229,1,1,4,150,51,22066,"2"
7230,0,1,2,35,75,8035,"4"
7231,0,1,3,35,49,21093,"4"
7232,1,1,3,65,43,23233,"4"
7233,0,1,2,150,39,8534,"4"
7234,0,1,4,40,47,20854,"4"
7235,1,1,2,70,49,8081,"4"
7236,0,1,1,35,73,22032,"4"
7237,1,1,2,65,72,20008,"4"
7238,0,1,1,35,62,22314,"4"
7239,0,1,2,75,46,8053,"4"
7240,0,1,1,35,55,19067,"4"
7241,1,1,5,35,48,21012,"4"
7242,1,1,2,35,68,19116,"4"
7243,1,1,3,75,67,21032,"4"
7244,1,1,4,35,62,8055,"4"
7245,1,1,1,80,57,20003,"4"
7246,1,1,3,90,44,20817,"4"
7247,1,1,4,35,44,8723,"4"
7248,0,1,1,60,53,8757,"4"
7249,1,0,1,35,42,22201,"2"
7250,1,1,5,35,41,22901,"4"
7251,0,1,4,35,61,21158,"4"
7252,0,1,2,45,76,8759,"4"
7253,0,1,1,45,64,20874,"4"
7254,0,1,2,110,90,22901,"4"
7255,1,1,2,35,58,24060,"4"
7256,0,1,2,35,58,8012,"4"
7257,0,0,2,35,36,8724,"1"
7258,1,1,3,40,63,8053,"4"
7259,1,1,2,35,79,21042,"4"
7260,1,1,2,165,47,20882,"2"
7261,0,1,2,35,34,22079,"4"
7262,1,1,1,35,53,20191,"4"
7263,0,1,3,100,47,21093,"4"
7264,0,1,3,35,68,22003,"4"
7265,0,0,1,35,39,21212,"1"
7266,0,1,1,35,56,20895,"4"
7267,1,1,2,50,41,21122,"4"
7268,1,1,5,35,42,19067,"4"
7269,1,1,1,110,48,21075,"2"
7270,0,1,2,40,41,8505,"4"
7271,1,1,4,35,75,23229,"4"
7272,1,1,4,35,48,20854,"4"
7273,1,1,3,35,59,8054,"4"
7274,0,1,2,45,63,22043,"4"
7275,1,1,2,50,41,22407,"4"
7276,1,1,4,175,62,8816,"2"
7277,1,1,4,90,52,18901,"4"
7278,0,1,2,70,50,18901,"4"
7279,1,1,2,35,77,21032,"4"
7280,0,1,2,125,53,21030,"4"
7281,1,1,2,35,77,22405,"4"
7282,0,1,2,35,60,22611,"4"
7283,1,1,5,175,52,20866,"2"
7284,1,1,3,175,48,20878,"2"
7285,0,1,3,35,49,23233,"4"
7286,0,1,4,35,53,22207,"4"
7287,0,0,1,115,38,8816,"1"
7288,0,1,2,65,56,20817,"4"
7289,1,1,3,35,73,22032,"4"
7290,1,1,2,115,64,22039,"2"
7291,0,1,4,115,43,22911,"4"
7292,1,0,3,35,52,19002,"2"
7293,0,1,6,35,53,21015,"4"
7294,1,1,2,40,52,21234,"4"
7295,1,1,1,40,44,22181,"4"
7296,1,1,1,60,45,22152,"4"
7297,1,1,3,35,52,20007,"4"
7298,1,1,2,35,64,8106,"4"
7299,0,1,3,70,58,21014,"4"
7300,1,1,6,45,38,22407,"4"
7301,0,1,2,55,31,21108,"4"
7302,1,1,1,125,49,20832,"2"
7303,1,1,5,35,47,18901,"4"
7304,0,1,2,35,67,20814,"4"
7305,1,1,2,175,39,22101,"2"
7306,0,1,1,175,43,20912,"4"
7307,1,1,5,145,45,20151,"4"
7308,1,1,3,65,57,22312,"4"
7309,1,1,6,60,45,21093,"4"
7310,1,1,3,35,44,21014,"4"
7311,0,1,7,95,41,8055,"4"
7312,1,1,1,35,55,19106,"4"
7313,1,1,3,90,41,19096,"4"
7314,0,0,3,35,42,19087,"1"
7315,1,1,2,35,41,21286,"4"
7316,0,1,3,35,60,21218,"4"
7317,1,1,6,135,64,20164,"4"
7318,1,1,2,35,67,21108,"4"
7319,1,1,2,50,60,21228,"4"
7320,1,1,5,90,42,8648,"4"
7321,0,1,3,175,82,8540,"4"
7322,1,1,3,65,68,22308,"4"
7323,0,1,4,55,57,18901,"4"
7324,0,1,2,165,52,22315,"4"
7325,1,1,3,35,50,20112,"4"
7326,1,1,2,35,53,22204,"4"
7327,1,1,2,35,83,8054,"4"
7328,1,1,4,50,49,20176,"4"
7329,1,1,2,70,55,8004,"4"
7330,0,0,1,80,57,20009,"1"
7331,1,1,3,65,43,21131,"4"
7332,1,1,2,35,69,8055,"4"
7333,1,1,3,35,50,19046,"4"
7334,1,1,2,85,58,19083,"4"
7335,0,1,1,35,54,21046,"4"
7336,1,1,5,50,61,19446,"4"
7337,1,1,7,65,50,19111,"4"
7338,0,1,1,175,42,21286,"4"
7339,1,1,3,175,39,21042,"2"
7340,0,1,2,35,60,8080,"4"
7341,0,1,6,35,56,19087,"4"
7342,0,0,1,40,58,8505,"1"
7343,0,1,4,55,74,22310,"4"
7344,1,1,3,35,68,21401,"4"
7345,1,1,3,50,50,8016,"4"
7346,1,1,4,35,62,8204,"4"
7347,0,1,3,60,47,20170,"4"
7348,0,1,4,110,56,20855,"4"
7349,1,0,1,50,53,22314,"2"
7350,1,1,5,65,43,22030,"4"
7351,1,1,4,175,55,21030,"2"
7352,0,1,3,100,67,21146,"4"
7353,0,1,1,75,83,18901,"4"
7354,1,1,3,35,50,21108,"4"
7355,0,1,3,35,38,8057,"4"
7356,0,1,2,70,73,21122,"4"
7357,1,0,3,35,71,22046,"2"
7358,1,1,5,75,41,20833,"4"
7359,1,1,3,35,64,23185,"4"
7360,1,1,2,55,46,8060,"4"
7361,0,1,3,90,66,22044,"4"
7362,1,1,1,55,77,21032,"4"
7363,1,0,1,35,79,21042,"2"
7364,0,1,1,35,71,8050,"4"
7365,0,0,1,35,27,21044,"1"
7366,0,1,2,35,77,8004,"4"
7367,0,1,3,70,41,22701,"4"
7368,0,0,1,35,85,19002,"1"
7369,1,1,4,55,62,8012,"4"
7370,0,1,1,40,41,21234,"4"
7371,1,0,3,35,34,18966,"2"
7372,0,1,1,40,35,20176,"4"
7373,1,1,6,125,46,21228,"4"
7374,0,1,2,100,58,20151,"4"
7375,1,1,4,175,59,19020,"2"
7376,1,1,4,45,49,20723,"4"
7377,1,1,3,105,63,21014,"4"
7378,1,1,3,140,52,20132,"2"
7379,1,1,2,35,69,22308,"4"
7380,1,0,1,35,32,19083,"2"
7381,0,1,1,50,36,21014,"4"
7382,0,1,3,35,69,8108,"4"
7383,0,1,1,70,76,20783,"4"
7384,0,1,1,45,79,8022,"4"
7385,0,1,2,90,43,20190,"4"
7386,0,1,2,70,71,20152,"4"
7387,1,0,1,35,86,20895,"2"
7388,1,1,5,105,66,21212,"4"
7389,0,1,5,35,46,19010,"4"
7390,1,1,1,60,67,19002,"4"
7391,0,1,4,35,56,20705,"4"
7392,0,1,2,175,63,22003,"4"
7393,1,1,2,135,44,8225,"2"
7394,1,1,3,170,64,20191,"2"
7395,1,1,3,175,63,20191,"2"
7396,1,1,3,50,64,8234,"4"
7397,0,1,2,90,66,8724,"4"
7398,1,1,6,35,49,8034,"4"
7399,1,0,2,35,25,20016,"2"
7400,0,1,3,150,38,8691,"4"
7401,1,1,3,50,81,19119,"4"
7402,0,1,2,35,68,18901,"4"
7403,0,1,2,65,49,23233,"4"
7404,1,1,3,35,57,21014,"4"
7405,0,1,2,35,43,20744,"4"
7406,1,1,3,35,45,24060,"4"
7407,1,1,5,60,38,22032,"4"
7408,1,1,5,50,51,8724,"4"
7409,1,1,5,70,55,8742,"4"
7410,1,1,4,60,58,23229,"4"
7411,1,1,2,35,69,8724,"4"
7412,1,1,3,175,46,22308,"2"
7413,1,1,5,35,70,19115,"4"
7414,1,1,1,35,26,22312,"4"
7415,1,1,4,35,38,21204,"4"
7416,0,1,1,50,59,8648,"4"
7417,1,1,4,35,41,21212,"4"
7418,1,1,1,50,71,8053,"4"
7419,0,1,4,110,51,20895,"4"
7420,1,1,2,35,70,22307,"4"
7421,1,1,4,35,54,19046,"4"
7422,1,1,3,90,55,20815,"4"
7423,0,1,3,95,43,20902,"4"
7424,1,0,2,40,57,8088,"2"
7425,1,1,3,40,50,18940,"4"
7426,0,1,2,175,61,8731,"4"
7427,0,1,3,70,63,20782,"4"
7428,1,0,1,35,56,20852,"2"
7429,0,1,1,175,52,8540,"4"
7430,0,1,2,115,54,8540,"4"
7431,1,1,1,35,64,22206,"4"
7432,0,1,1,35,75,21228,"4"
7433,0,0,1,45,48,20895,"1"
7434,0,1,1,40,88,22701,"4"
7435,1,1,2,85,79,21042,"4"
7436,1,1,1,35,30,20832,"4"
7437,0,1,3,35,43,8619,"4"
7438,1,1,2,170,59,22181,"2"
7439,1,1,2,150,81,22152,"2"
7440,0,1,3,140,46,8094,"4"
7441,1,1,2,35,51,20874,"4"
7442,1,1,2,35,77,20164,"4"
7443,0,0,1,45,33,20003,"1"
7444,0,1,2,90,37,21117,"4"
7445,0,1,1,70,45,21771,"4"
7446,0,1,2,35,39,8004,"4"
7447,1,1,4,35,60,20180,"4"
7448,0,1,1,35,71,20816,"4"
7449,1,1,3,160,56,21042,"2"
7450,1,1,4,105,52,22601,"4"
7451,1,1,2,35,48,21784,"4"
7452,1,1,6,125,62,18901,"4"
7453,1,1,4,175,46,20905,"2"
7454,0,1,2,35,52,20904,"4"
7455,1,1,4,40,34,19047,"4"
7456,1,0,1,175,66,20191,"2"
7457,1,1,2,40,81,19010,"4"
7458,0,1,1,35,62,22901,"4"
7459,0,1,3,45,56,21234,"4"
7460,1,1,2,110,68,18966,"4"
7461,1,1,2,175,57,8691,"2"
7462,1,1,3,35,60,21014,"4"
7463,0,1,6,70,47,8088,"4"
7464,1,1,2,35,47,20902,"4"
7465,0,1,3,55,37,22150,"4"
7466,0,1,2,140,44,8816,"4"
7467,0,1,2,35,77,8008,"4"
7468,1,1,3,35,44,22181,"4"
7469,1,1,6,35,44,8361,"4"
7470,0,1,1,55,84,8096,"4"
7471,1,1,3,175,73,20120,"2"
7472,1,1,2,35,71,20814,"4"
7473,0,1,1,60,49,19128,"4"
7474,0,1,2,80,53,22192,"4"
7475,0,1,3,35,38,22314,"4"
7476,1,1,4,35,68,19047,"4"
7477,1,1,1,35,48,22206,"4"
7478,0,1,1,45,53,20121,"4"
7479,0,1,5,35,47,21286,"4"
7480,1,1,1,105,55,20190,"2"
7481,1,1,3,35,50,22315,"4"
7482,1,1,1,35,53,8026,"4"
7483,1,1,2,75,57,22079,"4"
7484,1,1,2,105,69,21403,"4"
7485,0,0,2,35,77,21234,"1"
7486,0,1,4,35,53,22405,"4"
7487,1,1,4,85,51,8022,"4"
7488,1,1,1,35,36,22207,"4"
7489,1,1,2,35,67,22203,"4"
7490,1,1,3,65,59,20878,"4"
7491,1,1,4,35,40,20910,"4"
7492,0,1,2,35,77,19010,"4"
7493,0,1,1,35,74,20833,"4"
7494,1,0,1,35,53,8012,"2"
7495,1,1,2,75,47,8742,"4"
7496,1,1,3,35,45,21136,"4"
7497,0,1,2,40,64,22153,"4"
7498,1,1,2,160,68,22003,"2"
7499,0,1,2,35,32,22207,"4"
7500,1,1,1,35,59,8107,"4"
7501,1,1,5,35,55,20817,"4"
7502,0,1,2,35,59,21133,"4"
7503,0,1,3,35,55,8540,"4"
7504,1,0,2,65,65,20132,"2"
7505,1,1,1,45,43,20118,"4"
7506,0,1,1,35,71,22314,"4"
7507,1,1,4,85,80,20853,"4"
7508,0,1,1,75,74,22901,"4"
7509,1,1,2,55,67,21401,"4"
7510,0,1,1,35,52,23229,"4"
7511,1,1,1,90,70,18966,"4"
7512,1,1,1,35,47,20902,"4"
7513,1,1,3,35,55,8050,"4"
7514,1,1,1,35,43,8057,"4"
7515,1,1,3,125,66,21208,"4"
7516,1,1,6,130,49,19096,"4"
7517,1,1,4,35,47,21046,"4"
7518,1,1,4,35,47,22031,"4"
7519,1,1,4,40,46,21117,"4"
7520,0,1,4,35,58,20815,"4"
7521,0,1,4,75,70,8226,"4"
7522,1,1,1,35,83,8360,"4"
7523,1,1,3,70,44,20120,"4"
7524,0,1,7,55,65,22901,"4"
7525,1,1,5,35,42,7726,"4"
7526,0,1,2,35,63,20016,"4"
7527,1,1,2,130,57,8619,"2"
7528,0,1,1,65,55,22042,"4"
7529,1,1,3,100,55,20906,"4"
7530,0,1,5,150,55,20817,"4"
7531,1,1,1,35,78,19116,"4"
7532,1,1,1,35,46,20165,"4"
7533,1,1,1,35,74,7726,"4"
7534,1,0,1,55,44,21204,"2"
7535,0,1,1,125,49,20910,"4"
7536,1,1,3,75,55,8724,"4"
7537,1,1,3,35,36,22306,"4"
7538,1,1,1,35,77,23229,"4"
7539,1,0,1,35,46,20850,"2"
7540,1,1,2,125,51,22033,"2"
7541,1,1,3,35,50,23233,"4"
7542,0,1,2,35,51,21133,"4"
7543,1,1,3,80,50,23233,"4"
7544,1,1,4,35,47,20832,"4"
7545,1,1,5,150,57,19130,"4"
7546,1,1,2,35,42,19002,"4"
7547,0,1,1,40,77,24060,"4"
7548,1,1,4,35,52,8088,"4"
7549,1,1,4,35,51,8035,"4"
7550,1,1,3,110,47,21015,"4"
7551,0,1,3,60,59,22206,"4"
7552,1,1,2,85,65,18966,"4"
7553,1,0,2,165,37,20817,"2"
7554,0,1,2,175,46,22124,"4"
7555,1,1,5,35,48,8053,"4"
7556,1,1,3,35,53,21044,"4"
7557,0,1,1,40,53,22203,"4"
7558,1,1,3,115,43,8221,"4"
7559,1,1,5,115,43,8003,"4"
7560,1,1,4,175,51,23233,"2"
7561,1,1,2,40,56,21037,"4"
7562,0,1,3,175,60,22701,"4"
7563,0,1,2,35,78,8759,"4"
7564,1,0,1,35,39,22302,"2"
7565,1,1,3,60,27,8757,"4"
7566,1,1,5,75,24,20132,"4"
7567,0,1,3,175,65,20910,"4"
7568,1,1,5,35,77,20740,"4"
7569,1,1,4,35,54,23229,"4"
7570,1,1,5,85,77,20181,"4"
7571,0,1,2,85,56,21035,"4"
7572,0,1,3,35,61,20906,"4"
7573,1,1,3,35,42,21158,"4"
7574,0,0,1,35,42,22601,"1"
7575,1,1,1,35,51,22304,"4"
7576,1,1,2,75,48,8540,"4"
7577,0,1,3,35,66,22304,"4"
7578,1,1,6,35,29,20744,"4"
7579,0,1,3,130,63,19446,"4"
7580,1,1,1,55,63,21234,"4"
7581,1,1,2,35,44,22193,"4"
7582,0,1,2,105,56,22314,"4"
7583,0,1,1,100,59,22630,"4"
7584,1,1,5,110,50,8053,"4"
7585,1,1,2,35,41,22031,"4"
7586,1,1,4,75,48,22308,"4"
7587,0,1,2,35,45,22205,"4"
7588,1,1,3,35,62,23113,"4"
7589,0,1,1,65,44,22201,"4"
7590,0,1,1,60,57,19116,"4"
7591,1,1,1,35,65,21212,"4"
7592,0,1,5,35,42,20176,"4"
7593,0,1,3,55,63,19087,"4"
7594,0,1,3,50,38,21015,"4"
7595,1,1,2,140,84,20854,"2"
7596,0,1,3,40,55,22182,"4"
7597,0,1,5,60,44,20817,"4"
7598,0,1,4,35,61,22042,"4"
7599,0,0,3,35,43,20905,"1"
7600,1,1,4,35,46,19038,"4"
7601,1,1,3,35,62,21236,"4"
7602,1,1,3,60,54,20110,"4"
7603,0,1,5,50,76,21014,"4"
7604,1,1,3,135,52,23233,"2"
7605,0,1,1,35,36,7726,"4"
7606,1,1,2,35,43,19038,"4"
7607,0,1,7,35,37,8701,"4"
7608,0,1,1,40,62,21244,"4"
7609,1,1,2,55,53,22030,"4"
7610,0,1,5,120,47,20110,"4"
7611,1,1,2,60,47,21122,"4"
7612,1,1,2,80,78,19119,"4"
7613,0,1,4,85,46,24060,"4"
7614,1,1,3,80,55,21093,"4"
7615,1,1,2,175,45,8360,"2"
7616,1,1,1,35,48,19135,"4"
7617,0,1,4,55,49,20882,"4"
7618,0,1,5,35,63,8318,"4"
7619,0,1,4,175,57,22042,"4"
7620,1,1,2,125,58,20818,"2"
7621,1,1,3,35,51,19047,"4"
7622,0,1,1,95,38,22180,"4"
7623,0,1,1,35,77,20906,"4"
7624,1,1,3,35,72,21122,"4"
7625,1,1,1,35,54,21042,"4"
7626,0,1,2,120,45,20879,"4"
7627,1,1,4,175,61,22205,"2"
7628,0,1,3,85,50,21093,"4"
7629,0,1,3,35,50,8755,"4"
7630,1,1,2,175,31,20901,"2"
7631,0,1,2,35,52,19130,"4"
7632,0,1,3,35,59,20782,"4"
7633,0,1,1,60,74,22102,"4"
7634,1,1,4,115,66,21286,"4"
7635,0,1,3,70,51,21286,"4"
7636,1,1,4,175,50,21401,"2"
7637,0,1,3,175,48,8318,"4"
7638,1,1,5,35,47,7728,"4"
7639,1,1,2,40,46,8004,"4"
7640,1,1,4,90,66,21227,"4"
7641,1,1,7,150,44,23185,"4"
7642,1,1,2,70,62,21093,"4"
7643,1,1,2,170,46,22312,"2"
7644,1,1,2,35,57,21771,"4"
7645,1,1,1,125,78,22101,"2"
7646,1,1,3,80,80,20901,"4"
7647,1,1,2,35,50,22003,"4"
7648,1,1,3,85,37,8108,"4"
7649,0,1,3,70,49,20016,"4"
7650,1,1,2,130,38,22003,"2"
7651,1,0,1,35,88,19047,"2"
7652,0,1,1,40,80,8054,"4"
7653,1,1,1,35,44,21401,"4"
7654,0,1,3,35,54,20901,"4"
7655,1,1,6,80,43,8088,"4"
7656,1,1,2,35,68,8034,"4"
7657,1,1,5,55,69,8753,"4"
7658,1,1,4,160,37,20148,"2"
7659,0,1,5,110,59,20878,"4"
7660,1,1,2,125,63,7728,"2"
7661,0,1,7,35,61,20850,"4"
7662,0,0,1,35,85,20878,"1"
7663,1,1,4,35,48,23233,"4"
7664,1,1,4,175,51,20815,"2"
7665,1,1,3,175,51,8221,"2"
7666,0,1,3,35,60,8204,"4"
7667,1,1,3,35,71,8088,"4"
7668,0,1,4,85,45,20854,"4"
7669,0,1,2,175,40,22101,"4"
7670,1,1,4,110,48,21076,"4"
7671,1,1,7,35,55,22151,"4"
7672,1,1,3,100,53,21228,"4"
7673,1,1,3,35,40,21204,"4"
7674,1,1,3,50,54,8731,"4"
7675,0,1,4,70,77,20124,"4"
7676,1,1,3,145,55,19446,"2"
7677,1,0,1,65,46,22405,"2"
7678,0,0,1,35,42,20817,"1"
7679,0,1,2,35,56,19446,"4"
7680,0,1,3,35,57,22303,"4"
7681,1,1,1,35,41,21230,"4"
7682,1,0,2,35,47,22032,"2"
7683,0,1,5,175,46,8540,"4"
7684,0,1,3,60,70,8620,"4"
7685,1,1,3,90,47,20878,"4"
7686,1,1,2,35,60,20910,"4"
7687,1,1,4,175,58,22304,"2"
7688,1,1,6,150,49,20170,"4"
7689,1,1,4,40,41,8816,"4"
7690,1,1,2,35,36,22015,"4"
7691,1,1,2,35,63,8753,"4"
7692,1,1,7,95,53,21136,"4"
7693,0,0,3,65,47,21209,"1"
7694,1,1,2,175,44,8094,"2"
7695,0,0,1,45,44,19087,"1"
7696,1,1,3,95,54,20855,"4"
7697,0,1,6,35,46,18901,"4"
7698,1,1,2,105,40,22630,"4"
7699,1,1,2,35,58,21061,"4"
7700,0,1,3,100,60,22039,"4"
7701,0,1,4,105,46,18966,"4"
7702,1,1,2,35,77,19002,"4"
7703,1,1,4,175,51,21794,"2"
7704,0,1,3,50,48,19446,"4"
7705,0,1,4,70,39,21104,"4"
7706,0,1,3,65,55,8691,"4"
7707,1,1,4,35,49,8034,"4"
7708,1,1,3,35,79,8033,"4"
7709,1,1,2,115,54,22101,"2"
7710,1,1,4,35,49,19006,"4"
7711,1,1,5,80,45,22192,"4"
7712,0,1,4,105,38,20854,"4"
7713,1,1,5,35,55,21212,"4"
7714,0,1,4,35,51,21146,"4"
7715,1,1,4,40,46,21157,"4"
7716,1,1,4,175,68,22101,"2"
7717,0,1,5,35,35,8096,"4"
7718,1,1,2,105,86,22032,"4"
7719,0,0,2,35,40,20755,"1"
7720,0,1,3,35,81,8094,"4"
7721,0,1,2,35,53,22308,"4"
7722,1,1,3,75,52,20874,"4"
7723,1,1,1,100,58,8742,"2"
7724,0,1,1,35,47,22205,"4"
7725,1,1,3,35,88,7728,"4"
7726,0,1,1,40,43,22315,"4"
7727,1,0,3,35,41,20186,"2"
7728,1,1,3,175,57,22032,"2"
7729,0,1,1,35,54,22315,"4"
7730,0,0,1,35,28,18901,"1"
7731,1,1,2,135,43,20878,"2"
7732,1,1,3,45,58,21046,"4"
7733,1,1,8,35,47,8080,"4"
7734,1,1,6,35,50,21044,"4"
7735,1,0,2,50,64,20854,"2"
7736,1,1,3,170,55,22039,"2"
7737,0,1,2,135,53,22206,"4"
7738,1,1,1,35,47,19087,"4"
7739,1,1,3,175,76,23233,"2"
7740,1,1,3,175,54,20008,"2"
7741,0,1,1,100,37,22042,"4"
7742,0,1,5,45,48,20112,"4"
7743,1,1,4,85,46,8234,"4"
7744,0,1,5,40,42,20817,"4"
7745,1,0,1,165,44,8540,"2"
7746,1,1,4,85,51,20186,"4"
7747,1,1,5,75,41,8055,"4"
7748,0,1,1,35,47,21014,"4"
7749,0,1,2,35,60,22151,"4"
7750,0,1,5,35,49,21234,"4"
7751,0,1,2,35,73,8701,"4"
7752,1,1,3,175,60,21093,"2"
7753,0,1,2,120,58,8094,"4"
7754,1,1,3,35,88,22314,"4"
7755,1,1,4,35,51,8527,"4"
7756,0,1,1,55,80,19096,"4"
7757,1,1,2,55,50,22003,"4"
7758,0,1,1,40,35,21224,"4"
7759,0,1,2,35,46,20720,"4"
7760,0,1,3,35,40,20121,"4"
7761,1,1,2,95,63,8724,"4"
7762,0,1,2,45,53,20723,"4"
7763,0,1,2,65,47,20816,"4"
7764,1,1,6,145,66,21204,"4"
7765,1,1,4,90,65,8055,"4"
7766,1,1,1,35,70,19446,"4"
7767,0,1,2,175,58,20015,"4"
7768,0,1,2,35,41,8003,"4"
7769,0,1,1,175,54,21210,"4"
7770,0,1,1,35,57,20912,"4"
7771,1,1,3,175,63,20782,"2"
7772,0,1,2,35,87,19046,"4"
7773,1,1,3,35,58,20906,"4"
7774,1,1,5,45,50,19027,"4"
7775,1,1,2,45,71,22207,"4"
7776,1,1,2,110,52,22315,"4"
7777,0,1,4,35,58,19114,"4"
7778,0,1,3,105,55,22041,"4"
7779,0,1,2,35,80,20814,"4"
7780,1,1,1,35,58,8026,"4"
7781,1,1,2,45,38,20016,"4"
7782,1,1,3,35,51,20121,"4"
7783,1,1,4,35,57,8094,"4"
7784,0,1,5,35,56,21037,"4"
7785,0,1,3,45,37,20186,"4"
7786,0,1,3,55,45,19067,"4"
7787,1,1,4,35,73,20009,"4"
7788,1,1,4,35,61,21044,"4"
7789,1,1,2,35,84,19111,"4"
7790,1,0,2,35,77,18901,"2"
7791,1,1,3,35,63,20715,"4"
7792,0,1,4,35,79,20817,"4"
7793,1,1,1,100,36,21114,"2"
7794,0,1,3,50,37,8054,"4"
7795,0,1,4,55,67,8205,"4"
7796,0,1,2,40,37,22027,"4"
7797,0,1,1,35,61,22030,"4"
7798,0,1,3,35,42,19116,"4"
7799,0,1,3,45,49,20815,"4"
7800,1,1,2,50,42,21403,"4"
7801,1,1,1,35,75,8701,"4"
7802,1,1,2,35,60,20850,"4"
7803,1,1,4,70,43,20120,"4"
7804,1,1,3,35,54,20120,"4"
7805,1,1,2,175,43,24060,"2"
7806,0,1,4,55,44,20878,"4"
7807,1,1,4,65,42,22033,"4"
7808,1,1,2,50,58,8075,"4"
7809,1,1,1,35,48,20874,"4"
7810,1,1,4,75,67,20895,"4"
7811,1,1,2,45,78,23113,"4"
7812,0,1,3,45,36,19046,"4"
7813,0,1,2,35,40,20854,"4"
7814,0,1,3,35,52,22102,"4"
7815,0,1,3,70,50,8753,"4"
7816,1,1,2,70,57,22701,"4"
7817,0,0,1,40,30,22101,"1"
7818,0,1,2,60,70,20191,"4"
7819,1,1,5,120,32,22309,"4"
7820,0,1,4,60,40,21784,"4"
7821,1,1,2,55,52,20850,"4"
7822,1,1,3,140,46,22315,"2"
7823,0,1,1,95,48,21286,"4"
7824,1,1,2,55,53,8759,"4"
7825,1,1,6,35,47,8055,"4"
7826,0,1,6,35,51,8053,"4"
7827,0,1,2,80,38,21093,"4"
7828,1,0,1,60,56,20850,"2"
7829,1,1,2,145,55,22305,"2"
7830,0,1,2,35,63,19006,"4"
7831,1,1,3,35,45,23113,"4"
7832,0,1,1,35,56,20770,"4"
7833,1,1,2,150,48,20015,"2"
7834,1,1,1,85,55,20705,"4"
7835,1,0,1,40,64,19111,"2"
7836,0,1,1,35,73,21286,"4"
7837,1,1,2,40,61,8037,"4"
7838,1,1,6,35,47,22304,"4"
7839,1,1,2,35,38,22042,"4"
7840,0,1,1,35,37,19446,"4"
7841,1,1,3,35,71,20015,"4"
7842,0,1,4,35,60,8016,"4"
7843,1,1,2,40,61,22153,"4"
7844,1,1,3,155,66,19083,"2"
7845,1,1,1,85,57,19067,"4"
7846,1,1,2,35,57,22030,"4"
7847,1,1,4,35,49,8037,"4"
7848,0,0,1,35,39,19083,"1"
7849,1,1,3,35,50,8215,"4"
7850,0,1,3,35,41,22903,"4"
7851,0,1,4,135,50,8520,"4"
7852,0,1,4,50,52,8244,"4"
7853,0,1,1,40,63,22079,"4"
7854,1,1,3,35,65,21093,"4"
7855,1,1,5,35,45,21701,"4"
7856,0,1,2,35,74,22032,"4"
7857,0,1,3,90,52,18940,"4"
7858,1,1,3,40,44,21015,"4"
7859,1,1,2,35,33,21136,"4"
7860,0,1,2,60,59,20170,"4"
7861,1,1,1,55,68,20853,"4"
7862,1,1,4,35,64,8003,"4"
7863,0,1,4,100,60,22046,"4"
7864,0,0,1,100,45,20115,"1"
7865,1,1,6,95,50,21236,"4"
7866,1,1,4,165,56,20124,"2"
7867,0,1,4,35,78,8753,"4"
7868,1,1,3,35,41,21122,"4"
7869,0,1,3,110,59,8057,"4"
7870,0,1,1,35,36,8109,"4"
7871,1,1,5,90,37,20904,"4"
7872,0,1,4,35,52,7728,"4"
7873,1,1,2,35,31,20132,"4"
7874,1,1,4,35,34,20155,"4"
7875,0,1,2,35,53,22307,"4"
7876,1,1,2,60,40,20147,"4"
7877,0,1,3,35,54,8053,"4"
7878,0,1,4,105,48,20850,"4"
7879,1,1,3,105,62,20136,"4"
7880,1,1,3,145,49,21093,"2"
7881,1,1,1,105,64,7728,"2"
7882,0,1,2,35,60,21401,"4"
7883,1,1,3,175,57,21771,"2"
7884,1,1,3,35,60,22407,"4"
7885,1,1,1,95,51,22314,"2"
7886,0,1,2,35,74,19067,"4"
7887,1,1,1,50,36,20002,"4"
7888,0,0,2,35,52,20016,"1"
7889,1,0,2,55,36,21158,"2"
7890,0,1,1,35,48,20832,"4"
7891,1,1,2,35,66,8619,"4"
7892,1,1,4,90,49,22042,"4"
7893,1,1,5,35,59,22033,"4"
7894,1,1,1,35,41,19087,"4"
7895,1,1,2,50,49,23229,"4"
7896,0,1,3,35,56,8690,"4"
7897,1,1,2,75,38,20816,"4"
7898,1,1,2,175,59,20176,"2"
7899,1,1,2,35,43,8016,"4"
7900,1,1,3,165,47,20818,"2"
7901,1,1,3,100,59,22307,"4"
7902,0,1,2,35,44,8225,"4"
7903,1,1,2,35,86,21042,"4"
7904,1,1,2,35,82,8701,"4"
7905,1,1,2,90,77,8742,"4"
7906,1,1,2,175,69,21113,"2"
7907,0,1,2,60,47,8106,"4"
7908,0,1,1,105,62,8033,"4"
7909,0,1,2,130,53,22305,"4"
7910,0,1,2,55,48,22307,"4"
7911,0,1,2,160,68,19111,"4"
7912,1,1,2,55,75,8742,"4"
7913,1,1,4,35,62,8648,"4"
7914,1,1,2,40,80,19067,"4"
7915,0,1,3,150,45,21218,"4"
7916,1,1,4,95,51,8034,"4"
7917,1,1,2,90,65,19446,"4"
7918,0,1,1,35,55,21114,"4"
7919,0,0,4,35,37,8215,"1"
7920,1,1,5,70,39,22405,"4"
7921,1,0,2,35,45,20002,"2"
7922,1,1,2,35,61,21157,"4"
7923,0,1,2,165,46,8057,"4"
7924,1,1,4,35,44,22046,"4"
7925,1,1,3,40,55,22152,"4"
7926,0,1,3,40,56,21229,"4"
7927,0,1,1,35,82,21074,"4"
7928,1,1,1,40,82,18901,"4"
7929,1,1,3,75,56,20855,"4"
7930,1,1,1,175,54,19087,"2"
7931,0,1,2,40,88,22307,"4"
7932,1,1,4,35,61,8610,"4"
7933,1,1,2,70,39,22152,"4"
7934,1,1,4,55,61,20878,"4"
7935,1,1,3,90,61,20715,"4"
7936,1,0,1,35,29,22201,"2"
7937,1,1,3,35,56,20905,"4"
7938,1,1,2,40,63,21401,"4"
7939,0,1,2,35,47,21738,"4"
7940,1,1,4,65,81,8108,"4"
7941,1,1,1,45,47,22180,"4"
7942,1,1,4,35,44,20794,"4"
7943,1,1,1,35,51,20770,"4"
7944,0,1,3,40,78,24060,"4"
7945,1,1,2,55,53,19067,"4"
7946,0,1,3,90,61,22554,"4"
7947,1,1,2,85,64,20901,"4"
7948,0,1,2,35,42,20009,"4"
7949,0,1,1,35,57,22079,"4"
7950,0,1,6,35,48,22602,"4"
7951,0,0,2,35,52,22192,"1"
7952,1,1,4,90,44,8221,"4"
7953,1,1,3,65,52,22102,"4"
7954,1,1,1,35,54,22003,"4"
7955,0,0,3,50,57,20147,"1"
7956,0,1,1,35,64,21158,"4"
7957,1,1,5,35,48,20905,"4"
7958,0,1,3,175,45,8035,"4"
7959,0,1,1,35,54,21075,"4"
7960,1,1,1,35,36,19067,"4"
7961,1,1,3,45,44,19038,"4"
7962,1,1,6,35,53,20176,"4"
7963,0,1,4,35,47,20832,"4"
7964,0,1,1,35,60,21093,"4"
7965,1,0,1,55,47,22202,"2"
7966,1,1,6,35,42,22192,"4"
7967,0,1,6,35,64,20009,"4"
7968,1,1,5,65,49,21157,"4"
7969,0,1,4,80,55,21061,"4"
7970,1,1,1,105,36,21401,"2"
7971,1,1,5,35,48,8007,"4"
7972,0,1,2,75,84,22304,"4"
7973,0,0,2,35,30,20136,"1"
7974,0,1,1,35,58,22046,"4"
7975,1,1,3,100,62,19152,"4"
7976,1,1,3,90,54,8080,"4"
7977,0,1,1,35,58,8701,"4"
7978,1,1,3,35,47,19067,"4"
7979,1,1,5,35,43,19087,"4"
7980,1,1,2,35,60,22307,"4"
7981,1,1,4,55,53,20016,"4"
7982,1,1,2,35,77,8204,"4"
7983,0,1,5,115,54,20815,"4"
7984,0,1,3,100,42,20878,"4"
7985,1,1,3,35,42,22151,"4"
7986,1,0,4,60,45,22911,"2"
7987,0,1,1,55,83,8816,"4"
7988,0,1,3,35,40,20186,"4"
7989,1,1,5,35,66,23229,"4"
7990,1,1,5,35,47,21093,"4"
7991,1,1,4,35,69,21401,"4"
7992,1,1,5,165,61,8057,"2"
7993,0,0,1,165,49,20155,"1"
7994,1,1,4,120,63,22124,"4"
7995,1,1,4,35,51,20723,"4"
7996,1,1,3,60,61,23113,"4"
7997,1,1,1,35,71,19446,"4"
7998,1,1,4,175,51,21286,"2"
7999,1,1,4,55,43,20854,"4"
8000,1,1,3,35,43,20124,"4"
