customer,email,purchase_amt,revenue,number_of_orders,number_of_orders2,recency_days
1,0,0,59,1,1,299
2,1,58.95,477.5,18,324,68
3,1,0,370.5,12,144,21
4,1,0,39,1,1,391
5,0,0,761.5,8,64,30
6,0,0,61.85,3,9,189
7,0,0,343,10,100,29
8,1,108,341.95,11,121,43
9,1,0,158,3,9,389
10,0,328,257,5,25,403
11,1,0,97.95,2,4,70
12,1,0,219.95,7,49,50
13,0,0,69,1,1,387
14,1,0,35,1,1,383
15,0,0,53.5,2,4,23
16,1,0,11.5,1,1,491
17,1,0,129.75,6,36,50
18,0,0,29.5,1,1,40
19,0,0,74,2,4,143
20,1,0,211,5,25,13
21,0,0,340,11,121,13
22,0,0,49,1,1,22
23,0,0,122,4,16,330
24,0,0,94,2,4,39
25,1,38,660.45,28,784,42
26,1,0,208,5,25,393
27,1,0,691.45,15,225,93
28,0,0,88,2,4,387
29,0,0,229.85,5,25,473
30,0,0,46.5,2,4,25
31,1,0,515.5,18,324,37
32,1,29.5,90,3,9,503
33,0,0,153.9,5,25,347
34,0,0,108.5,2,4,374
35,1,373.9,585.35,16,256,4
36,0,0,124,4,16,60
37,0,0,65,1,1,709
38,0,0,485,7,49,67
39,1,0,531,5,25,162
40,1,542,628.55,17,289,17
41,0,0,128,2,4,212
42,0,0,123.5,4,16,22
43,1,0,64,2,4,346
44,1,0,386.5,6,36,30
45,1,0,162.95,4,16,391
46,1,190.9,190.95,9,81,23
47,0,0,327,10,100,22
48,0,0,535.5,20,400,460
49,0,9.95,34.9,2,4,138
50,1,72,125,3,9,59
51,0,0,139.5,4,16,91
52,1,0,306,7,49,29
53,0,0,199,1,1,672
54,0,0,374,11,121,96
55,0,0,59,1,1,429
56,0,0,0,1,1,13
57,1,0,1089.9,15,225,47
58,1,0,1146.5,10,100,9
59,1,0,551.5,13,169,84
60,0,169,88,3,9,42
61,0,0,36,2,4,23
62,1,0,262.65,10,100,33
63,1,0,167.45,7,49,241
64,0,0,27.95,3,9,583
65,1,0,66.95,2,4,70
66,0,0,301,13,169,21
67,1,0,87,3,9,12
68,0,0,173,6,36,462
69,0,0,264,8,64,32
70,0,0,68,2,4,104
71,1,119.5,593.9,16,256,2
72,0,0,99.9,4,16,102
73,0,0,129,1,1,20
74,1,0,276.95,5,25,14
75,1,0,50,1,1,38
76,1,0,69,1,1,101
77,1,0,787.34,18,324,9
78,0,0,79,1,1,31
79,0,0,102.3,5,25,150
80,0,0,117,3,9,4
81,1,0,278.45,10,100,17
82,0,0,49.95,1,1,474
83,1,0,396.5,13,169,50
84,0,98,150.9,5,25,376
85,1,149,883.5,10,100,33
86,1,0,709.75,16,256,14
87,1,0,334.5,7,49,288
88,1,0,208,6,36,83
89,0,0,296.75,9,81,191
90,1,0,74.9,2,4,416
91,0,0,83.5,3,9,416
92,1,0,271.95,4,16,15
93,0,0,44.5,2,4,146
94,0,0,145,4,16,22
95,1,0,32,2,4,521
96,0,0,189.5,6,36,31
97,1,0,308,6,36,387
98,1,0,54.95,1,1,591
99,0,0,129.45,7,49,3
100,1,0,64,3,9,161
101,1,0,69,1,1,272
102,1,69,195,5,25,19
103,0,29.5,19.95,1,1,44
104,1,0,373,7,49,404
105,1,0,520.8,17,289,28
106,0,0,59,3,9,18
107,0,0,578.5,21,441,27
108,0,0,44,1,1,30
109,0,0,69.85,3,9,537
110,0,138,98,3,9,470
111,0,0,108,2,4,80
112,0,0,65.5,2,4,392
113,0,0,159,1,1,379
114,0,0,16.95,1,1,193
115,0,0,59,2,4,14
116,0,0,271.15,14,196,30
117,0,0,69,1,1,663
118,1,0,211,2,4,254
119,1,45,726.9,8,64,369
120,0,0,49,1,1,664
121,1,0,59.95,1,1,657
122,0,0,39.5,1,1,392
123,1,43,465,10,100,540
124,0,0,174.75,5,25,726
125,0,0,44,1,1,350
126,0,0,113,3,9,1
127,0,0,29.5,1,1,29
128,1,0,108,3,9,252
129,1,94,428.95,8,64,128
130,1,143,59,1,1,104
131,1,0,89,1,1,318
132,0,0,177,3,9,387
133,1,0,69,1,1,509
134,0,0,93.95,2,4,191
135,0,0,64,2,4,25
136,1,119.5,966.35,17,289,17
137,0,0,302.5,10,100,104
138,0,0,144.85,5,25,358
139,1,0,239,7,49,111
140,0,0,162,4,16,6
141,0,0,427.5,8,64,17
142,1,0,95.5,2,4,19
143,1,41,281.5,9,81,13
144,0,0,123,4,16,218
145,1,0,175.9,9,81,133
146,0,0,128.5,3,9,22
147,1,0,157.5,2,4,65
148,1,0,76,3,9,78
149,0,0,167,3,9,39
150,1,0,68,1,1,42
151,1,0,178,3,9,56
152,0,0,91,2,4,90
153,1,0,218,8,64,396
154,0,0,129,1,1,373
155,1,0,448.9,31,961,445
156,0,0,54.9,2,4,607
157,1,49,154,6,36,632
158,0,0,197,7,49,406
159,0,0,49,1,1,400
160,0,0,25,1,1,639
161,1,0,453.3,14,196,17
162,0,0,79,3,9,42
163,1,32,59,2,4,28
164,0,0,29,1,1,525
165,0,0,29,1,1,401
166,1,0,277,2,4,416
167,1,69,371,12,144,9
168,1,145.75,78.5,2,4,331
169,1,0,303.9,8,64,25
170,1,0,168,4,16,36
171,1,0,1497.25,34,1156,14
172,0,0,44,1,1,28
173,1,0,29,1,1,694
174,0,0,36.9,2,4,13
175,0,0,40,2,4,41
176,1,0,36,1,1,126
177,0,0,207,3,9,118
178,0,0,101.5,3,9,264
179,0,0,98,2,4,334
180,0,0,73,4,16,385
181,0,0,257.85,11,121,11
182,0,0,237.9,4,16,583
183,1,0,298,12,144,155
184,0,0,123,2,4,174
185,1,0,98,3,9,92
186,1,0,50,2,4,169
187,0,0,175,1,1,380
188,1,57.5,205.45,6,36,557
189,0,0,196,9,81,46
190,0,0,56,1,1,494
191,1,0,16,1,1,633
192,0,0,258.9,3,9,68
193,0,0,116.5,4,16,24
194,1,0,107,3,9,408
195,0,0,247.5,6,36,26
196,0,0,236.5,13,169,155
197,0,31.9,93.5,10,100,64
198,0,0,113,2,4,283
199,1,0,203.5,6,36,59
200,0,0,91.5,5,25,469
201,1,0,110,2,4,25
202,0,0,69.9,4,16,18
203,0,0,64,2,4,30
204,0,0,75,1,1,352
205,0,0,114,7,49,13
206,0,0,177,2,4,520
207,1,34,207.5,7,49,24
208,0,0,167,6,36,519
209,0,0,59,1,1,24
210,1,0,838.85,20,400,303
211,1,27,243,2,4,51
212,1,0,0,1,1,234
213,1,0,37,1,1,620
214,0,0,60,2,4,496
215,0,0,161.49,11,121,20
216,0,0,219,3,9,288
217,0,0,21,2,4,11
218,1,0,45,3,9,18
219,0,0,773.5,19,361,47
220,0,0,133.25,8,64,139
221,1,147,1024.5,25,625,31
222,1,0,650.7,16,256,108
223,0,0,183,5,25,657
224,0,0,355,7,49,9
225,1,0,359,9,81,30
226,0,0,24,1,1,373
227,1,0,106,3,9,265
228,0,0,42,1,1,494
229,1,56.89,303,6,36,214
230,0,0,18,1,1,485
231,0,0,202,5,25,73
232,0,0,72.5,3,9,23
233,0,0,99,2,4,29
234,1,0,59,1,1,188
235,0,0,103.95,2,4,144
236,0,0,209.9,5,25,81
237,0,0,87,3,9,632
238,0,0,473.35,28,784,20
239,0,0,806.5,17,289,152
240,1,0,29.5,1,1,391
241,0,0,99,2,4,26
242,0,0,58.5,2,4,27
243,1,0,153.95,5,25,471
244,0,0,83.9,3,9,444
245,1,0,255.5,11,121,21
246,0,69.5,123,4,16,121
247,1,0,282,7,49,322
248,1,0,73,2,4,12
249,0,54.75,0,1,1,173
250,0,0,15,1,1,39
251,0,107.45,198,2,4,112
252,0,0,193.5,10,100,121
253,0,0,68,2,4,456
254,1,0,924,22,484,13
255,0,0,48.95,2,4,321
256,1,57.95,1178.9,33,1089,84
257,1,0,192.5,6,36,2
258,1,0,476.3,23,529,16
259,1,0,24.95,1,1,473
260,0,0,189,1,1,32
261,0,0,113,4,16,400
262,0,0,15.96,5,25,298
263,0,0,454,6,36,56
264,1,0,124.85,5,25,175
265,0,0,34,1,1,3
266,1,49,701.1,27,729,25
267,1,0,101.75,5,25,478
268,0,0,0,1,1,134
269,1,0,103.95,3,9,353
270,0,0,26.5,1,1,442
271,1,0,199,1,1,379
272,0,0,99,1,1,71
273,0,0,49,1,1,387
274,0,0,44,1,1,101
275,0,0,91,2,4,72
276,0,0,100,1,1,657
277,0,0,58,2,4,561
278,1,0,121,2,4,41
279,0,0,49,1,1,73
280,0,0,98,2,4,385
281,0,0,154,3,9,397
282,0,31.5,229.45,8,64,57
283,0,0,78.5,2,4,26
284,1,0,59,1,1,406
285,0,0,159,4,16,87
286,1,0,439,5,25,449
287,0,0,31,1,1,22
288,0,0,363.4,11,121,106
289,0,0,189.9,7,49,3
290,1,0,1216.9,24,576,3
291,0,0,264.15,14,196,11
292,0,0,59,1,1,30
293,1,57,208,10,100,32
294,0,0,128,3,9,387
295,0,0,58.5,3,9,228
296,1,0,27,1,1,388
297,0,0,64,1,1,7
298,0,0,128.2,4,16,480
299,0,88,84,4,16,116
300,0,0,50,2,4,152
301,0,0,29,1,1,53
302,1,0,296,7,49,473
303,1,0,116,3,9,32
304,1,0,462,12,144,39
305,0,0,101.95,2,4,487
306,1,0,144.5,5,25,68
307,1,193,567.9,23,529,29
308,1,0,76,2,4,39
309,0,36,702.1,13,169,29
310,0,0,118,2,4,23
311,0,69.95,49.5,1,1,21
312,1,0,24,1,1,519
313,1,0,929.75,26,676,8
314,0,0,59,2,4,86
315,0,0,335.95,5,25,13
316,0,0,82.5,3,9,293
317,1,0,151.95,4,16,106
318,1,0,263,9,81,53
319,0,34,165,6,36,88
320,0,0,49,1,1,636
321,1,0,93,3,9,29
322,0,0,32,3,9,16
323,0,127,68,2,4,415
324,0,0,69,1,1,381
325,0,0,28.75,2,4,140
326,0,0,159,4,16,23
327,0,0,88.5,3,9,23
328,0,59,59,1,1,342
329,0,0,66.5,3,9,40
330,0,0,29,1,1,424
331,0,85.95,99.9,2,4,82
332,1,0,55.9,2,4,355
333,0,0,40.5,2,4,494
334,0,0,99,1,1,51
335,1,0,98.95,6,36,45
336,1,250.45,88.5,3,9,135
337,0,0,150,2,4,88
338,0,0,44,1,1,62
339,1,1119,1159.5,21,441,19
340,1,0,461.5,12,144,21
341,1,0,49.5,1,1,23
342,1,0,117,3,9,394
343,0,0,52,2,4,527
344,0,0,267.85,8,64,225
345,0,0,48,2,4,14
346,0,80,974.6,33,1089,1
347,1,0,287,4,16,166
348,1,0,20,2,4,235
349,1,0,49,1,1,394
350,0,0,18.25,3,9,502
351,0,0,317,8,64,48
352,0,0,217.95,4,16,636
353,0,0,15.95,1,1,360
354,0,0,89,2,4,393
355,0,0,101.45,4,16,369
356,0,0,206,6,36,27
357,0,0,360,10,100,55
358,1,0,204,10,100,423
359,0,0,108.35,6,36,1
360,1,0,211,5,25,14
361,1,0,34,1,1,352
362,0,0,48,1,1,383
363,1,0,598,2,4,624
364,0,0,69,1,1,335
365,0,0,164.5,3,9,419
366,1,0,100,2,4,306
367,1,0,137,3,9,339
368,0,0,147,1,1,605
369,1,99,93.9,4,16,418
370,1,0,118,2,4,379
371,0,0,231.75,10,100,477
372,1,84,290,5,25,318
373,0,0,24.95,1,1,570
374,0,0,177.95,5,25,200
375,0,0,96.5,4,16,228
376,1,0,72,3,9,383
377,0,0,39.9,2,4,721
378,1,0,181.7,7,49,133
379,1,0,303,11,121,296
380,1,0,207.5,8,64,2
381,0,0,84.95,4,16,12
382,0,231.2,133,2,4,21
383,0,0,30.25,2,4,51
384,0,0,0,2,4,148
385,0,35.25,62.25,3,9,11
386,1,0,322.5,11,121,35
387,0,0,37,1,1,28
388,1,0,795.75,26,676,333
389,1,0,93,2,4,33
390,0,0,44,1,1,369
391,0,29,35,1,1,403
392,0,0,214,3,9,4
393,1,0,73.95,2,4,490
394,0,0,20,1,1,10
395,1,0,168,2,4,426
396,0,0,78,2,4,50
397,0,0,186.75,7,49,13
398,0,0,15,1,1,381
399,0,0,247,7,49,18
400,0,0,29.5,1,1,23
401,0,0,15,2,4,558
402,1,0,412.5,6,36,135
403,1,57,68,2,4,4
404,1,0,89,1,1,297
405,1,88,149,6,36,65
406,0,89,1139.15,29,841,3
407,1,0,139.95,3,9,245
408,1,0,123.5,6,36,110
409,1,17.83,530,10,100,19
410,0,0,88.5,2,4,92
411,0,0,49.9,2,4,717
412,1,0,69,1,1,76
413,1,0,440,15,225,277
414,1,0,367.45,7,49,670
415,0,0,242,8,64,31
416,0,0,98,2,4,320
417,0,0,39,2,4,141
418,0,0,243.4,8,64,21
419,0,0,265.42,15,225,11
420,0,58.5,108.9,5,25,190
421,0,0,274.45,11,121,719
422,0,0,44,1,1,13
423,1,130,716.95,18,324,22
424,1,0,170,5,25,13
425,0,0,188.35,9,81,9
426,1,0,222.5,7,49,93
427,1,0,432,8,64,31
428,0,0,48.95,2,4,489
429,0,84,78.5,2,4,102
430,0,113.35,147,6,36,260
431,0,0,83.95,4,16,19
432,0,0,35,1,1,146
433,0,0,256.7,5,25,193
434,0,0,680.1,21,441,7
435,0,98.95,539,9,81,388
436,1,0,186,7,49,41
437,0,0,433.25,17,289,32
438,1,189,130.45,5,25,98
439,0,0,99.45,2,4,23
440,0,30,30,2,4,19
441,1,170,1576.35,34,1156,4
442,0,0,29,1,1,383
443,0,0,118.95,3,9,194
444,1,0,55.5,3,9,73
445,0,0,84,2,4,231
446,0,0,557,15,225,21
447,0,0,89,1,1,107
448,0,0,114,3,9,502
449,1,57,312.95,8,64,146
450,0,0,92,5,25,53
451,1,0,253.75,6,36,167
452,1,0,158.5,5,25,33
453,0,0,60,4,16,98
454,1,0,34.5,1,1,673
455,0,0,68,2,4,420
456,0,0,89,1,1,418
457,0,0,49.5,1,1,400
458,1,0,51.5,3,9,347
459,0,0,19.95,1,1,580
460,0,0,79,1,1,13
461,0,0,234.05,8,64,170
462,0,0,128,2,4,29
463,0,0,105,5,25,196
464,1,0,194.75,9,81,30
465,0,0,108.5,2,4,391
466,0,0,49.5,1,1,19
467,0,0,68,1,1,350
468,1,0,68,2,4,694
469,1,0,69,1,1,523
470,0,0,84.5,3,9,10
471,0,0,75,1,1,664
472,0,0,143.5,4,16,270
473,0,171.5,98,2,4,104
474,0,0,59,1,1,17
475,1,0,101.95,3,9,106
476,0,0,109,1,1,271
477,1,0,69,1,1,170
478,0,115,120,5,25,8
479,0,0,116,4,16,17
480,0,0,69.5,2,4,502
481,0,0,104,4,16,19
482,0,0,55,1,1,20
483,0,0,0,1,1,200
484,1,0,390,6,36,86
485,0,0,211,8,64,29
486,0,0,261,5,25,22
487,0,180.65,247.9,19,361,373
488,0,0,116.9,4,16,173
489,0,0,476,14,196,80
490,1,0,170.5,5,25,207
491,0,0,202.45,8,64,13
492,1,0,29,1,1,396
493,1,0,58,2,4,35
494,0,0,39,1,1,162
495,0,0,177,4,16,456
496,0,0,263,7,49,92
497,0,0,531.35,13,169,58
498,0,0,202.25,11,121,23
499,0,59,67.5,2,4,42
500,0,0,53,2,4,465
501,1,29.5,692.25,18,324,83
502,1,90,1568.99,39,1521,12
503,0,0,129,1,1,342
504,1,0,243.5,14,196,19
505,0,0,49.5,1,1,13
506,0,0,99,1,1,32
507,1,0,80,3,9,689
508,0,0,445,14,196,314
509,1,0,35,1,1,526
510,0,0,339.75,16,256,14
511,1,0,238,2,4,22
512,1,69,642.4,17,289,70
513,0,0,0,2,4,8
514,0,0,26.95,1,1,369
515,1,0,301.5,6,36,263
516,0,0,143.5,4,16,498
517,0,0,42,2,4,100
518,0,0,488,11,121,151
519,0,0,208,8,64,16
520,0,0,53.5,2,4,418
521,0,0,39,2,4,291
522,1,299,204.5,6,36,26
523,0,0,68,2,4,8
524,1,424.3,949.25,24,576,90
525,0,0,99,1,1,298
526,0,31.5,65.5,2,4,456
527,0,0,44,1,1,124
528,0,0,69,1,1,518
529,0,0,36.5,1,1,19
530,0,0,112,5,25,395
531,1,0,1129.5,38,1444,13
532,0,0,316.95,8,64,485
533,0,0,73,3,9,53
534,1,0,170,6,36,12
535,0,0,246.8,9,81,169
536,0,0,49,1,1,447
537,1,0,73,2,4,72
538,0,0,159,1,1,411
539,0,0,118,2,4,12
540,0,0,70,1,1,436
541,1,0,171,5,25,83
542,1,0,103,3,9,67
543,1,0,281,8,64,88
544,1,0,39,1,1,218
545,1,0,32,2,4,26
546,0,0,78,2,4,463
547,0,0,398,3,9,388
548,0,0,0,2,4,8
549,0,0,83.5,4,16,30
550,0,0,58,2,4,26
551,0,180,413.9,13,169,12
552,0,39.5,207,6,36,56
553,0,0,137,3,9,446
554,0,0,49.5,1,1,387
555,1,29,169,4,16,46
556,1,0,1095.25,29,841,27
557,1,0,117,4,16,14
558,0,0,89,2,4,32
559,0,78,290.5,6,36,15
560,0,0,121,3,9,209
561,0,0,141,5,25,271
562,0,0,585,12,144,31
563,0,0,49.5,1,1,8
564,1,0,1162.3,32,1024,14
565,0,59,307.95,8,64,37
566,1,0,39,1,1,498
567,1,175.5,1135,30,900,85
568,0,0,44,1,1,395
569,1,0,59,2,4,331
570,0,0,47,2,4,264
571,0,0,598.5,11,121,29
572,1,0,35,1,1,299
573,0,0,210.2,3,9,104
574,0,0,0,1,1,372
575,0,0,4.99,2,4,92
576,0,0,137.45,4,16,15
577,0,179,100,2,4,334
578,1,115,344.9,12,144,45
579,1,0,98,2,4,270
580,1,0,44,2,4,51
581,0,0,29,1,1,382
582,0,0,89,1,1,384
583,0,0,108.5,5,25,68
584,1,547.9,308.9,11,121,77
585,0,0,168,7,49,16
586,0,0,69.5,2,4,13
587,1,0,155.7,8,64,12
588,0,0,29,1,1,412
589,0,0,164,4,16,24
590,1,0,185,7,49,27
591,1,0,559,18,324,120
592,1,0,108.5,2,4,380
593,0,94,237,8,64,145
594,0,0,0,2,4,15
595,0,0,307,11,121,11
596,0,0,88.5,2,4,574
597,1,104.45,448.4,10,100,384
598,1,0,78,1,1,728
599,1,73,380.5,10,100,82
600,0,0,73,3,9,60
601,0,0,98,2,4,483
602,0,0,118,1,1,678
603,1,29.5,1369.7,32,1024,22
604,1,44.75,506.9,16,256,210
605,1,0,25.5,2,4,417
606,1,0,256,4,16,61
607,0,0,532.3,22,484,154
608,0,0,0,1,1,383
609,0,0,138,6,36,489
610,1,0,880.98,15,225,15
611,1,0,59,1,1,718
612,0,0,88,2,4,17
613,0,0,104.95,5,25,58
614,0,179.95,279.2,6,36,495
615,0,0,120,3,9,526
616,0,0,36,1,1,61
617,0,269.2,101.25,4,16,106
618,0,0,29.5,1,1,285
619,0,0,43.5,2,4,674
620,0,0,163.25,6,36,67
621,1,0,204.95,6,36,27
622,0,0,378.75,21,441,109
623,0,0,138,2,4,137
624,1,0,1822.95,60,3600,2
625,1,0,217.9,6,36,173
626,0,0,90.5,5,25,13
627,0,0,39.95,1,1,720
628,1,0,73,2,4,64
629,1,0,360.5,10,100,16
630,0,0,60,1,1,88
631,1,23,150.95,5,25,473
632,0,0,224,7,49,22
633,0,0,58,2,4,24
634,1,0,674.5,17,289,93
635,0,0,29,1,1,68
636,1,68.5,625,11,121,101
637,0,0,351,5,25,17
638,0,0,29,1,1,390
639,0,108,219,8,64,413
640,0,0,39.9,2,4,701
641,1,71,135,4,16,268
642,1,0,289.9,8,64,30
643,1,0,178,6,36,27
644,1,0,409.25,14,196,22
645,1,0,140,4,16,200
646,0,0,79.5,3,9,15
647,1,0,76,3,9,410
648,0,0,66,4,16,29
649,0,0,36,1,1,390
650,0,0,19,1,1,719
651,0,0,117.95,3,9,425
652,0,0,764.5,18,324,26
653,1,0,79,1,1,407
654,1,0,309.7,6,36,609
655,1,260.65,44,1,1,709
656,0,0,49,1,1,163
657,0,0,377,15,225,14
658,0,0,168,7,49,22
659,0,0,69,1,1,407
660,0,0,24.95,1,1,288
661,0,0,256,4,16,373
662,0,29,233.5,8,64,288
663,0,0,204,5,25,418
664,0,0,59,1,1,457
665,0,0,200,7,49,25
666,1,0,98,4,16,618
667,1,0,386.5,9,81,8
668,1,0,325.95,9,81,216
669,1,0,152.5,4,16,11
670,0,63.95,39,1,1,13
671,0,0,49,1,1,366
672,0,0,90,2,4,256
673,0,0,267.75,8,64,141
674,1,0,232,8,64,377
675,0,0,180,5,25,21
676,0,0,49,1,1,30
677,0,0,59,1,1,384
678,0,0,279.5,7,49,80
679,1,0,344,6,36,21
680,1,0,138,2,4,47
681,0,0,33,2,4,204
682,0,0,386,7,49,2
683,0,0,180.5,6,36,391
684,0,0,0,2,4,493
685,0,0,111,2,4,8
686,0,0,175.95,3,9,171
687,1,0,59,2,4,104
688,1,0,191.5,8,64,95
689,0,0,89,1,1,501
690,0,0,42,1,1,644
691,1,0,95.5,3,9,26
692,1,69,56,2,4,274
693,0,0,148,6,36,10
694,0,0,331.95,6,36,2
695,0,16.95,50,2,4,51
696,0,0,55.95,2,4,72
697,1,0,152,5,25,209
698,0,0,22.93,3,9,49
699,0,0,16.5,1,1,27
700,0,0,19,1,1,414
701,0,0,97.5,3,9,390
702,1,17,99.95,1,1,359
703,1,0,186,10,100,18
704,0,0,139,1,1,109
705,1,34.5,59,1,1,17
706,0,0,49,1,1,333
707,0,0,29,1,1,55
708,0,0,108.5,3,9,120
709,0,0,510.9,15,225,38
710,1,0,95.45,4,16,135
711,1,140.4,734.5,24,576,70
712,1,0,197,5,25,54
713,1,0,137,3,9,392
714,1,0,253,6,36,399
715,0,0,0,1,1,211
716,0,0,140.5,5,25,9
717,0,0,46,2,4,337
718,1,0,297,3,9,108
719,0,0,69,1,1,17
720,0,0,65,1,1,333
721,0,0,94,3,9,724
722,1,0,140.5,3,9,142
723,0,0,19.5,1,1,23
724,0,0,70,1,1,382
725,0,0,69,1,1,590
726,0,0,118,2,4,485
727,0,87.8,466.5,11,121,25
728,1,0,191.25,5,25,22
729,0,0,0,1,1,457
730,1,0,88,1,1,332
731,1,0,59,1,1,101
732,1,0,120,8,64,60
733,1,0,1119,11,121,314
734,0,153.5,0,1,1,145
735,0,0,44,1,1,399
736,0,0,175,1,1,449
737,0,175,684.45,19,361,40
738,0,0,154.85,4,16,230
739,0,0,44,1,1,45
740,0,0,177.2,7,49,353
741,1,15,90.5,4,16,36
742,0,0,121.5,3,9,29
743,0,0,79,2,4,58
744,0,0,32,1,1,134
745,1,0,58.5,2,4,391
746,0,0,171.5,6,36,13
747,0,179.45,97,4,16,44
748,0,0,127.05,11,121,53
749,1,39,78,1,1,38
750,0,0,154.99,5,25,23
751,1,0,20.5,2,4,509
752,1,0,151,7,49,87
753,0,0,85,1,1,383
754,0,0,123.95,4,16,30
755,1,0,59,2,4,24
756,0,0,118.5,3,9,387
757,1,0,45,2,4,510
758,1,0,59,2,4,392
759,0,36,36,1,1,251
760,1,44,44,1,1,466
761,0,0,217.5,6,36,321
762,1,0,191,5,25,235
763,0,0,146.65,8,64,391
764,0,0,259,7,49,27
765,0,0,203,7,49,8
766,1,0,147.45,6,36,95
767,0,0,514.75,14,196,30
768,0,0,153,3,9,459
769,0,0,147,3,9,28
770,1,0,10,1,1,518
771,1,0,33.9,2,4,686
772,0,0,128,3,9,125
773,0,0,139,1,1,27
774,0,14.5,175.75,6,36,379
775,1,0,98.5,2,4,36
776,0,0,27,2,4,721
777,0,0,197.95,5,25,3
778,0,0,192,4,16,251
779,0,0,207.5,5,25,13
780,1,0,26.95,1,1,491
781,1,0,1808.4,29,841,5
782,0,0,54,1,1,437
783,1,0,103,4,16,28
784,0,0,89,1,1,298
785,0,0,204,4,16,3
786,0,0,876.9,25,625,43
787,0,0,43.5,2,4,256
788,0,0,49.5,2,4,402
789,0,0,59.5,1,1,449
790,1,0,220.5,5,25,106
791,0,0,29,1,1,25
792,1,0,74.85,3,9,400
793,1,0,149,4,16,400
794,1,0,96,3,9,314
795,1,0,647.4,15,225,46
796,0,0,143.25,5,25,53
797,0,0,75.5,2,4,115
798,0,58,689.6,13,169,18
799,0,168,191.75,9,81,88
800,1,0,271,2,4,14
801,0,0,264,7,49,303
802,0,19.5,154,2,4,27
803,1,0,457.5,10,100,81
804,0,0,78.9,6,36,156
805,0,0,115,4,16,114
806,0,29,26,2,4,11
807,1,0,133.95,3,9,16
808,1,0,153,5,25,379
809,0,0,19,1,1,44
810,0,0,78,2,4,391
811,0,0,116,4,16,410
812,1,0,300,2,4,75
813,0,0,39,1,1,145
814,1,0,335,6,36,10
815,1,0,748.5,28,784,458
816,1,0,311,8,64,340
817,0,0,64,1,1,233
818,0,0,94,3,9,20
819,0,0,55.45,2,4,29
820,1,0,244.7,15,225,14
821,1,0,127,3,9,390
822,1,0,211,5,25,384
823,0,0,123,3,9,27
824,0,0,68.5,2,4,385
825,0,0,138,2,4,32
826,0,81,297,7,49,51
827,0,0,325.5,10,100,36
828,1,0,189,1,1,364
829,0,0,114,6,36,12
830,0,0,109.9,2,4,311
831,0,0,270.75,11,121,11
832,0,0,74.85,3,9,706
833,0,0,34,1,1,621
834,1,0,643.4,20,400,28
835,1,0,88,4,16,61
836,0,0,103.9,4,16,189
837,1,98.95,324.4,9,81,53
838,0,0,216.5,9,81,14
839,0,92.5,207.04,9,81,109
840,1,0,290.2,13,169,21
841,1,0,936.45,19,361,81
842,0,0,30,2,4,19
843,1,0,69,1,1,303
844,1,0,238.85,8,64,189
845,0,0,451.95,10,100,163
846,0,0,33.99,2,4,26
847,1,0,94.5,3,9,9
848,0,0,101,3,9,405
849,1,0,105.95,2,4,179
850,1,147.4,684.35,27,729,19
851,0,0,119,4,16,22
852,0,0,24,1,1,391
853,0,0,115,5,25,15
854,0,0,210,6,36,28
855,0,0,74,1,1,581
856,0,0,246.9,11,121,4
857,0,0,83.5,2,4,103
858,0,0,29,1,1,319
859,1,0,45,1,1,191
860,1,0,241.95,7,49,114
861,1,0,469.45,11,121,20
862,1,0,122,4,16,37
863,0,0,59,1,1,679
864,0,0,99.95,1,1,453
865,0,0,129,1,1,5
866,0,0,155,5,25,98
867,1,0,105,1,1,53
868,0,0,29,1,1,482
869,0,0,129,3,9,77
870,1,0,919.75,29,841,46
871,1,0,368.5,2,4,380
872,1,0,152,3,9,402
873,1,0,314.95,9,81,16
874,0,0,69,1,1,31
875,0,0,711.95,13,169,13
876,0,0,26,1,1,43
877,0,0,156,3,9,386
878,1,0,96,2,4,401
879,1,0,253,6,36,10
880,0,0,87,4,16,110
881,0,201,303.5,11,121,221
882,0,0,103.95,2,4,388
883,0,225.9,608,20,400,14
884,1,0,70,2,4,68
885,0,0,76.75,6,36,18
886,1,0,1147,3,9,444
887,1,0,305,7,49,15
888,0,0,379,1,1,473
889,1,0,44,1,1,289
890,0,0,210,4,16,9
891,1,0,294,8,64,391
892,0,0,118,5,25,28
893,0,0,389.25,9,81,88
894,1,0,258,8,64,25
895,1,0,260.5,5,25,223
896,1,45,46,1,1,396
897,0,0,215,6,36,21
898,1,187.95,89,1,1,679
899,0,0,116,4,16,392
900,1,0,157.45,11,121,166
901,0,0,138,1,1,440
902,0,0,373,13,169,32
903,0,0,34.5,1,1,1
904,0,0,172.9,5,25,433
905,1,0,79.8,4,16,715
906,0,0,266.5,8,64,122
907,0,0,98,5,25,154
908,1,0,148,2,4,44
909,1,56,182.5,7,49,117
910,0,0,39.5,1,1,643
911,1,0,95.4,4,16,16
912,0,0,102,3,9,19
913,0,0,39,1,1,64
914,0,0,158,2,4,15
915,0,0,304,5,25,410
916,1,79,961.85,31,961,46
917,0,0,116.5,3,9,19
918,0,0,39.5,2,4,497
919,0,0,88.5,2,4,19
920,0,0,24.5,1,1,19
921,0,0,113,3,9,16
922,1,0,29.5,1,1,28
923,0,58,319.8,11,121,126
924,0,0,58,2,4,385
925,0,0,122.97,7,49,109
926,1,0,310.5,5,25,310
927,1,0,100,4,16,297
928,1,0,34,1,1,397
929,1,0,44,1,1,448
930,0,0,39,1,1,445
931,1,0,83,2,4,390
932,0,0,198,2,4,4
933,0,0,451.5,9,81,482
934,0,0,205,5,25,28
935,0,0,307,3,9,432
936,0,0,39,1,1,20
937,0,0,149.95,3,9,11
938,0,0,24.95,1,1,492
939,0,0,139,4,16,386
940,0,0,32.95,1,1,314
941,0,0,89,3,9,19
942,0,0,49,1,1,499
943,1,88.5,308.95,5,25,133
944,1,0,266.6,17,289,37
945,1,0,104,3,9,679
946,0,113,112,2,4,404
947,0,0,49,2,4,505
948,1,0,283.5,5,25,57
949,1,0,71,2,4,37
950,0,0,336,6,36,401
951,1,0,208,2,4,599
952,1,0,108.5,2,4,90
953,0,0,70,4,16,15
954,1,0,209,6,36,84
955,0,0,44,1,1,390
956,0,0,146,3,9,65
957,0,0,129,1,1,387
958,0,0,349,10,100,26
959,1,0,58.5,3,9,291
960,0,0,289,5,25,30
961,0,0,25,1,1,558
962,1,0,182.45,4,16,2
963,0,0,134.5,5,25,28
964,0,87,96.5,3,9,165
965,0,0,83,2,4,491
966,1,0,125,1,1,517
967,0,0,39.5,1,1,496
968,0,0,75,1,1,637
969,0,0,193.5,3,9,29
970,0,39,53,6,36,99
971,0,0,103.5,2,4,15
972,1,685.45,987.6,33,1089,51
973,0,0,76,3,9,473
974,1,0,486.3,11,121,252
975,0,0,54,1,1,58
976,0,0,66,3,9,25
977,0,0,389.5,14,196,38
978,1,0,424.9,12,144,375
979,1,0,427,8,64,147
980,0,0,64,2,4,27
981,0,0,0,1,1,22
982,0,0,69.25,3,9,347
983,0,0,88,2,4,417
984,1,0,172,3,9,387
985,1,0,368.8,8,64,382
986,0,0,29.5,1,1,420
987,0,208,67.9,3,9,157
988,1,0,282.5,7,49,27
989,0,0,55,1,1,724
990,0,0,602.95,14,196,58
991,0,0,51,3,9,403
992,1,0,161.5,6,36,22
993,0,0,136.7,6,36,46
994,1,0,130,3,9,43
995,0,0,18,1,1,114
996,0,0,68,1,1,383
997,1,0,82.95,3,9,271
998,0,0,206.5,4,16,23
999,1,0,228,6,36,464
1000,1,0,301,13,169,11
1001,0,0,124,5,25,434
1002,0,0,68,2,4,719
1003,1,0,342,4,16,386
1004,1,0,235.4,11,121,423
1005,1,0,488,11,121,27
1006,1,224.72,80.9,4,16,595
1007,0,0,99,4,16,234
1008,0,0,39.9,2,4,246
1009,0,0,29,1,1,23
1010,1,0,73,3,9,310
1011,1,0,80,1,1,615
1012,0,0,122,3,9,387
1013,0,0,128.5,5,25,29
1014,0,0,168.5,3,9,32
1015,1,0,370.65,14,196,143
1016,1,159.45,114,4,16,14
1017,0,0,273.9,9,81,240
1018,0,0,58.5,2,4,666
1019,0,0,49,1,1,418
1020,0,0,24,1,1,383
1021,0,0,85,2,4,699
1022,0,0,10.5,1,1,590
1023,1,0,138,1,1,396
1024,0,0,58,2,4,343
1025,1,0,73,3,9,128
1026,1,0,115.95,3,9,212
1027,1,0,99.95,1,1,367
1028,0,0,59.9,1,1,159
1029,1,218,649.95,13,169,9
1030,1,279,337.5,11,121,28
1031,1,0,49,1,1,515
1032,0,0,142.45,4,16,244
1033,0,0,107,3,9,29
1034,0,0,274.85,8,64,63
1035,1,0,133,6,36,57
1036,0,0,39.5,1,1,21
1037,0,0,72,2,4,696
1038,1,0,36,1,1,306
1039,0,0,69,1,1,516
1040,1,0,190.25,7,49,264
1041,0,0,198,6,36,35
1042,0,0,401,13,169,20
1043,1,19,38,1,1,36
1044,0,0,0,1,1,166
1045,1,0,88.95,2,4,107
1046,0,0,194,5,25,85
1047,1,0,257,7,49,402
1048,1,0,209.5,6,36,169
1049,1,0,164.95,6,36,28
1050,1,0,742.25,19,361,420
1051,1,0,162,10,100,16
1052,1,0,63,2,4,90
1053,0,0,89,3,9,262
1054,0,29.5,267,4,16,421
1055,1,78,382.15,15,225,45
1056,1,0,32,1,1,24
1057,1,0,199,1,1,384
1058,0,0,69,1,1,59
1059,0,0,49.5,1,1,411
1060,0,39,103.45,3,9,73
1061,1,0,126,3,9,51
1062,0,0,58,2,4,392
1063,0,0,164.5,9,81,509
1064,0,0,41,1,1,62
1065,0,0,79,1,1,351
1066,0,0,129,1,1,22
1067,0,0,329.5,10,100,20
1068,0,0,95,1,1,499
1069,0,0,144.65,7,49,134
1070,1,0,270,8,64,30
1071,1,0,578,14,196,49
1072,1,0,44,1,1,393
1073,0,0,69,1,1,484
1074,1,0,260.95,3,9,458
1075,1,0,39.5,2,4,493
1076,0,0,30,1,1,122
1077,0,0,128,2,4,23
1078,0,0,29,1,1,63
1079,0,54.9,39,1,1,227
1080,1,0,312.5,4,16,18
1081,0,0,59,1,1,235
1082,1,0,53,2,4,336
1083,1,0,279.4,8,64,3
1084,0,138,70.5,4,16,131
1085,1,0,521.35,13,169,1
1086,1,295.85,2394.3,36,1296,19
1087,1,0,29.9,2,4,183
1088,0,0,24.95,1,1,494
1089,1,0,109,1,1,565
1090,0,0,100,4,16,564
1091,0,0,39,1,1,11
1092,0,0,154,3,9,145
1093,0,0,164,3,9,360
1094,1,0,339.4,11,121,335
1095,0,0,130,2,4,28
1096,1,0,49,1,1,374
1097,1,73,277,6,36,239
1098,1,0,66,1,1,265
1099,1,28,24.5,1,1,30
1100,1,0,253.5,7,49,300
1101,1,0,543,8,64,31
1102,0,0,158,2,4,188
1103,0,0,98,4,16,506
1104,1,0,47,2,4,45
1105,0,0,29,1,1,405
1106,0,0,147.5,4,16,18
1107,1,0,256.95,9,81,87
1108,0,0,368.5,8,64,113
1109,1,0,81.9,4,16,500
1110,1,0,208,4,16,19
1111,0,0,44,2,4,12
1112,1,0,513.5,13,169,16
1113,1,0,220.9,5,25,78
1114,1,60,724.5,10,100,457
1115,1,0,35,2,4,28
1116,1,0,113.5,3,9,18
1117,0,0,438.8,16,256,21
1118,0,0,90,4,16,410
1119,0,0,85.5,4,16,15
1120,0,0,59,1,1,207
1121,0,0,267,8,64,20
1122,1,0,204.5,6,36,242
1123,0,0,78,3,9,389
1124,1,0,246,6,36,30
1125,1,0,250,5,25,72
1126,0,0,83.5,3,9,26
1127,1,0,49.9,2,4,160
1128,0,0,50,2,4,410
1129,1,0,138,2,4,81
1130,0,0,540,3,9,370
1131,0,0,29.5,1,1,389
1132,1,0,78,2,4,12
1133,1,46,92,2,4,44
1134,0,0,65,2,4,397
1135,1,0,90,2,4,385
1136,0,0,295,5,25,436
1137,0,0,170,2,4,468
1138,0,0,216,4,16,392
1139,1,36.9,396.25,14,196,28
1140,0,0,157,3,9,10
1141,1,0,196,4,16,103
1142,0,172.5,131.95,4,16,227
1143,0,0,19,1,1,28
1144,1,0,135.5,6,36,167
1145,0,224.95,916.3,22,484,3
1146,0,0,93.95,3,9,33
1147,0,0,44,1,1,327
1148,0,29.5,15,1,1,27
1149,1,0,25,3,9,15
1150,1,0,287.5,7,49,313
1151,1,0,61,2,4,546
1152,1,0,475.95,21,441,83
1153,1,0,39,1,1,691
1154,0,0,146,4,16,398
1155,0,0,12.95,1,1,136
1156,1,0,29,1,1,382
1157,0,0,39.5,2,4,127
1158,0,0,58.5,2,4,22
1159,1,0,49,1,1,661
1160,0,0,0,2,4,32
1161,0,0,234.75,6,36,45
1162,1,0,29.5,1,1,78
1163,1,0,480,11,121,393
1164,1,0,155.45,6,36,383
1165,0,0,39,1,1,669
1166,0,0,195,6,36,285
1167,0,0,177,3,9,655
1168,0,0,218,3,9,392
1169,0,0,197.5,7,49,19
1170,0,49.5,335.5,6,36,106
1171,1,0,79,4,16,149
1172,1,0,368,2,4,393
1173,1,0,259.8,8,64,383
1174,1,0,223.5,5,25,17
1175,0,0,241.5,4,16,26
1176,0,0,638.4,20,400,140
1177,1,0,233,8,64,489
1178,1,29.5,78,3,9,692
1179,1,0,168,3,9,527
1180,1,0,39.5,2,4,505
1181,0,0,73,2,4,133
1182,0,0,218.45,8,64,14
1183,0,0,158,5,25,238
1184,1,0,242.5,7,49,57
1185,0,0,29,1,1,395
1186,0,0,269.45,8,64,28
1187,1,0,165.5,5,25,85
1188,1,0,34,2,4,469
1189,0,0,42,2,4,159
1190,1,0,399.5,8,64,29
1191,0,0,356.5,8,64,386
1192,0,0,536,9,81,96
1193,1,0,314.65,10,100,388
1194,1,0,157,3,9,120
1195,0,0,58,2,4,385
1196,0,246,135.5,5,25,14
1197,1,0,611,15,225,19
1198,0,0,24,1,1,441
1199,1,0,729.3,19,361,56
1200,0,27.85,293,3,9,20
1201,0,0,44.95,2,4,524
1202,1,420.5,1185,20,400,143
1203,1,0,49,1,1,54
1204,0,0,25,1,1,500
1205,0,0,76,2,4,694
1206,1,0,813.25,23,529,403
1207,0,0,39.5,2,4,520
1208,0,0,49.5,1,1,15
1209,1,0,19.5,1,1,293
1210,0,0,257.75,6,36,12
1211,1,0,267,3,9,5
1212,1,0,734.4,8,64,71
1213,1,0,2014.5,66,4356,3
1214,0,0,146,4,16,25
1215,0,0,56,1,1,14
1216,0,0,136,5,25,30
1217,1,0,683.5,17,289,80
1218,1,0,75.5,2,4,105
1219,1,0,69.5,4,16,36
1220,1,0,307.85,13,169,1
1221,0,0,54,1,1,471
1222,0,0,29.5,1,1,399
1223,0,0,425.95,16,256,11
1224,1,0,331.5,6,36,16
1225,0,0,118,2,4,462
1226,0,0,148.45,3,9,375
1227,0,0,35,1,1,501
1228,0,0,59,1,1,294
1229,0,88,44,1,1,463
1230,0,0,44,1,1,467
1231,0,0,277.5,8,64,614
1232,0,0,39,1,1,655
1233,1,0,117.5,7,49,392
1234,1,204,1024.6,36,1296,45
1235,0,0,49,1,1,176
1236,1,41.5,759.9,19,361,485
1237,1,0,123,3,9,77
1238,0,46,222,7,49,23
1239,1,0,139,1,1,292
1240,1,0,69,1,1,392
1241,0,0,68,2,4,537
1242,0,387.95,151,5,25,91
1243,0,0,64,1,1,398
1244,0,0,564,12,144,61
1245,0,0,110,3,9,397
1246,1,0,138,2,4,308
1247,0,0,99,1,1,456
1248,1,0,89,1,1,418
1249,1,0,19.95,1,1,546
1250,0,0,48,1,1,391
1251,1,0,219.95,5,25,616
1252,1,0,192,3,9,397
1253,0,0,39.5,2,4,135
1254,0,0,28,1,1,579
1255,0,0,65,5,25,25
1256,0,568,335.5,6,36,385
1257,0,0,58,2,4,24
1258,0,0,69,1,1,71
1259,0,0,258,4,16,491
1260,1,0,1052,24,576,2
1261,1,0,777,5,25,264
1262,0,0,229,5,25,35
1263,0,0,84,2,4,41
1264,0,0,31,1,1,21
1265,0,0,171,6,36,25
1266,0,0,268,12,144,525
1267,0,0,73.5,4,16,404
1268,1,0,227.5,8,64,58
1269,1,0,179,2,4,23
1270,0,0,79.45,2,4,60
1271,0,220,0,1,1,15
1272,1,0,29,1,1,56
1273,1,0,42.95,2,4,43
1274,0,0,281,9,81,76
1275,0,0,296,12,144,108
1276,0,0,22,1,1,493
1277,0,0,79,4,16,496
1278,1,0,226,4,16,26
1279,0,0,35,2,4,159
1280,1,0,518,12,144,14
1281,1,0,68,1,1,239
1282,1,0,275,3,9,41
1283,0,0,41,2,4,13
1284,1,0,202,5,25,134
1285,1,0,164,3,9,167
1286,0,0,76,2,4,62
1287,0,0,29,1,1,401
1288,0,0,44,1,1,343
1289,1,0,664.35,44,1936,148
1290,0,0,342,7,49,16
1291,0,0,257,6,36,31
1292,1,0,211.95,4,16,61
1293,0,0,32,1,1,447
1294,1,0,508,12,144,28
1295,1,0,95,1,1,396
1296,0,0,29,1,1,389
1297,1,44,455.45,14,196,51
1298,1,0,162.5,4,16,100
1299,0,0,95.9,3,9,20
1300,1,0,811,15,225,78
1301,0,0,118,3,9,411
1302,0,0,49,2,4,20
1303,0,0,192,4,16,47
1304,0,0,297,2,4,357
1305,0,0,576.7,16,256,379
1306,0,0,83,2,4,420
1307,0,0,64,2,4,527
1308,0,0,78,2,4,383
1309,1,0,57,2,4,100
1310,0,0,398,11,121,9
1311,0,0,49.5,1,1,32
1312,1,0,244,4,16,383
1313,1,0,226,11,121,266
1314,0,0,113,2,4,391
1315,1,63,235.95,6,36,17
1316,0,0,49.5,1,1,380
1317,0,0,52,1,1,16
1318,0,0,49.9,2,4,722
1319,0,0,78,3,9,22
1320,1,0,103,3,9,48
1321,0,0,444,3,9,407
1322,0,0,34,1,1,22
1323,1,0,135,3,9,144
1324,1,54.45,238,6,36,403
1325,0,0,70,2,4,14
1326,1,0,145,3,9,414
1327,1,0,105,1,1,541
1328,0,0,361,4,16,4
1329,1,0,996,4,16,51
1330,0,0,59,1,1,24
1331,0,0,30,1,1,488
1332,0,0,150.7,8,64,2
1333,1,0,681,10,100,85
1334,0,0,73,2,4,17
1335,1,0,531,9,81,422
1336,0,0,105.45,3,9,103
1337,0,0,58,2,4,464
1338,0,0,388.5,7,49,22
1339,0,0,128.85,5,25,35
1340,1,0,48,2,4,159
1341,1,0,398,2,4,349
1342,1,61.5,824,20,400,27
1343,1,0,89,2,4,702
1344,1,18,39,2,4,228
1345,1,0,69.5,2,4,64
1346,0,0,49,1,1,57
1347,1,0,222,5,25,98
1348,0,0,203.5,5,25,387
1349,0,100,44,1,1,37
1350,1,0,88,2,4,345
1351,0,61.9,1690.8,38,1444,37
1352,1,0,118,4,16,419
1353,0,0,44,1,1,459
1354,0,0,38,1,1,383
1355,1,0,44,2,4,390
1356,1,0,157,4,16,311
1357,1,97,118,3,9,20
1358,0,0,79,2,4,12
1359,0,0,143.5,4,16,19
1360,0,0,152,4,16,361
1361,0,0,63.5,2,4,635
1362,1,0,112,3,9,675
1363,0,0,183.5,3,9,31
1364,0,0,120,4,16,348
1365,0,0,19.5,1,1,22
1366,1,0,108.95,2,4,543
1367,0,0,30,1,1,460
1368,0,0,185.8,5,25,23
1369,0,0,19.5,1,1,27
1370,1,0,29,1,1,156
1371,0,0,69.5,2,4,326
1372,0,0,69.5,1,1,61
1373,0,0,135,3,9,633
1374,1,0,89,1,1,418
1375,0,0,90,2,4,13
1376,0,0,207,5,25,404
1377,0,71.5,76,2,4,482
1378,0,0,337,2,4,469
1379,1,0,49,3,9,1
1380,0,0,132.5,5,25,27
1381,0,0,72,3,9,408
1382,0,0,44,1,1,14
1383,0,0,67,3,9,137
1384,1,0,172,2,4,54
1385,0,0,88,3,9,62
1386,1,0,142.4,6,36,166
1387,1,0,185.5,4,16,134
1388,0,0,36,1,1,225
1389,1,0,256.45,7,49,32
1390,0,0,29.5,1,1,31
1391,0,0,0,1,1,388
1392,0,0,39,1,1,607
1393,0,0,69,3,9,267
1394,0,0,153,7,49,10
1395,1,52,186.2,7,49,367
1396,0,39,257.95,6,36,10
1397,0,0,29.5,1,1,26
1398,0,0,118.5,2,4,29
1399,1,0,188.5,4,16,25
1400,1,0,344,14,196,16
1401,1,0,418,3,9,8
1402,0,0,49,1,1,548
1403,0,0,102,3,9,468
1404,0,0,55,1,1,699
1405,0,0,169,4,16,387
1406,0,44.5,159.5,7,49,88
1407,0,0,44,1,1,391
1408,0,0,64.5,1,1,22
1409,0,0,40,2,4,439
1410,0,0,49.5,1,1,387
1411,1,49.5,192,5,25,310
1412,0,0,49,1,1,715
1413,1,60.95,123.95,2,4,476
1414,1,0,320.4,10,100,19
1415,0,0,64,1,1,373
1416,0,0,96,4,16,460
1417,0,0,133,4,16,441
1418,0,0,39.5,2,4,470
1419,1,0,10,1,1,499
1420,0,0,85,2,4,700
1421,1,0,163,6,36,15
1422,0,0,55,1,1,25
1423,0,0,73,4,16,29
1424,0,72,176.5,3,9,531
1425,0,0,36,2,4,245
1426,0,0,178,1,1,395
1427,1,0,183,3,9,672
1428,1,0,36,2,4,68
1429,1,0,248.5,7,49,15
1430,1,0,228.5,12,144,1
1431,1,0,42,2,4,319
1432,1,0,189,1,1,392
1433,1,0,79,4,16,163
1434,1,0,589,20,400,16
1435,0,0,22,1,1,394
1436,0,0,89,1,1,30
1437,1,0,341.15,12,144,18
1438,1,59,78.95,2,4,552
1439,0,0,306,5,25,114
1440,0,0,196,4,16,18
1441,1,0,29.5,1,1,392
1442,0,0,0,1,1,11
1443,1,0,0,2,4,48
1444,0,0,39.5,1,1,32
1445,0,68,36,2,4,638
1446,1,0,138,3,9,245
1447,0,0,50,2,4,11
1448,0,0,63,2,4,509
1449,0,0,299,1,1,23
1450,0,0,493,12,144,30
1451,0,0,80,2,4,399
1452,0,0,175.4,6,36,20
1453,0,0,54,2,4,258
1454,0,0,54.95,1,1,325
1455,1,297,661.25,16,256,19
1456,1,0,314,4,16,394
1457,1,0,866,13,169,21
1458,1,44,132,3,9,63
1459,1,0,59.9,2,4,706
1460,1,289,836.49,23,529,15
1461,1,0,90,2,4,396
1462,0,0,19.95,1,1,24
1463,0,0,539.5,14,196,24
1464,0,66,428.5,19,361,11
1465,0,0,139,4,16,26
1466,0,0,146,4,16,16
1467,1,0,128,3,9,99
1468,0,0,52,1,1,22
1469,0,69,152,4,16,425
1470,0,0,64.5,2,4,16
1471,1,51,502.5,15,225,16
1472,0,0,38,1,1,410
1473,0,0,151,6,36,417
1474,0,0,79,1,1,408
1475,0,44.95,70,3,9,97
1476,0,0,78,2,4,386
1477,0,0,133,2,4,456
1478,1,0,165.95,5,25,37
1479,0,0,39.5,2,4,510
1480,0,0,79.95,1,1,337
1481,0,0,164,4,16,245
1482,1,0,257.5,7,49,252
1483,0,0,73.5,3,9,413
1484,1,0,208,2,4,120
1485,0,0,39,1,1,22
1486,0,0,88,3,9,391
1487,0,0,605.4,19,361,30
1488,1,0,429.5,6,36,121
1489,0,0,14.95,1,1,577
1490,1,0,384.95,9,81,88
1491,0,0,83.5,3,9,11
1492,0,0,112,3,9,293
1493,0,0,202.75,7,49,300
1494,0,0,262,5,25,50
1495,0,0,456.9,13,169,83
1496,0,0,10,1,1,13
1497,1,187.5,414.95,8,64,10
1498,1,88,539,13,169,27
1499,0,0,19.99,2,4,94
1500,1,113.45,81.95,2,4,596
1501,0,0,135,3,9,13
1502,0,0,59,2,4,314
1503,0,193,69.4,4,16,3
1504,0,0,78.95,2,4,43
1505,0,0,315,7,49,44
1506,0,0,143,2,4,649
1507,0,0,52.45,4,16,115
1508,1,0,166,5,25,97
1509,1,0,69.9,3,9,66
1510,0,0,43.85,3,9,341
1511,1,0,1217,2,4,715
1512,0,0,802.25,15,225,25
1513,0,0,100,3,9,19
1514,0,0,179,4,16,44
1515,1,316.85,1641.45,32,1024,20
1516,0,0,134,3,9,220
1517,0,14.95,99,1,1,72
1518,0,0,123,2,4,11
1519,1,0,29.5,1,1,82
1520,1,0,48,2,4,568
1521,1,0,24.95,1,1,551
1522,1,0,250,7,49,17
1523,0,0,80.95,2,4,728
1524,1,0,150.95,4,16,135
1525,1,0,197.5,5,25,454
1526,1,0,74,1,1,265
1527,1,0,249,5,25,113
1528,0,0,99,1,1,615
1529,0,99,547.35,16,256,41
1530,0,0,88,2,4,394
1531,1,0,65,1,1,498
1532,0,0,49,1,1,462
1533,1,192.95,35,1,1,338
1534,0,0,56,3,9,17
1535,1,0,160,6,36,23
1536,0,0,55.95,1,1,491
1537,0,0,98,2,4,520
1538,0,0,82,2,4,40
1539,0,0,179,6,36,125
1540,1,0,234,3,9,207
1541,0,0,727.95,16,256,23
1542,0,41.5,126,3,9,265
1543,0,0,103,2,4,397
1544,0,0,29,1,1,33
1545,1,0,1133,31,961,40
1546,0,0,158,3,9,81
1547,1,219,552.85,13,169,2
1548,0,0,24,2,4,501
1549,1,0,1060.2,35,1225,11
1550,1,0,44,2,4,642
1551,0,0,44,1,1,22
1552,0,0,323.5,8,64,386
1553,0,0,535.35,17,289,17
1554,1,14.95,157,3,9,84
1555,0,0,58.5,2,4,25
1556,1,49.5,110.35,4,16,96
1557,0,12.95,44,2,4,32
1558,0,0,134.9,5,25,137
1559,1,0,240,8,64,331
1560,0,0,252,8,64,474
1561,0,0,73.5,2,4,16
1562,0,0,85.5,2,4,19
1563,1,0,2372.75,59,3481,33
1564,0,0,34,1,1,35
1565,1,0,56,3,9,408
1566,1,0,252.5,6,36,81
1567,0,0,151.95,5,25,26
1568,1,0,450.5,7,49,389
1569,1,0,39.5,2,4,523
1570,0,0,22,1,1,408
1571,1,0,83.9,4,16,277
1572,0,0,206.5,6,36,5
1573,0,0,70,3,9,26
1574,1,0,65,1,1,426
1575,0,0,122,3,9,162
1576,0,23,106,3,9,330
1577,0,0,87,3,9,375
1578,1,0,761.25,19,361,78
1579,1,0,430.7,17,289,28
1580,1,68,204,5,25,390
1581,0,68.95,161,5,25,459
1582,0,0,579.8,14,196,1
1583,0,0,108.5,3,9,26
1584,1,0,59,1,1,440
1585,0,0,245,1,1,13
1586,1,109,405,6,36,21
1587,1,0,200.95,4,16,435
1588,1,0,139.8,4,16,541
1589,0,0,118.95,4,16,430
1590,0,0,64,1,1,344
1591,1,0,24,1,1,573
1592,1,0,59,1,1,324
1593,1,0,253.9,4,16,171
1594,1,0,72,3,9,300
1595,0,0,69.9,2,4,490
1596,1,0,118,4,16,385
1597,0,38,76,2,4,396
1598,1,0,218,6,36,464
1599,1,0,278,7,49,67
1600,0,0,289,6,36,390
1601,1,68,34,1,1,716
1602,0,0,39.5,2,4,133
1603,0,0,84.9,2,4,715
1604,1,697,163.95,4,16,69
1605,0,0,69,1,1,418
1606,1,0,207.5,5,25,35
1607,0,0,35,1,1,154
1608,0,0,88,3,9,113
1609,1,15,272,7,49,483
1610,1,0,873.9,20,400,128
1611,0,0,112,3,9,168
1612,0,0,74.75,3,9,468
1613,0,0,103,2,4,87
1614,1,0,344,8,64,334
1615,0,0,39.5,2,4,510
1616,1,0,32,1,1,146
1617,0,0,49.5,3,9,517
1618,1,0,154.45,5,25,19
1619,0,0,36,1,1,416
1620,0,0,138,4,16,342
1621,1,0,115,4,16,388
1622,0,0,30,1,1,27
1623,0,0,84.95,1,1,158
1624,0,0,49,1,1,131
1625,0,0,85,1,1,715
1626,0,0,53,2,4,148
1627,0,122.5,523.5,11,121,24
1628,1,0,655.3,23,529,14
1629,0,0,49.9,2,4,594
1630,0,0,213.9,5,25,362
1631,1,0,108.5,3,9,120
1632,1,0,297,5,25,101
1633,0,0,214.5,6,36,143
1634,0,0,39,1,1,30
1635,1,0,354.7,15,225,39
1636,1,0,53,4,16,25
1637,0,0,120,8,64,50
1638,1,72.8,363.54,13,169,5
1639,1,0,49,1,1,516
1640,1,44,172.25,3,9,19
1641,0,0,143,2,4,383
1642,0,0,39,1,1,31
1643,1,0,36,1,1,350
1644,0,0,189.5,6,36,23
1645,0,0,68,2,4,389
1646,0,0,59,1,1,521
1647,0,0,39.5,2,4,124
1648,1,0,352,5,25,43
1649,1,0,1031.35,22,484,28
1650,0,0,58,2,4,157
1651,1,0,39,1,1,29
1652,0,49,243.5,7,49,421
1653,1,0,39,1,1,381
1654,0,0,24,1,1,42
1655,0,0,44,1,1,421
1656,1,0,75.5,2,4,245
1657,0,0,82.5,2,4,15
1658,1,0,38,1,1,488
1659,1,0,258.5,8,64,484
1660,1,0,541.5,8,64,21
1661,0,0,49,1,1,530
1662,0,0,59.5,1,1,711
1663,1,0,122,3,9,18
1664,0,0,49.5,1,1,452
1665,1,0,179,2,4,334
1666,1,0,630.7,21,441,358
1667,0,0,58,2,4,289
1668,1,0,108,2,4,381
1669,1,0,49.5,1,1,400
1670,1,0,514.7,5,25,13
1671,1,0,81.45,3,9,405
1672,0,0,239,8,64,30
1673,1,0,104,4,16,44
1674,0,0,63,2,4,693
1675,0,0,108,3,9,24
1676,1,0,109.8,4,16,189
1677,1,0,182,3,9,393
1678,0,0,189,1,1,396
1679,1,0,200,6,36,2
1680,1,0,106.9,5,25,183
1681,1,0,90,2,4,19
1682,0,0,187,5,25,390
1683,0,0,12.95,1,1,192
1684,0,0,44,1,1,299
1685,1,0,209.5,5,25,77
1686,0,0,144,8,64,34
1687,0,0,198,4,16,15
1688,1,0,148.95,7,49,158
1689,1,88.5,90,6,36,53
1690,1,0,224.5,6,36,443
1691,1,0,156.5,4,16,99
1692,1,69,277,11,121,55
1693,1,0,164.5,2,4,383
1694,0,0,178,2,4,706
1695,0,0,129,2,4,22
1696,1,0,355,5,25,55
1697,1,0,175,5,25,300
1698,1,0,907,15,225,26
1699,1,0,342.5,5,25,32
1700,0,0,64.5,3,9,11
1701,1,39,211,11,121,384
1702,0,0,109.85,5,25,25
1703,1,0,184.5,5,25,31
1704,0,69,79,3,9,698
1705,1,289.85,37.85,3,9,536
1706,0,0,171,5,25,18
1707,1,0,583.5,7,49,44
1708,0,0,69,1,1,382
1709,0,0,118.5,5,25,485
1710,1,60,448.4,17,289,143
1711,0,186,79,3,9,94
1712,1,0,182,6,36,133
1713,1,0,839,9,81,41
1714,0,0,118,2,4,195
1715,0,0,48,2,4,23
1716,0,0,44,1,1,468
1717,0,52.4,138,4,16,19
1718,0,0,74,2,4,504
1719,0,0,39.5,1,1,27
1720,1,34,29.5,1,1,27
1721,0,0,99,2,4,357
1722,1,39.5,111.5,6,36,504
1723,1,0,155,5,25,218
1724,0,0,29.5,1,1,405
1725,0,0,36,1,1,26
1726,1,0,414,9,81,321
1727,1,0,59,2,4,385
1728,0,0,120,3,9,23
1729,1,0,136,4,16,153
1730,0,0,78.5,3,9,19
1731,1,218,196.85,4,16,11
1732,0,0,77.5,3,9,23
1733,0,0,100,4,16,376
1734,0,0,216,6,36,423
1735,0,0,65,1,1,404
1736,0,0,50,2,4,296
1737,0,0,72,2,4,252
1738,0,0,162,5,25,529
1739,1,102.5,2700.1,65,4225,19
1740,0,0,118,2,4,27
1741,1,0,24,1,1,35
1742,0,0,0,1,1,12
1743,1,0,567.35,12,144,142
1744,0,0,199,1,1,395
1745,1,0,383,2,4,391
1746,0,0,79,4,16,467
1747,0,0,152.95,4,16,470
1748,0,0,89,1,1,31
1749,0,68,153,5,25,447
1750,0,0,169.9,4,16,337
1751,0,0,29.5,1,1,333
1752,1,0,399,6,36,394
1753,1,0,280.5,6,36,22
1754,1,0,0,3,9,57
1755,0,0,59,1,1,722
1756,1,0,49,1,1,26
1757,0,0,164.5,7,49,76
1758,0,0,80,1,1,30
1759,0,0,54,2,4,513
1760,0,0,49,1,1,389
1761,0,0,89,4,16,119
1762,1,0,753,8,64,10
1763,0,0,87,2,4,620
1764,1,0,59,2,4,38
1765,0,0,258,2,4,22
1766,0,29,39.5,2,4,512
1767,1,0,93,3,9,471
1768,1,0,90,2,4,45
1769,1,0,208,5,25,147
1770,0,0,48,2,4,28
1771,0,0,163,4,16,69
1772,0,0,39.5,2,4,511
1773,0,0,65.5,2,4,252
1774,1,0,79,2,4,435
1775,0,61.5,56,1,1,501
1776,0,0,117,3,9,29
1777,1,0,39.5,2,4,492
1778,0,0,414,6,36,43
1779,0,0,49.5,3,9,149
1780,1,0,293,5,25,406
1781,0,72,124,5,25,628
1782,1,0,49.95,3,9,526
1783,0,0,355.3,20,400,143
1784,1,0,39.5,2,4,494
1785,0,0,58,2,4,382
1786,0,0,110,3,9,416
1787,0,0,191,4,16,388
1788,1,0,191,4,16,22
1789,1,0,63.5,2,4,392
1790,0,0,72,4,16,30
1791,1,59,143.95,4,16,363
1792,1,85,1657.3,24,576,71
1793,0,79,79,1,1,101
1794,1,0,267,9,81,24
1795,0,0,14.95,1,1,164
1796,1,128.5,204,3,9,525
1797,0,0,379.1,10,100,196
1798,0,0,59,1,1,22
1799,1,28,329,6,36,389
1800,1,0,166.9,4,16,141
1801,1,0,58.95,2,4,306
1802,1,0,57.95,2,4,185
1803,0,0,79,4,16,128
1804,0,0,194,3,9,26
1805,0,0,213.5,6,36,389
1806,1,0,1000.5,28,784,91
1807,0,170,445.45,13,169,75
1808,0,0,36,1,1,443
1809,0,0,183.5,4,16,460
1810,0,133.5,118.5,6,36,524
1811,1,0,186.85,6,36,19
1812,0,0,39.5,1,1,13
1813,1,0,167.85,4,16,39
1814,1,0,775.45,23,529,53
1815,1,0,128.9,3,9,323
1816,1,162.5,97,2,4,70
1817,0,0,174.5,3,9,127
1818,0,0,95.9,4,16,543
1819,0,0,88,2,4,11
1820,0,0,24,1,1,13
1821,1,0,342,3,9,50
1822,0,152,35,1,1,502
1823,1,0,306.9,11,121,14
1824,1,0,44,1,1,382
1825,0,0,87,3,9,48
1826,1,0,298,6,36,23
1827,0,0,83.9,3,9,192
1828,0,0,143,3,9,219
1829,1,0,85,2,4,568
1830,1,0,346.48,11,121,388
1831,1,0,691,12,144,26
1832,0,254.9,351,7,49,159
1833,1,0,305,11,121,32
1834,1,0,254,3,9,289
1835,0,0,19.95,1,1,519
1836,1,0,87,3,9,390
1837,0,0,126,4,16,356
1838,1,0,315,5,25,635
1839,1,0,29.5,1,1,384
1840,1,149,99,1,1,244
1841,1,0,59,1,1,27
1842,0,0,135,5,25,15
1843,1,0,50,3,9,380
1844,1,0,266,6,36,388
1845,0,0,159,3,9,40
1846,1,0,736.3,15,225,29
1847,1,0,96.95,5,25,47
1848,1,0,138,3,9,22
1849,1,0,176,6,36,212
1850,1,0,117,3,9,383
1851,1,0,89,1,1,383
1852,0,0,99.8,4,16,724
1853,0,0,72,1,1,332
1854,0,0,39,1,1,698
1855,1,0,201,5,25,23
1856,0,0,56.95,3,9,214
1857,1,0,215,7,49,21
1858,0,0,219.9,5,25,85
1859,0,0,155.5,5,25,25
1860,0,0,88,2,4,404
1861,1,0,366,13,169,22
1862,0,0,53,2,4,272
1863,0,0,89,3,9,588
1864,1,0,176,4,16,21
1865,1,248.5,472.5,10,100,19
1866,0,0,29.5,1,1,19
1867,0,0,99,2,4,20
1868,1,0,39.5,2,4,488
1869,0,0,24,1,1,14
1870,1,0,256.95,5,25,31
1871,0,0,253,4,16,526
1872,0,0,212.45,10,100,4
1873,0,71.8,391.76,22,484,11
1874,0,0,89,6,36,125
1875,0,0,139,1,1,381
1876,1,0,659.5,14,196,73
1877,1,0,415.9,8,64,11
1878,0,0,39.5,2,4,532
1879,1,20,349.45,18,324,26
1880,1,0,0,2,4,380
1881,0,0,88,2,4,387
1882,0,0,34,1,1,33
1883,1,0,120.5,8,64,57
1884,1,15,46,2,4,391
1885,0,0,158,4,16,679
1886,1,0,218,5,25,316
1887,1,0,1115.45,24,576,146
1888,1,0,69,1,1,383
1889,1,0,75,1,1,439
1890,0,0,151.8,5,25,388
1891,1,0,80.85,3,9,612
1892,0,0,29,1,1,74
1893,0,39.5,85.5,3,9,35
1894,0,0,88,2,4,20
1895,0,0,262,10,100,667
1896,1,0,69.5,2,4,40
1897,1,0,204.45,6,36,388
1898,0,0,59,1,1,712
1899,1,0,182,4,16,634
1900,1,0,312.9,8,64,168
1901,0,0,122.9,4,16,113
1902,1,0,102,3,9,615
1903,1,49,155.95,2,4,14
1904,0,0,49,2,4,384
1905,1,0,147.95,4,16,686
1906,1,59,296,10,100,27
1907,0,238.5,341.5,12,144,31
1908,1,0,78,2,4,481
1909,1,0,1120.59,27,729,190
1910,1,0,90,2,4,707
1911,0,0,99,2,4,28
1912,0,0,110,1,1,21
1913,0,0,310.3,15,225,154
1914,1,0,96,2,4,433
1915,0,0,44,1,1,11
1916,1,46,8028.45,162,26244,23
1917,0,0,101,3,9,583
1918,1,99.75,16.95,1,1,191
1919,0,0,60,1,1,638
1920,1,0,393,7,49,29
1921,1,0,49,1,1,445
1922,0,0,127,3,9,28
1923,0,0,44,1,1,440
1924,0,0,287.5,9,81,24
1925,1,0,41,2,4,534
1926,1,0,69,1,1,406
1927,1,106.45,564.2,14,196,29
1928,0,118.5,49.5,1,1,352
1929,1,0,339,14,196,146
1930,1,0,77,3,9,135
1931,1,0,29,2,4,155
1932,1,0,484,14,196,221
1933,0,0,39.5,2,4,176
1934,0,0,24,1,1,25
1935,1,0,133.8,5,25,161
1936,0,0,175.95,5,25,368
1937,1,0,80.95,3,9,201
1938,0,0,184,3,9,362
1939,0,0,89,1,1,74
1940,0,0,57.5,2,4,15
1941,1,0,255,4,16,35
1942,0,0,0,2,4,22
1943,1,0,75,1,1,695
1944,0,0,158.7,7,49,190
1945,1,0,582,7,49,384
1946,1,0,141,4,16,361
1947,0,0,65,2,4,377
1948,1,0,173,5,25,20
1949,0,0,165,3,9,442
1950,1,0,254.9,5,25,481
1951,0,0,29,1,1,386
1952,1,0,83,3,9,702
1953,0,0,65,2,4,412
1954,0,0,97.5,3,9,391
1955,1,0,405.5,5,25,25
1956,0,0,74.5,3,9,123
1957,0,0,98.5,2,4,154
1958,0,0,44,1,1,450
1959,1,0,29.5,1,1,56
1960,1,0,75.5,2,4,26
1961,1,0,687.95,12,144,424
1962,0,0,330,7,49,30
1963,0,0,39.5,2,4,478
1964,0,0,119,1,1,13
1965,0,0,20,1,1,513
1966,1,0,79,4,16,123
1967,1,0,73,2,4,393
1968,1,0,899.5,21,441,91
1969,1,119.4,252.95,7,49,89
1970,0,0,307.5,6,36,57
1971,1,0,187,2,4,276
1972,0,0,44,1,1,23
1973,1,0,192.1,12,144,22
1974,0,0,26,1,1,21
1975,0,0,39.5,2,4,493
1976,1,49,191.45,9,81,50
1977,0,0,34.5,1,1,14
1978,0,0,48,2,4,145
1979,1,0,58.5,2,4,71
1980,1,0,38,1,1,14
1981,0,0,69,1,1,394
1982,0,0,19.5,1,1,527
1983,1,0,131.5,4,16,44
1984,1,59,468,8,64,236
1985,1,0,183.85,5,25,190
1986,1,0,35,1,1,39
1987,0,0,39,1,1,14
1988,1,0,821.6,14,196,588
1989,0,0,45,1,1,63
1990,0,0,64.95,1,1,554
1991,0,0,139,1,1,7
1992,1,0,39.9,2,4,709
1993,1,84.95,59,1,1,246
1994,0,0,44,1,1,23
1995,0,0,159.5,5,25,13
1996,1,0,143.7,7,49,173
1997,1,0,718.45,36,1296,174
1998,0,0,19,1,1,19
1999,1,0,217,3,9,66
2000,1,128.85,58,2,4,404
2001,0,0,13.25,6,36,8
2002,1,39.5,328.9,10,100,23
2003,1,0,23.95,3,9,48
2004,1,0,89,1,1,73
2005,1,158.5,664.95,18,324,500
2006,0,0,185.9,4,16,187
2007,0,49,56,1,1,483
2008,0,0,209.5,3,9,412
2009,1,73.95,89.95,5,25,151
2010,0,0,29,1,1,83
2011,0,0,69,1,1,488
2012,1,0,220.85,9,81,33
2013,0,0,44,1,1,39
2014,1,0,235.85,5,25,45
2015,0,0,228.5,2,4,19
2016,1,49,513,11,121,25
2017,1,0,104.9,5,25,24
2018,1,0,19.5,1,1,310
2019,1,0,58,2,4,44
2020,1,0,593.5,19,361,256
2021,1,0,435,10,100,35
2022,0,0,35,1,1,504
2023,1,63,386.65,10,100,329
2024,0,0,79,4,16,124
2025,0,0,218,2,4,23
2026,1,0,52.85,3,9,162
2027,0,0,48,2,4,17
2028,0,0,45,2,4,265
2029,0,0,87.95,2,4,301
2030,0,0,314,6,36,335
2031,0,0,362,6,36,370
2032,0,0,81,4,16,420
2033,1,59.9,161,8,64,201
2034,0,0,109,2,4,22
2035,1,0,17,1,1,403
2036,1,0,497.5,13,169,77
2037,1,0,102,4,16,423
2038,0,0,25,1,1,150
2039,0,0,151,7,49,49
2040,0,0,187,5,25,18
2041,0,0,34,1,1,579
2042,0,0,646,19,361,221
2043,0,0,202.5,5,25,106
2044,0,0,118,1,1,478
2045,0,0,29.5,1,1,20
2046,0,0,119,1,1,22
2047,1,0,29.5,1,1,26
2048,1,0,66.8,4,16,189
2049,0,0,29,1,1,392
2050,0,0,142.5,3,9,12
2051,0,0,145,4,16,24
2052,0,0,827,11,121,26
2053,0,0,546.5,7,49,14
2054,1,0,224.45,6,36,186
2055,0,49.5,403.5,7,49,147
2056,0,0,52.9,18,324,642
2057,1,0,155.35,6,36,514
2058,1,0,369.5,10,100,419
2059,1,0,49,1,1,403
2060,0,0,44,1,1,92
2061,0,0,88,2,4,383
2062,0,0,25,1,1,696
2063,0,0,149,3,9,20
2064,1,0,139,4,16,238
2065,1,0,70,1,1,687
2066,0,0,0,1,1,188
2067,0,0,64.5,1,1,43
2068,0,0,318,2,4,383
2069,0,0,0,1,1,208
2070,0,0,92.5,3,9,151
2071,0,0,155,4,16,21
2072,0,0,45,1,1,322
2073,1,0,116,4,16,381
2074,0,0,205,5,25,257
2075,0,0,49,1,1,87
2076,1,0,602,11,121,54
2077,1,0,536,13,169,28
2078,0,0,152,7,49,539
2079,1,0,59,1,1,505
2080,0,0,101,2,4,671
2081,1,0,59,1,1,140
2082,0,0,29,1,1,196
2083,0,0,103,2,4,22
2084,0,0,37.95,2,4,453
2085,1,0,147,3,9,74
2086,1,0,155,1,1,381
2087,1,0,69,1,1,416
2088,1,0,277,8,64,8
2089,0,0,138,3,9,131
2090,1,0,388,9,81,3
2091,1,0,171,2,4,387
2092,0,0,288.45,9,81,73
2093,0,0,207.9,5,25,596
2094,1,0,693,16,256,10
2095,0,0,129,1,1,29
2096,1,0,120,4,16,381
2097,1,0,260.5,8,64,48
2098,0,0,99.95,5,25,1
2099,0,0,31.9,2,4,593
2100,1,0,467,11,121,18
2101,0,0,38,2,4,27
2102,0,0,29,5,25,14
2103,0,0,88,2,4,70
2104,1,0,109.45,2,4,384
2105,0,0,56,4,16,392
2106,1,0,196.5,7,49,391
2107,0,0,30,2,4,14
2108,0,0,59,1,1,29
2109,0,0,228.85,6,36,388
2110,0,0,141,4,16,384
2111,0,0,55,1,1,570
2112,0,0,36.5,7,49,444
2113,0,0,102.5,3,9,31
2114,1,0,109,1,1,237
2115,1,0,204.5,7,49,25
2116,0,0,257,3,9,403
2117,1,0,75,1,1,391
2118,0,0,191.5,8,64,245
2119,1,0,405,7,49,351
2120,1,0,571.75,9,81,451
2121,0,0,59.95,1,1,527
2122,0,154.5,89,4,16,13
2123,0,75,75,1,1,20
2124,0,0,39.5,2,4,515
2125,0,0,79,2,4,54
2126,0,0,48,2,4,17
2127,0,0,222,6,36,385
2128,1,0,215.5,4,16,168
2129,0,0,170.85,5,25,27
2130,0,0,139,1,1,393
2131,0,0,78.5,3,9,387
2132,0,0,278.75,6,36,112
2133,0,57,98,3,9,700
2134,1,285.95,147,5,25,26
2135,0,0,44,1,1,303
2136,1,0,103,2,4,386
2137,0,0,64,1,1,381
2138,0,0,358,3,9,657
2139,1,0,34,2,4,179
2140,0,0,68.5,2,4,13
2141,1,19.95,129.45,9,81,46
2142,0,0,136,4,16,426
2143,0,0,185,3,9,420
2144,1,0,134,3,9,160
2145,0,0,58,2,4,559
2146,0,0,135.5,4,16,389
2147,1,0,220.5,5,25,123
2148,1,0,316,4,16,17
2149,0,0,45,1,1,713
2150,0,0,165,4,16,594
2151,1,0,98.95,2,4,378
2152,0,0,229,5,25,16
2153,0,0,29,1,1,328
2154,0,170.5,151.9,5,25,726
2155,1,0,271.95,8,64,309
2156,0,0,126.5,4,16,18
2157,0,118.5,361.5,6,36,414
2158,0,0,54,2,4,125
2159,1,0,49.5,1,1,401
2160,0,0,238,2,4,26
2161,1,0,145.8,4,16,597
2162,0,0,45,2,4,483
2163,0,0,92,2,4,125
2164,0,0,69,1,1,104
2165,1,58,177,5,25,160
2166,0,0,29,1,1,49
2167,1,0,96,2,4,646
2168,0,0,59,2,4,415
2169,0,0,39.5,2,4,520
2170,1,212.4,151.9,5,25,546
2171,1,0,99,3,9,243
2172,0,0,66.5,3,9,11
2173,1,0,324.95,9,81,18
2174,0,0,70,3,9,320
2175,1,0,292.2,11,121,31
2176,0,0,34,2,4,377
2177,0,0,22,1,1,418
2178,0,39,63,2,4,62
2179,0,0,63.95,2,4,485
2180,0,0,72.4,3,9,187
2181,0,24,146,5,25,14
2182,0,0,39,2,4,7
2183,0,0,75,1,1,629
2184,1,0,104,2,4,129
2185,0,0,208,6,36,18
2186,0,0,29.5,1,1,144
2187,0,0,160,4,16,26
2188,0,0,0,1,1,228
2189,1,0,89,1,1,90
2190,0,0,145,1,1,111
2191,1,0,89,1,1,410
2192,0,0,533.5,8,64,50
2193,0,0,77.9,5,25,24
2194,0,0,68,2,4,629
2195,1,0,88,2,4,464
2196,0,0,24,1,1,29
2197,1,38,857.45,22,484,4
2198,0,0,59,2,4,23
2199,1,0,409.5,6,36,29
2200,0,68.5,965.75,15,225,30
2201,1,0,159,5,25,29
2202,0,0,74.5,2,4,26
2203,0,0,375.95,6,36,28
2204,0,0,130,5,25,14
2205,1,0,167,3,9,597
2206,1,0,178,2,4,508
2207,1,118,164.75,6,36,95
2208,0,0,30,2,4,54
2209,0,39.5,39.5,2,4,153
2210,1,0,75,1,1,389
2211,0,0,79,4,16,504
2212,1,0,44,1,1,417
2213,1,0,110,2,4,70
2214,0,0,38,1,1,31
2215,1,0,178,3,9,388
2216,0,35,89.5,5,25,21
2217,0,0,34,1,1,536
2218,0,32.9,29,1,1,266
2219,1,0,148,2,4,613
2220,1,0,69,1,1,392
2221,1,0,37,2,4,43
2222,0,0,85,2,4,595
2223,1,0,51,2,4,384
2224,1,0,327.5,8,64,33
2225,0,0,103,3,9,462
2226,0,0,262,7,49,389
2227,0,0,27,1,1,500
2228,0,0,30,1,1,394
2229,1,0,194.4,4,16,384
2230,1,68,733,12,144,12
2231,1,0,217,7,49,27
2232,1,0,58,2,4,44
2233,1,0,70.95,2,4,226
2234,1,0,286,4,16,342
2235,0,0,44,1,1,436
2236,0,0,86.85,3,9,173
2237,0,0,59,2,4,124
2238,0,0,153.5,5,25,304
2239,0,0,81,2,4,644
2240,1,105.95,240.4,11,121,13
2241,0,49.5,173,4,16,25
2242,1,247.6,2099.25,57,3249,19
2243,0,0,113,2,4,460
2244,1,0,226.5,5,25,24
2245,0,0,63,2,4,623
2246,1,0,256.5,5,25,388
2247,0,0,69,1,1,290
2248,1,0,24,1,1,423
2249,0,0,48,3,9,23
2250,0,0,204,6,36,431
2251,0,0,39,1,1,22
2252,1,26,426.85,11,121,101
2253,0,0,134,2,4,684
2254,0,0,68.5,2,4,14
2255,1,66.5,138,6,36,223
2256,1,0,215,5,25,66
2257,0,0,44,1,1,349
2258,1,0,130.95,6,36,197
2259,0,0,49.5,1,1,32
2260,0,0,145,7,49,15
2261,1,0,114,3,9,28
2262,0,0,98,2,4,518
2263,1,0,349,12,144,49
2264,0,0,88.5,2,4,209
2265,1,15,103.5,3,9,25
2266,0,0,72,3,9,526
2267,1,0,266.95,4,16,485
2268,0,0,83.5,3,9,160
2269,0,0,36,1,1,450
2270,1,0,44,1,1,379
2271,0,0,39.5,2,4,468
2272,0,0,43.95,2,4,534
2273,1,49,85,1,1,367
2274,1,63,398,8,64,26
2275,0,0,29.95,1,1,29
2276,0,0,0,1,1,384
2277,0,0,134,4,16,240
2278,1,138,264.9,7,49,172
2279,1,0,476,2,4,598
2280,0,0,189,6,36,335
2281,0,0,372.9,4,16,495
2282,0,0,128,5,25,397
2283,0,0,98.85,4,16,90
2284,0,0,92,2,4,392
2285,1,0,160,5,25,10
2286,0,0,78,2,4,396
2287,1,104,435.65,13,169,224
2288,1,0,50,2,4,646
2289,1,0,118.4,4,16,17
2290,1,0,161,5,25,73
2291,1,0,159,1,1,88
2292,0,0,57,3,9,26
2293,1,0,64,2,4,570
2294,0,0,226,4,16,2
2295,0,0,32,1,1,74
2296,1,0,99,5,25,89
2297,0,0,129.8,4,16,704
2298,1,0,24,1,1,50
2299,0,0,32,1,1,26
2300,1,0,299,1,1,385
2301,1,0,125,4,16,448
2302,0,0,59,1,1,41
2303,0,0,34.95,1,1,76
2304,0,0,139,1,1,163
2305,1,0,69,1,1,388
2306,0,0,223,7,49,101
2307,0,0,167.85,5,25,718
2308,1,0,49,1,1,385
2309,0,0,96.85,3,9,703
2310,1,0,913,22,484,624
2311,0,144,198,2,4,15
2312,0,0,359,7,49,421
2313,0,0,147,3,9,423
2314,0,0,300,4,16,417
2315,0,0,79,2,4,526
2316,1,0,213,5,25,23
2317,0,0,39.5,2,4,512
2318,0,59,183.95,3,9,347
2319,0,0,151.5,6,36,253
2320,1,0,14.95,1,1,568
2321,0,0,137.5,2,4,436
2322,0,0,61.1,4,16,642
2323,0,0,93,3,9,98
2324,1,0,25,1,1,671
2325,1,0,554.4,10,100,4
2326,1,0,88,2,4,23
2327,0,0,99,2,4,27
2328,0,0,49.5,1,1,23
2329,0,0,99,1,1,211
2330,0,0,44,1,1,37
2331,0,0,60,2,4,126
2332,1,0,29,1,1,382
2333,1,0,944,13,169,17
2334,0,0,394,10,100,15
2335,0,0,58,1,1,604
2336,1,0,153,3,9,138
2337,1,0,128,4,16,126
2338,0,0,39.5,2,4,479
2339,1,0,39.5,2,4,470
2340,1,0,83,3,9,387
2341,0,0,988.1,29,841,219
2342,1,0,59,2,4,97
2343,0,0,129.75,7,49,497
2344,0,0,236.85,7,49,249
2345,0,0,46,1,1,19
2346,0,0,555.75,11,121,567
2347,0,0,324.5,7,49,45
2348,1,0,59,1,1,296
2349,0,139,262,5,25,59
2350,1,13.95,428.75,9,81,108
2351,0,0,81,3,9,28
2352,0,0,533.5,6,36,14
2353,0,0,34,1,1,388
2354,1,0,318,6,36,263
2355,0,0,19.95,1,1,718
2356,0,0,548.35,28,784,8
2357,0,38,523.5,11,121,121
2358,1,0,252,5,25,148
2359,1,0,236.89,13,169,193
2360,0,0,29,1,1,316
2361,0,0,364.59,13,169,440
2362,0,0,605.25,27,729,21
2363,0,0,111.85,4,16,69
2364,0,44.5,78.5,2,4,69
2365,1,0,56,1,1,526
2366,1,0,82,3,9,438
2367,0,0,79,4,16,141
2368,0,0,139,1,1,439
2369,0,0,63,3,9,391
2370,0,0,59,1,1,10
2371,0,0,39.95,1,1,665
2372,0,0,49,2,4,266
2373,0,0,249.4,7,49,462
2374,1,0,72,2,4,405
2375,1,0,126.8,3,9,236
2376,0,0,167,3,9,13
2377,1,29,125.5,2,4,383
2378,1,0,344.9,11,121,93
2379,0,0,44.95,1,1,16
2380,1,0,399.4,18,324,146
2381,1,0,256,4,16,62
2382,1,0,197,5,25,61
2383,1,34.95,239,9,81,41
2384,1,0,578.5,8,64,70
2385,0,0,70,3,9,344
2386,1,0,130,2,4,716
2387,1,114,230,3,9,55
2388,0,0,98,2,4,4
2389,0,0,266.5,9,81,174
2390,0,0,235.8,7,49,436
2391,1,0,512.75,9,81,454
2392,0,0,39.95,1,1,4
2393,0,0,44,1,1,25
2394,0,0,133,2,4,720
2395,1,0,379,7,49,110
2396,0,28.95,404.95,8,64,18
2397,0,394,125.95,6,36,45
2398,1,0,678,7,49,64
2399,1,0,166.95,3,9,245
2400,1,19.5,278.5,7,49,72
2401,0,0,25,1,1,377
2402,0,0,114,3,9,388
2403,0,0,295,9,81,92
2404,0,184,49,1,1,47
2405,0,0,68,2,4,103
2406,0,0,22.95,1,1,554
2407,1,36,203.8,7,49,132
2408,0,0,99,2,4,393
2409,0,0,329,11,121,30
2410,1,109,72,1,1,242
2411,0,0,69,1,1,447
2412,0,0,58,2,4,110
2413,0,0,219,3,9,307
2414,0,0,160,3,9,68
2415,0,0,255.5,7,49,154
2416,0,0,49.5,1,1,728
2417,1,0,162.5,4,16,383
2418,0,0,39,1,1,40
2419,1,0,78,3,9,653
2420,0,0,130.5,4,16,400
2421,0,0,120.95,5,25,549
2422,0,68.9,59,1,1,10
2423,0,0,281,9,81,496
2424,0,0,96,4,16,7
2425,0,0,182.95,7,49,19
2426,1,0,220.4,9,81,276
2427,1,0,156,3,9,39
2428,0,0,109,5,25,7
2429,0,0,79,3,9,33
2430,0,0,220.5,6,36,391
2431,1,0,187,4,16,28
2432,0,0,94,4,16,384
2433,1,0,69,1,1,432
2434,0,0,24,1,1,270
2435,0,0,68,3,9,423
2436,0,0,307.5,8,64,11
2437,0,0,313,9,81,495
2438,0,0,129.95,2,4,4
2439,0,0,89,1,1,453
2440,0,0,254.5,6,36,28
2441,1,0,332.7,15,225,39
2442,0,0,33,2,4,62
2443,1,0,209,1,1,122
2444,1,0,535.5,12,144,4
2445,0,0,29,1,1,28
2446,1,0,395.7,12,144,22
2447,0,0,32,1,1,11
2448,0,0,189,1,1,669
2449,0,0,60,2,4,509
2450,0,0,347,3,9,697
2451,1,0,43.85,3,9,528
2452,1,0,152.9,4,16,202
2453,0,0,44,2,4,70
2454,0,0,19.95,1,1,702
2455,0,0,127,5,25,250
2456,1,0,446.5,12,144,25
2457,1,0,351.95,8,64,3
2458,1,0,344.9,10,100,31
2459,0,0,19.9,2,4,588
2460,0,0,99,3,9,74
2461,1,0,16.95,1,1,463
2462,1,39,944.85,18,324,72
2463,0,0,252.15,11,121,214
2464,0,0,79,1,1,389
2465,0,0,194,2,4,21
2466,1,0,299.9,8,64,312
2467,0,0,305.65,8,64,24
2468,0,0,114,6,36,25
2469,1,49,855,20,400,46
2470,0,0,51.45,4,16,625
2471,0,0,36,1,1,720
2472,0,0,145,4,16,549
2473,0,0,214.9,4,16,499
2474,1,228.5,623,18,324,5
2475,0,0,24,1,1,32
2476,0,0,98.9,4,16,358
2477,0,0,74,2,4,392
2478,1,0,190.9,5,25,32
2479,1,0,165.5,3,9,14
2480,1,0,49.9,2,4,364
2481,0,0,40,1,1,401
2482,0,0,79,2,4,34
2483,0,0,383.85,12,144,18
2484,0,159,138,2,4,19
2485,1,0,49.5,1,1,411
2486,1,0,274.9,9,81,30
2487,1,100.9,49,1,1,661
2488,0,0,109.5,3,9,13
2489,1,0,189.5,6,36,97
2490,0,0,44,1,1,429
2491,0,0,128.9,3,9,698
2492,1,0,491.35,15,225,15
2493,1,0,115,5,25,379
2494,0,0,72.8,4,16,298
2495,0,0,408,5,25,5
2496,0,0,64.9,2,4,547
2497,0,0,39.5,2,4,516
2498,1,0,141,4,16,425
2499,1,0,418,7,49,72
2500,1,22.95,55,1,1,406
2501,0,0,84.9,3,9,176
2502,0,0,44.5,2,4,35
2503,0,0,59,1,1,26
2504,1,0,79,2,4,26
2505,0,33,1840.75,55,3025,8
2506,0,0,69,3,9,236
2507,1,0,213.9,6,36,12
2508,0,0,19.95,1,1,726
2509,0,0,69,1,1,50
2510,0,0,62,2,4,610
2511,1,129.95,74.9,3,9,80
2512,1,0,200.3,17,289,136
2513,0,0,16.95,2,4,12
2514,0,308,14,8,64,13
2515,0,0,139,3,9,386
2516,0,0,176.5,4,16,28
2517,0,71.25,44.5,3,9,128
2518,0,0,29.5,1,1,24
2519,1,0,851.2,29,841,194
2520,1,0,69,1,1,503
2521,0,0,69,1,1,464
2522,0,29,149.95,5,25,5
2523,0,0,297.5,9,81,73
2524,0,0,29,1,1,29
2525,0,54.85,138,3,9,17
2526,1,0,119,3,9,327
2527,0,0,40,2,4,19
2528,1,0,350.75,14,196,14
2529,1,0,58,2,4,26
2530,0,0,0,1,1,310
2531,0,0,80,2,4,407
2532,1,0,373.75,8,64,47
2533,1,0,158.5,2,4,15
2534,1,34.9,293.8,9,81,115
2535,1,0,193,4,16,91
2536,1,0,317.95,11,121,35
2537,0,0,49,1,1,626
2538,0,0,182,3,9,431
2539,1,0,515.5,17,289,27
2540,0,0,29.5,1,1,29
2541,0,0,150,5,25,20
2542,1,0,283,7,49,23
2543,0,0,34,2,4,404
2544,1,0,47,1,1,226
2545,0,0,99.9,3,9,35
2546,0,0,44,1,1,17
2547,0,25,108,3,9,14
2548,1,0,653.65,19,361,71
2549,1,464.95,368,10,100,288
2550,0,0,116.9,5,25,339
2551,0,0,154,5,25,461
2552,0,0,52,1,1,27
2553,0,0,125.9,3,9,15
2554,0,0,30,1,1,573
2555,0,0,102,3,9,90
2556,0,0,150,5,25,26
2557,1,0,270.5,7,49,31
2558,1,0,154,2,4,122
2559,0,312,3528.35,78,6084,61
2560,0,0,226.5,7,49,13
2561,0,0,189,5,25,165
2562,0,0,32,1,1,240
2563,0,0,405.5,11,121,557
2564,0,0,59,1,1,221
2565,0,0,39.5,1,1,332
2566,0,0,90.5,3,9,167
2567,1,0,94.4,3,9,729
2568,1,302.5,662.05,22,484,69
2569,1,39,295,8,64,48
2570,1,0,54,3,9,674
2571,1,0,49,1,1,708
2572,1,0,318,7,49,61
2573,0,0,228.5,7,49,12
2574,0,0,187,3,9,18
2575,0,0,92.85,3,9,555
2576,0,0,200,5,25,207
2577,1,0,218,4,16,393
2578,1,0,346.8,12,144,11
2579,1,0,231,3,9,76
2580,0,0,287.95,6,36,697
2581,1,0,334,2,4,357
2582,0,0,360,6,36,298
2583,1,0,153,3,9,21
2584,0,0,178.9,6,36,32
2585,1,0,180,3,9,677
2586,0,0,73,3,9,19
2587,0,0,40,1,1,558
2588,0,36.8,49,1,1,12
2589,1,0,59.95,1,1,540
2590,0,0,29.5,1,1,19
2591,0,0,58,2,4,95
2592,0,138,531.8,9,81,122
2593,0,29.5,97.5,3,9,15
2594,0,0,30,1,1,332
2595,0,0,524.5,13,169,11
2596,0,0,59.45,3,9,142
2597,0,0,45,1,1,658
2598,1,0,676.5,19,361,160
2599,1,0,187,3,9,29
2600,1,0,124,7,49,386
2601,1,0,99,3,9,37
2602,1,0,508,7,49,681
2603,0,0,169,1,1,408
2604,0,49,440,13,169,53
2605,1,0,147,3,9,71
2606,0,0,69,1,1,509
2607,0,248.4,924,22,484,24
2608,0,0,114,4,16,400
2609,1,0,29.5,1,1,390
2610,0,0,132,3,9,391
2611,1,81.95,355,6,36,331
2612,0,0,64.5,3,9,130
2613,0,0,19.5,1,1,163
2614,1,0,228,7,49,21
2615,0,0,39,1,1,38
2616,0,0,129,1,1,394
2617,0,39.5,119.35,4,16,27
2618,1,0,227.9,10,100,142
2619,1,0,142,4,16,594
2620,1,189.4,797.55,20,400,2
2621,0,0,93,3,9,12
2622,0,0,170.95,3,9,673
2623,0,0,67,2,4,28
2624,0,0,199,1,1,535
2625,0,0,262,7,49,51
2626,1,17,19.5,1,1,24
2627,0,0,89,1,1,466
2628,0,0,0,1,1,221
2629,0,0,312,7,49,20
2630,0,0,91.95,6,36,20
2631,0,0,76,2,4,234
2632,0,0,67.5,2,4,260
2633,1,0,88,2,4,405
2634,0,22.5,131.5,5,25,14
2635,1,0,261.45,8,64,29
2636,0,0,396.9,12,144,226
2637,0,0,0,1,1,532
2638,1,0,305,9,81,545
2639,0,0,39.5,1,1,98
2640,0,0,57,3,9,403
2641,1,0,266.9,5,25,392
2642,0,0,87.4,4,16,32
2643,1,0,236,3,9,390
2644,1,0,63,2,4,159
2645,0,0,89,1,1,626
2646,0,0,133.9,6,36,347
2647,0,0,290.45,5,25,14
2648,1,0,495,7,49,148
2649,1,0,1979.5,29,841,17
2650,1,0,1528.95,22,484,11
2651,1,0,47.75,2,4,2
2652,1,0,133,6,36,17
2653,0,0,143,4,16,88
2654,1,0,132.5,4,16,53
2655,0,0,159.85,6,36,349
2656,1,0,98,2,4,27
2657,0,53,39,1,1,497
2658,0,0,72,1,1,618
2659,0,0,29,2,4,17
2660,0,0,250,6,36,408
2661,1,0,98.5,2,4,390
2662,0,0,138,2,4,403
2663,1,0,103.95,2,4,30
2664,1,0,23.5,1,1,397
2665,0,0,464.7,15,225,520
2666,0,0,39.5,1,1,602
2667,0,0,45,1,1,15
2668,0,0,85,3,9,425
2669,0,0,61.5,2,4,590
2670,0,68.85,149,1,1,17
2671,1,0,20,1,1,167
2672,1,0,234,5,25,14
2673,0,0,49.95,1,1,74
2674,0,0,176,4,16,12
2675,1,0,162.3,6,36,69
2676,1,0,320.9,9,81,120
2677,1,40,157,3,9,263
2678,1,0,113,2,4,414
2679,0,0,44,3,9,289
2680,1,0,126,3,9,406
2681,1,0,1398.8,25,625,306
2682,0,0,190.45,7,49,163
2683,0,0,161.9,3,9,397
2684,1,0,947.9,20,400,36
2685,0,0,436,11,121,120
2686,0,0,9.5,2,4,277
2687,0,0,42,1,1,380
2688,0,0,23,1,1,56
2689,0,0,230.5,8,64,86
2690,0,0,58,2,4,206
2691,1,0,420,11,121,17
2692,0,0,44,1,1,381
2693,1,0,125,4,16,675
2694,1,0,580,17,289,58
2695,1,0,69,1,1,138
2696,1,0,545.4,21,441,27
2697,1,0,59,1,1,313
2698,0,0,89,1,1,14
2699,0,0,63.5,4,16,27
2700,1,0,631.5,14,196,9
2701,0,0,72,3,9,2
2702,1,0,289,9,81,32
2703,1,0,17,1,1,699
2704,0,0,117,3,9,462
2705,0,0,282,7,49,15
2706,0,20.85,114.5,5,25,303
2707,0,139.45,84,2,4,10
2708,0,0,72.25,5,25,435
2709,1,0,20,1,1,384
2710,1,0,208,4,16,628
2711,0,0,235.74,7,49,487
2712,1,0,39,1,1,3
2713,1,196.4,407.7,17,289,184
2714,0,0,92,2,4,97
2715,0,0,0,6,36,550
2716,0,0,483,13,169,27
2717,0,0,69,1,1,113
2718,0,0,34,1,1,9
2719,1,32,213.5,5,25,28
2720,1,0,177.4,4,16,25
2721,0,199.5,400.6,12,144,81
2722,1,0,172,4,16,386
2723,0,0,24,1,1,367
2724,1,49,807,14,196,13
2725,0,0,137,3,9,53
2726,1,26,162,3,9,283
2727,0,34,180,3,9,209
2728,1,0,107,2,4,52
2729,0,0,34,1,1,452
2730,0,0,109,3,9,19
2731,0,54,642.5,23,529,86
2732,1,0,174,3,9,388
2733,0,0,64,1,1,63
2734,0,0,19.5,1,1,450
2735,0,0,77.5,2,4,11
2736,0,0,89,1,1,708
2737,0,0,129.5,2,4,106
2738,1,0,147,2,4,213
2739,1,0,103,3,9,392
2740,0,0,146.9,5,25,159
2741,1,0,75,2,4,21
2742,1,0,272,7,49,388
2743,1,0,69,1,1,715
2744,0,0,0,1,1,199
2745,0,22,19.9,1,1,577
2746,0,0,124.5,3,9,11
2747,0,0,213.5,5,25,131
2748,1,39,294,7,49,415
2749,0,0,69,1,1,22
2750,1,0,49.5,3,9,151
2751,0,0,84.5,2,4,51
2752,0,0,59,2,4,511
2753,1,0,168,2,4,384
2754,1,0,137.5,4,16,490
2755,1,0,247,9,81,165
2756,0,0,0,2,4,372
2757,1,203,955.8,25,625,9
2758,0,0,392,13,169,12
2759,1,54,157.5,5,25,20
2760,0,0,50,2,4,458
2761,0,0,12,1,1,375
2762,0,0,45.9,2,4,350
2763,0,0,131.95,5,25,8
2764,1,0,36,1,1,462
2765,0,79,106.5,3,9,511
2766,0,0,142.5,3,9,387
2767,1,0,519.3,13,169,26
2768,0,65,64.85,3,9,148
2769,1,0,58,2,4,328
2770,1,0,129.45,6,36,120
2771,0,0,85,2,4,367
2772,0,0,353.75,7,49,81
2773,1,93.85,127,5,25,15
2774,0,0,144.45,4,16,277
2775,1,0,153.35,8,64,60
2776,1,0,34.95,3,9,149
2777,1,0,358.5,12,144,378
2778,0,0,266.5,7,49,37
2779,0,0,69,1,1,461
2780,0,148,209,8,64,336
2781,1,0,747.5,11,121,97
2782,0,0,194,6,36,414
2783,1,0,244,3,9,341
2784,1,0,64,2,4,264
2785,1,0,272,7,49,565
2786,0,0,132.5,4,16,143
2787,1,0,588.95,10,100,16
2788,0,0,44,1,1,18
2789,0,0,154.5,7,49,124
2790,0,0,600.64,24,576,446
2791,0,0,59,1,1,464
2792,1,0,423,12,144,95
2793,0,0,129,1,1,385
2794,1,0,22.95,1,1,33
2795,1,0,213.64,9,81,662
2796,0,0,126.65,2,4,416
2797,1,0,29,1,1,301
2798,1,0,18,1,1,392
2799,1,0,181,3,9,30
2800,0,0,164,2,4,37
2801,0,0,184.9,4,16,720
2802,0,0,68,1,1,714
2803,0,0,175,5,25,23
2804,1,1083.65,308.95,8,64,333
2805,0,42.9,505,15,225,17
2806,1,0,94.5,4,16,71
2807,1,0,105,1,1,418
2808,1,0,163,4,16,97
2809,0,0,24,1,1,503
2810,0,22.5,199.95,6,36,447
2811,0,0,38,1,1,413
2812,0,0,78,1,1,340
2813,1,0,343,12,144,16
2814,1,0,19.95,1,1,183
2815,0,139,109,1,1,38
2816,0,0,243.6,11,121,19
2817,1,80.45,622.3,16,256,17
2818,0,0,149.45,5,25,335
2819,0,0,129.45,4,16,207
2820,0,0,640,16,256,57
2821,0,0,227.95,9,81,139
2822,0,0,44.95,1,1,36
2823,1,15,88,2,4,148
2824,0,0,179.45,5,25,507
2825,0,12.95,24,1,1,413
2826,0,0,126,4,16,619
2827,1,0,278,2,4,356
2828,1,19.95,160,2,4,63
2829,1,0,282.8,6,36,416
2830,1,86.75,156.9,5,25,467
2831,1,29,45,3,9,60
2832,0,0,19,1,1,394
2833,0,0,42,1,1,391
2834,0,0,48,1,1,397
2835,1,0,176,7,49,40
2836,1,0,469.8,15,225,5
2837,0,0,104,3,9,210
2838,1,0,817,3,9,505
2839,0,0,49.5,1,1,422
2840,0,0,250.95,6,36,5
2841,0,154,310,6,36,128
2842,1,0,250,7,49,27
2843,1,0,257,9,81,221
2844,1,29,135,3,9,265
2845,0,0,138.75,8,64,168
2846,0,183.45,316.25,4,16,25
2847,1,0,29,1,1,386
2848,0,0,34,1,1,281
2849,1,402,555,20,400,26
2850,0,0,0,1,1,352
2851,0,0,301,7,49,726
2852,1,0,172,5,25,142
2853,0,0,63.5,2,4,33
2854,0,0,64.5,1,1,169
2855,1,0,179,1,1,629
2856,0,0,950.05,25,625,99
2857,0,98.5,257.5,5,25,123
2858,0,0,91,3,9,382
2859,0,0,400.4,12,144,259
2860,0,29.5,356.95,8,64,3
2861,0,0,253.15,9,81,27
2862,0,0,40,1,1,409
2863,0,0,125,1,1,263
2864,0,0,208,4,16,167
2865,1,59,34,1,1,596
2866,1,0,303.2,9,81,147
2867,1,0,625,8,64,24
2868,0,0,205,3,9,142
2869,0,0,99,3,9,417
2870,0,133.85,182.5,3,9,25
2871,1,0,170,5,25,265
2872,1,0,224.5,8,64,46
2873,0,0,110,4,16,519
2874,1,0,318,6,36,464
2875,0,0,48,2,4,634
2876,1,0,658,19,361,130
2877,0,0,89,1,1,472
2878,0,0,99.9,2,4,605
2879,0,29,242.49,7,49,98
2880,0,0,118,2,4,366
2881,0,0,134,3,9,127
2882,0,0,85.5,2,4,24
2883,0,0,94.25,7,49,526
2884,1,0,133.95,4,16,25
2885,0,0,35,1,1,394
2886,0,0,80,2,4,426
2887,1,0,49.5,1,1,42
2888,0,0,207.5,4,16,22
2889,1,99,93,3,9,490
2890,0,0,58.5,2,4,380
2891,1,0,686.5,10,100,24
2892,0,0,35.95,2,4,42
2893,0,0,49.45,2,4,44
2894,1,136,629.5,18,324,13
2895,1,59,149,4,16,240
2896,1,34,92.5,3,9,13
2897,1,283.5,621.1,20,400,2
2898,0,0,638,15,225,103
2899,0,29,1063.3,38,1444,142
2900,1,0,485.05,16,256,173
2901,0,0,211,6,36,28
2902,1,0,82,2,4,23
2903,0,0,328,8,64,60
2904,1,0,59,2,4,340
2905,1,258,900.5,16,256,348
2906,0,0,10,1,1,382
2907,0,0,203,3,9,46
2908,0,0,108.5,2,4,24
2909,0,0,63.95,2,4,201
2910,1,0,469.4,15,225,44
2911,0,0,141,3,9,256
2912,0,0,29.95,1,1,32
2913,1,0,22,1,1,385
2914,0,0,192,7,49,32
2915,1,29,606.85,16,256,8
2916,0,0,89,1,1,419
2917,1,0,168,2,4,411
2918,0,0,94,3,9,665
2919,0,0,39,1,1,58
2920,0,0,6.25,1,1,60
2921,1,0,98,3,9,17
2922,0,0,55,1,1,425
2923,0,22,139.98,5,25,23
2924,0,0,168,2,4,378
2925,0,0,38,1,1,13
2926,0,0,386.95,10,100,14
2927,1,0,329,11,121,419
2928,0,0,59.5,1,1,419
2929,0,0,128.9,3,9,337
2930,0,0,24,1,1,252
2931,1,41.5,579.95,22,484,38
2932,1,0,495.95,9,81,33
2933,0,0,195,3,9,389
2934,1,0,56,1,1,49
2935,0,0,168,3,9,512
2936,0,0,41,2,4,18
2937,1,0,507.95,7,49,68
2938,1,0,327,5,25,26
2939,1,109.5,269,8,64,62
2940,1,0,227,3,9,226
2941,1,177,674.5,10,100,12
2942,0,0,98,2,4,658
2943,0,0,306.95,12,144,459
2944,0,0,96,4,16,20
2945,0,0,66,2,4,136
2946,0,0,50,2,4,379
2947,0,0,44,1,1,23
2948,0,0,407.8,8,64,102
2949,0,0,95,1,1,550
2950,1,0,44,2,4,402
2951,1,0,124,2,4,442
2952,0,0,45,3,9,10
2953,0,0,55.6,10,100,129
2954,0,19.95,74.95,4,16,28
2955,0,0,0,1,1,13
2956,1,0,113,2,4,67
2957,0,0,74.95,1,1,388
2958,1,69,199.85,7,49,479
2959,0,0,177,3,9,484
2960,1,0,19.95,1,1,723
2961,0,63.9,294.5,8,64,28
2962,1,0,103,2,4,294
2963,0,0,32,1,1,14
2964,1,0,106.8,5,25,187
2965,0,0,166,4,16,588
2966,1,0,346.5,8,64,2
2967,1,298.9,650,16,256,335
2968,1,144.5,360.5,7,49,98
2969,0,0,49.5,1,1,385
2970,0,138,199.5,4,16,21
2971,0,0,155,2,4,489
2972,1,0,1135.5,6,36,26
2973,0,0,159.5,7,49,270
2974,1,0,1352,31,961,14
2975,0,0,125,5,25,402
2976,1,0,75.5,4,16,106
2977,1,0,773.95,17,289,547
2978,0,0,95.5,3,9,140
2979,0,0,69,1,1,101
2980,0,0,118.95,2,4,342
2981,1,0,68,1,1,394
2982,0,0,39.95,1,1,533
2983,0,83.5,245,10,100,39
2984,1,0,189,1,1,138
2985,0,59,242.95,4,16,345
2986,1,0,288,2,4,73
2987,1,0,39.5,2,4,171
2988,1,0,550.95,19,361,114
2989,0,0,34.95,1,1,491
2990,1,74.83,159.5,4,16,72
2991,0,0,282.95,9,81,5
2992,0,0,67,2,4,391
2993,0,154.45,120.35,9,81,154
2994,0,0,470.5,12,144,11
2995,0,0,197,5,25,523
2996,0,0,266.8,7,49,130
2997,1,14.95,542.9,13,169,5
2998,1,0,163,3,9,377
2999,1,0,271,6,36,486
3000,0,0,140.75,6,36,10
3001,1,0,120,2,4,413
3002,0,0,89,1,1,390
3003,0,0,148.9,3,9,637
3004,0,0,229,1,1,639
3005,0,0,28,1,1,354
3006,1,0,220.5,6,36,54
3007,0,34.95,147.4,2,4,459
3008,0,0,316,4,16,17
3009,1,0,19.95,1,1,369
3010,0,0,704.85,8,64,282
3011,0,0,224,9,81,249
3012,1,0,497.25,22,484,4
3013,0,0,115,3,9,23
3014,1,0,59,1,1,441
3015,1,0,190,3,9,16
3016,1,0,39,2,4,374
3017,0,0,200,5,25,360
3018,0,0,120.85,4,16,23
3019,0,54.9,88,3,9,404
3020,1,0,161,6,36,463
3021,0,0,173,6,36,139
3022,1,0,139,1,1,658
3023,1,0,133,4,16,469
3024,1,0,218,4,16,482
3025,0,0,52,1,1,16
3026,0,0,82.5,3,9,26
3027,0,0,237,5,25,226
3028,1,0,78,2,4,21
3029,1,0,6.95,1,1,39
3030,0,0,146.7,7,49,204
3031,0,0,69.95,1,1,308
3032,1,38,213,6,36,237
3033,0,29.5,558.25,12,144,140
3034,1,0,258.5,9,81,56
3035,1,0,224.5,4,16,388
3036,0,0,212,6,36,26
3037,1,0,307,3,9,44
3038,0,69,56,1,1,462
3039,0,0,39.5,1,1,596
3040,0,0,270.5,8,64,38
3041,1,213.7,98,3,9,392
3042,1,0,161,6,36,219
3043,0,259.95,123,3,9,14
3044,1,36,39,1,1,326
3045,0,0,519.45,12,144,112
3046,0,86.5,0,1,1,9
3047,1,0,104,2,4,389
3048,1,57,940.45,33,1089,21
3049,0,0,48,1,1,29
3050,0,0,130,2,4,383
3051,1,0,1675.4,42,1764,29
3052,0,0,59,1,1,438
3053,1,0,419,8,64,447
3054,0,0,24,1,1,385
3055,1,0,159.95,1,1,583
3056,0,0,152,3,9,44
3057,1,0,206,6,36,100
3058,1,0,68,2,4,387
3059,1,0,113.65,6,36,312
3060,0,0,168.5,5,25,17
3061,0,24.95,136,3,9,45
3062,0,0,55,1,1,391
3063,0,0,39.5,1,1,43
3064,0,29,163,5,25,13
3065,1,44,34,1,1,376
3066,1,0,147.95,4,16,595
3067,0,0,150.95,9,81,47
3068,0,0,425,9,81,24
3069,0,0,29,1,1,390
3070,0,0,373,11,121,379
3071,0,0,610.35,17,289,25
3072,0,0,69,1,1,19
3073,0,0,115.9,3,9,618
3074,1,0,29.5,1,1,427
3075,0,0,62,2,4,23
3076,1,0,201.25,11,121,189
3077,1,0,1223.8,47,2209,7
3078,0,223.5,44,4,16,21
3079,0,0,69.45,4,16,494
3080,0,218,65,1,1,476
3081,0,0,55,2,4,24
3082,0,0,29.5,1,1,25
3083,1,0,145,5,25,225
3084,0,0,107,6,36,632
3085,0,0,446.1,22,484,101
3086,1,0,304.05,13,169,3
3087,0,0,151.85,4,16,123
3088,1,0,59,1,1,454
3089,1,0,146.85,6,36,94
3090,1,0,324.95,6,36,37
3091,1,0,223,4,16,24
3092,1,0,139,1,1,83
3093,1,0,124,2,4,99
3094,1,0,669,14,196,4
3095,0,0,69,1,1,22
3096,0,0,99,2,4,234
3097,0,0,154,3,9,106
3098,0,0,262,8,64,427
3099,0,0,346.5,11,121,152
3100,1,16,64.95,5,25,188
3101,1,0,302,9,81,376
3102,1,0,499.35,21,441,82
3103,1,0,113,3,9,573
3104,1,0,393.8,12,144,29
3105,0,0,19,1,1,27
3106,0,0,64.5,1,1,59
3107,0,0,49,1,1,241
3108,0,39.95,448.5,14,196,13
3109,1,0,37,1,1,401
3110,0,0,106,3,9,381
3111,0,0,32,1,1,444
3112,1,0,243,7,49,134
3113,1,0,181.8,9,81,181
3114,1,0,457.7,16,256,375
3115,0,78,99,2,4,24
3116,0,0,291.9,6,36,77
3117,0,0,39.9,2,4,551
3118,0,0,132.5,4,16,402
3119,0,0,115,3,9,31
3120,1,94,34,1,1,589
3121,0,0,29,1,1,438
3122,1,0,391.4,22,484,299
3123,0,0,42.9,2,4,4
3124,0,0,49,1,1,16
3125,0,0,98,2,4,21
3126,0,0,99,1,1,235
3127,1,0,24,1,1,707
3128,0,0,128,3,9,563
3129,0,0,18.95,1,1,424
3130,0,0,29,1,1,383
3131,0,0,212,3,9,146
3132,0,48.95,315.4,9,81,207
3133,1,0,449,1,1,155
3134,1,0,124.5,3,9,75
3135,1,0,153,5,25,43
3136,0,0,29,1,1,466
3137,0,0,23.5,1,1,11
3138,1,0,119.3,5,25,353
3139,0,0,45,3,9,62
3140,1,0,107.9,4,16,655
3141,0,24.5,303,14,196,159
3142,1,0,157,4,16,205
3143,1,0,56,1,1,29
3144,0,0,129,1,1,89
3145,0,113,87.5,3,9,28
3146,1,0,269.55,16,256,15
3147,0,0,98.5,2,4,443
3148,0,0,68.95,2,4,29
3149,1,19,216,9,81,40
3150,1,0,479.75,9,81,107
3151,0,0,208.95,5,25,59
3152,0,0,147,2,4,701
3153,1,0,99,1,1,93
3154,0,0,34.5,1,1,552
3155,1,95,1229.7,29,841,50
3156,0,0,64,1,1,16
3157,1,0,48,1,1,341
3158,0,208.45,170.25,7,49,11
3159,1,0,98,3,9,42
3160,0,0,143,4,16,379
3161,0,0,49,1,1,451
3162,0,0,34,1,1,468
3163,1,0,59,2,4,399
3164,0,0,39,2,4,58
3165,0,19,119,1,1,728
3166,1,0,209,4,16,638
3167,0,103.95,260,5,25,16
3168,1,0,133,5,25,24
3169,1,54,208,2,4,608
3170,0,0,49,2,4,31
3171,0,0,110,4,16,13
3172,0,29,367.45,9,81,31
3173,0,0,48,1,1,698
3174,0,0,76,2,4,23
3175,0,0,49.95,1,1,390
3176,0,0,145.65,7,49,105
3177,0,0,117,5,25,350
3178,1,0,88,2,4,309
3179,0,0,250,11,121,62
3180,1,0,298.61,15,225,78
3181,1,0,30,1,1,46
3182,1,0,257.8,11,121,139
3183,0,0,166.65,7,49,31
3184,1,0,186.9,5,25,356
3185,0,0,29.5,1,1,30
3186,0,0,199.9,10,100,149
3187,1,0,93,2,4,403
3188,1,19.95,113.95,3,9,323
3189,1,0,191.25,7,49,189
3190,0,0,1136,11,121,95
3191,0,0,199,1,1,425
3192,0,0,85,1,1,572
3193,1,0,180.45,3,9,140
3194,0,0,49,1,1,9
3195,0,0,44,1,1,14
3196,0,0,61.2,6,36,375
3197,0,0,317,8,64,365
3198,1,0,59.8,4,16,105
3199,0,0,497.95,24,576,27
3200,0,0,25,1,1,467
3201,1,0,188,2,4,491
3202,0,0,0,1,1,379
3203,1,0,312.4,7,49,16
3204,0,0,44,1,1,20
3205,0,0,307,7,49,25
3206,1,0,179,1,1,391
3207,0,0,56,1,1,133
3208,1,0,178.9,3,9,31
3209,0,0,42.5,2,4,26
3210,1,0,440,8,64,10
3211,0,0,105,3,9,19
3212,0,0,303.5,11,121,46
3213,1,0,202,3,9,4
3214,0,0,107,3,9,105
3215,0,0,87.5,3,9,31
3216,0,0,393.15,8,64,53
3217,0,0,64,2,4,42
3218,0,0,93,3,9,26
3219,0,0,182,4,16,158
3220,1,0,185,5,25,18
3221,0,57,86.2,3,9,135
3222,0,0,473.8,18,324,14
3223,1,0,578.45,15,225,57
3224,0,0,79,2,4,161
3225,0,0,90,1,1,20
3226,1,0,44,1,1,60
3227,1,78,41.9,2,4,221
3228,0,0,29,1,1,13
3229,0,0,24.95,1,1,207
3230,0,0,55,2,4,19
3231,0,0,20,2,4,478
3232,1,0,205,3,9,26
3233,0,0,143,4,16,589
3234,1,0,11.95,1,1,244
3235,0,0,49.5,1,1,21
3236,1,0,227,3,9,166
3237,1,0,49,1,1,527
3238,1,0,99,2,4,381
3239,0,0,145,8,64,27
3240,1,0,178.15,8,64,385
3241,1,0,151.95,5,25,19
3242,1,433,571.95,14,196,14
3243,0,0,151,3,9,245
3244,1,0,14.95,2,4,543
3245,0,0,70,2,4,124
3246,1,0,97.5,3,9,16
3247,0,0,207,3,9,29
3248,0,0,32,1,1,26
3249,0,0,49.95,2,4,439
3250,1,0,628.95,18,324,43
3251,1,49,44,1,1,634
3252,0,0,138,1,1,423
3253,0,0,69,1,1,87
3254,1,0,197.45,5,25,27
3255,1,0,59,1,1,406
3256,0,0,69,1,1,394
3257,1,0,131.9,4,16,418
3258,1,207,376.5,13,169,20
3259,1,0,67.5,4,16,152
3260,1,0,30,2,4,83
3261,0,0,98.5,3,9,262
3262,1,0,39.95,1,1,534
3263,0,0,69,1,1,20
3264,0,0,747,10,100,428
3265,0,0,394.5,8,64,244
3266,1,0,79,1,1,645
3267,1,0,39.9,2,4,578
3268,1,0,56.9,2,4,595
3269,0,0,92,4,16,383
3270,0,0,93,2,4,65
3271,1,0,113.95,2,4,2
3272,0,0,67.9,3,9,11
3273,0,31.5,89,1,1,384
3274,0,0,81,4,16,22
3275,0,0,39,1,1,86
3276,0,15,65.5,3,9,25
3277,0,0,39.5,2,4,490
3278,0,0,77.5,2,4,99
3279,1,44,36,1,1,382
3280,1,0,18,1,1,140
3281,0,0,207.3,6,36,18
3282,0,0,38,1,1,23
3283,1,19,675.55,22,484,48
3284,0,0,86.5,2,4,58
3285,1,0,198,2,4,52
3286,1,77.45,337.9,11,121,16
3287,0,0,171.9,8,64,26
3288,0,0,98,3,9,655
3289,0,0,72.4,6,36,9
3290,0,270.9,104,4,16,389
3291,1,0,249.9,6,36,557
3292,0,0,453.95,15,225,324
3293,0,0,1174.95,18,324,446
3294,0,0,133,4,16,29
3295,1,535,1843.4,44,1936,15
3296,0,0,211,3,9,510
3297,0,122.5,458,14,196,22
3298,1,0,98,1,1,262
3299,1,0,168,4,16,331
3300,0,0,127,5,25,392
3301,0,0,123,2,4,590
3302,0,0,59,1,1,322
3303,1,0,394,6,36,149
3304,0,0,590,19,361,80
3305,0,0,193.5,5,25,21
3306,0,19.5,470.15,15,225,145
3307,1,34.5,383,16,256,25
3308,1,0,58,2,4,29
3309,1,0,404.5,10,100,429
3310,0,0,98,2,4,43
3311,1,0,183,6,36,391
3312,1,0,125,1,1,29
3313,0,0,39.5,2,4,147
3314,1,0,114,3,9,411
3315,0,0,158,4,16,41
3316,1,0,185,8,64,402
3317,0,29,208.95,6,36,321
3318,1,0,97.8,6,36,111
3319,1,0,476,7,49,623
3320,0,0,72,3,9,23
3321,0,0,143,3,9,420
3322,1,0,456.5,22,484,28
3323,0,0,68,2,4,673
3324,0,0,129,1,1,413
3325,1,0,178,6,36,28
3326,0,0,80.5,2,4,393
3327,0,0,88.5,3,9,21
3328,1,0,193,2,4,108
3329,0,0,29,1,1,405
3330,0,0,127.5,5,25,47
3331,1,0,187.9,6,36,22
3332,0,0,108,2,4,53
3333,0,0,45,1,1,44
3334,0,0,79,1,1,385
3335,1,0,158,2,4,61
3336,0,0,741.4,12,144,10
3337,1,0,379.5,13,169,18
3338,0,0,62,2,4,26
3339,1,0,45,1,1,484
3340,0,0,26.95,1,1,137
3341,1,0,116,4,16,232
3342,0,0,225.5,5,25,29
3343,0,0,0,1,1,434
3344,1,835,145,3,9,392
3345,0,80,53.5,2,4,30
3346,0,0,44,1,1,22
3347,0,0,69,1,1,16
3348,1,0,34,1,1,383
3349,0,0,63,2,4,448
3350,1,0,482.85,8,64,14
3351,1,0,184.5,5,25,450
3352,0,0,28.5,3,9,22
3353,1,108,280.5,4,16,355
3354,0,0,434,12,144,78
3355,0,0,24,1,1,267
3356,1,0,323,6,36,43
3357,1,0,1410.6,46,2116,69
3358,1,0,391,7,49,14
3359,0,0,109,1,1,118
3360,1,0,96.9,4,16,388
3361,0,0,58,3,9,177
3362,1,0,101.5,6,36,312
3363,1,0,39.9,2,4,703
3364,1,117,569.35,22,484,151
3365,1,0,29.95,1,1,365
3366,1,0,259,6,36,21
3367,1,0,671.15,22,484,1
3368,1,0,493.95,12,144,61
3369,0,0,165,6,36,27
3370,0,0,109,1,1,442
3371,0,0,77,2,4,231
3372,0,0,346.5,10,100,258
3373,0,0,1053.8,19,361,13
3374,0,46,601,18,324,22
3375,0,0,283.5,16,256,90
3376,1,0,352.85,11,121,12
3377,0,0,138,2,4,19
3378,0,0,78,2,4,56
3379,0,0,5,1,1,300
3380,0,0,110.25,4,16,151
3381,0,0,241.9,6,36,37
3382,0,0,79,4,16,516
3383,0,0,603.5,17,289,43
3384,0,0,262,8,64,383
3385,0,0,84,2,4,129
3386,1,0,593,13,169,7
3387,0,0,293.4,11,121,106
3388,0,0,59,1,1,22
3389,0,0,74.9,2,4,592
3390,1,0,1531.2,43,1849,166
3391,1,155.5,157.95,3,9,52
3392,0,0,47,2,4,73
3393,0,0,36.9,2,4,473
3394,0,0,49.95,1,1,533
3395,1,0,478,7,49,37
3396,0,59,299,6,36,5
3397,1,0,489.4,20,400,26
3398,1,0,609.4,17,289,76
3399,0,0,123.9,3,9,74
3400,0,0,207,5,25,609
3401,1,209,467.75,22,484,16
3402,0,0,107.9,3,9,23
3403,0,0,235.5,9,81,86
3404,1,0,181,3,9,52
3405,1,94,506,9,81,22
3406,1,44,157.5,4,16,30
3407,0,0,29,1,1,29
3408,0,0,264,9,81,203
3409,0,38,290,10,100,149
3410,0,0,190,4,16,30
3411,1,0,557,8,64,43
3412,0,0,151,4,16,474
3413,0,0,70,2,4,695
3414,1,49.5,136.5,4,16,375
3415,0,88.95,433.9,19,361,12
3416,1,0,351,8,64,24
3417,1,0,97,3,9,387
3418,0,0,37.5,3,9,550
3419,0,0,122.5,3,9,37
3420,0,0,345,11,121,125
3421,1,0,142,3,9,382
3422,0,0,58.5,2,4,13
3423,1,0,259.95,5,25,184
3424,0,59,144,3,9,22
3425,1,115.9,1209.1,39,1521,5
3426,1,0,342.5,10,100,14
3427,1,0,657.35,34,1156,77
3428,0,0,32.95,2,4,5
3429,0,0,10,1,1,399
3430,0,0,1119.8,33,1089,25
3431,0,0,9.95,1,1,587
3432,1,0,130.95,4,16,393
3433,1,89,1794.75,46,2116,16
3434,0,0,179,4,16,41
3435,0,0,266.5,9,81,150
3436,0,0,202,4,16,28
3437,1,0,550,9,81,11
3438,0,0,253.5,6,36,121
3439,0,22,107.95,4,16,186
3440,0,0,283.35,10,100,5
3441,0,0,122,4,16,4
3442,0,0,237,9,81,134
3443,0,0,100.5,5,25,323
3444,1,0,132.4,4,16,187
3445,1,0,442.75,12,144,242
3446,1,109,320,10,100,8
3447,1,0,213,5,25,109
3448,0,0,150,2,4,627
3449,1,0,101,3,9,80
3450,0,0,191.5,6,36,151
3451,0,0,152.4,5,25,219
3452,0,0,185.95,4,16,16
3453,0,0,191.9,6,36,33
3454,0,0,323,5,25,483
3455,1,0,132.3,5,25,170
3456,1,0,419.5,8,64,25
3457,0,0,67.5,2,4,459
3458,0,0,234.5,8,64,128
3459,0,0,59,2,4,287
3460,0,0,781.5,10,100,68
3461,1,0,1818.2,44,1936,11
3462,0,0,49.5,5,25,668
3463,1,96.5,192,6,36,95
3464,0,0,88.5,3,9,23
3465,0,0,49.5,1,1,400
3466,0,0,687.45,14,196,143
3467,0,0,85.9,3,9,179
3468,0,0,79.95,1,1,572
3469,0,0,8.99,1,1,224
3470,0,0,159,1,1,391
3471,0,0,35,1,1,395
3472,0,0,59,1,1,249
3473,1,0,96.5,3,9,136
3474,0,0,101,4,16,107
3475,1,0,64,1,1,136
3476,1,0,315,10,100,15
3477,0,0,79,1,1,304
3478,0,0,159.9,5,25,539
3479,1,0,415.7,12,144,139
3480,0,15.9,471,4,16,62
3481,0,0,44,2,4,563
3482,1,0,128.95,2,4,658
3483,0,0,27.3,2,4,105
3484,1,0,370,6,36,28
3485,0,36,805.6,28,784,24
3486,1,0,319,6,36,270
3487,1,86.5,894,24,576,23
3488,0,134.85,334.45,11,121,20
3489,0,0,75,1,1,441
3490,1,109.9,174.55,11,121,157
3491,0,0,169,4,16,667
3492,1,0,283.5,8,64,38
3493,0,0,161,6,36,669
3494,0,0,131,2,4,64
3495,1,0,141,4,16,219
3496,0,0,647.5,10,100,33
3497,0,0,460,9,81,85
3498,0,0,101,4,16,26
3499,0,36,226.5,8,64,274
3500,0,29.95,372,4,16,13
3501,0,0,293,6,36,442
3502,1,124.95,83,2,4,293
3503,0,0,97,2,4,245
3504,1,0,77,4,16,616
3505,1,0,161,4,16,78
3506,0,432,265.75,10,100,19
3507,0,0,113,2,4,21
3508,0,0,39.5,1,1,265
3509,1,0,103.5,2,4,408
3510,0,29,29,1,1,462
3511,0,0,91,3,9,561
3512,0,0,36,1,1,660
3513,1,0,1271.15,29,841,12
3514,0,0,106.5,3,9,21
3515,0,0,365,7,49,17
3516,0,0,99,1,1,403
3517,1,0,703,12,144,23
3518,1,15.9,221.8,9,81,79
3519,0,0,39.5,2,4,488
3520,0,0,39.9,2,4,170
3521,1,0,180,3,9,17
3522,1,0,39,1,1,402
3523,0,0,24,1,1,29
3524,1,0,262.9,7,49,3
3525,0,0,277.5,3,9,100
3526,1,0,667.75,11,121,409
3527,1,0,31,2,4,378
3528,0,0,109.45,3,9,108
3529,1,0,5.75,1,1,193
3530,1,0,198,2,4,49
3531,0,0,324.75,10,100,74
3532,1,0,109,4,16,306
3533,0,0,46,2,4,606
3534,0,114.8,367.9,14,196,5
3535,0,0,44,1,1,51
3536,1,0,276,3,9,15
3537,0,0,273,7,49,609
3538,1,0,160,4,16,23
3539,0,0,24,1,1,16
3540,0,0,99,2,4,402
3541,0,0,108,4,16,270
3542,1,0,323.1,7,49,1
3543,0,0,184.5,6,36,462
3544,1,97,212.25,8,64,17
3545,1,0,409,4,16,53
3546,0,51,107.5,4,16,404
3547,0,0,113,3,9,386
3548,0,0,112.65,7,49,208
3549,0,76,328.5,10,100,59
3550,1,0,88,2,4,388
3551,0,0,19,1,1,503
3552,0,0,39.5,2,4,133
3553,0,0,34,1,1,324
3554,0,0,223,3,9,370
3555,1,0,970.4,22,484,29
3556,0,0,108.5,2,4,27
3557,0,0,68,3,9,39
3558,1,0,35,1,1,391
3559,0,0,228,8,64,26
3560,0,0,89.95,1,1,507
3561,1,0,39.5,2,4,144
3562,1,49.5,68,3,9,54
3563,0,0,115,2,4,17
3564,0,0,30,1,1,391
3565,0,0,39.5,2,4,522
3566,0,0,676.75,22,484,81
3567,1,0,289.7,6,36,615
3568,0,0,41.48,3,9,15
3569,0,0,34.95,1,1,704
3570,0,75,108,3,9,549
3571,0,0,44,1,1,409
3572,0,0,56.9,2,4,475
3573,1,0,0,1,1,278
3574,0,0,173,2,4,437
3575,1,0,255,7,49,15
3576,1,0,149.95,2,4,338
3577,1,0,492,14,196,26
3578,0,0,255.35,8,64,14
3579,0,0,456,10,100,19
3580,0,0,39.5,1,1,383
3581,1,0,50,2,4,428
3582,0,107.5,183,5,25,387
3583,0,0,267.45,8,64,161
3584,0,0,45,2,4,114
3585,0,0,74,1,1,709
3586,0,0,47,2,4,22
3587,1,0,329.8,7,49,22
3588,0,0,122.5,3,9,19
3589,1,0,246,9,81,61
3590,0,0,118,2,4,386
3591,1,0,193,4,16,90
3592,1,0,279,6,36,93
3593,1,0,118,2,4,92
3594,0,0,125,6,36,22
3595,0,0,219,2,4,43
3596,0,0,29.5,1,1,26
3597,0,121.5,286,11,121,261
3598,0,0,534,15,225,9
3599,1,0,0,2,4,380
3600,0,78.5,138.5,4,16,29
3601,0,0,137,4,16,28
3602,1,123,221.5,5,25,47
3603,0,0,39.5,2,4,392
3604,1,0,138,2,4,146
3605,0,0,94,2,4,234
3606,1,103,1036,27,729,89
3607,0,0,180.55,10,100,23
3608,1,0,39.9,2,4,491
3609,0,0,158,2,4,22
3610,1,0,306,8,64,28
3611,0,0,79,4,16,138
3612,0,0,39,1,1,380
3613,1,0,349.7,15,225,53
3614,0,0,446,7,49,139
3615,0,0,109,1,1,36
3616,0,0,74.5,3,9,516
3617,0,0,59,2,4,30
3618,1,0,98.95,2,4,359
3619,0,0,116.5,5,25,75
3620,1,24,29.95,1,1,174
3621,1,0,260.95,4,16,309
3622,0,0,40,2,4,97
3623,0,0,101.85,3,9,189
3624,0,0,95.5,3,9,496
3625,1,0,78.5,2,4,31
3626,1,0,78,2,4,48
3627,0,0,83,2,4,403
3628,0,0,74,3,9,580
3629,0,0,69,1,1,507
3630,0,0,148.5,3,9,414
3631,0,0,69,1,1,14
3632,1,0,149,3,9,56
3633,0,0,68.5,3,9,497
3634,0,0,127,2,4,381
3635,0,0,93.9,4,16,11
3636,0,0,409.5,15,225,310
3637,0,0,29.95,1,1,696
3638,0,0,30,2,4,101
3639,0,0,18,1,1,145
3640,0,0,99,1,1,384
3641,1,0,143,3,9,437
3642,1,0,211.35,14,196,224
3643,1,0,120,4,16,22
3644,1,0,95.95,3,9,105
3645,1,0,532.85,8,64,361
3646,1,0,56,1,1,119
3647,1,0,630.5,20,400,215
3648,0,0,118,2,4,143
3649,1,0,614,6,36,705
3650,0,0,39.5,2,4,495
3651,1,0,118,5,25,27
3652,0,0,59,2,4,237
3653,1,0,112,2,4,728
3654,0,0,241.65,7,49,457
3655,1,107.25,81,2,4,392
3656,0,0,49,1,1,107
3657,0,0,99,1,1,696
3658,0,0,98.5,3,9,21
3659,0,0,49,1,1,391
3660,0,0,44,1,1,479
3661,0,0,24,1,1,557
3662,0,0,288,3,9,323
3663,1,0,256.4,6,36,137
3664,0,0,99,1,1,511
3665,0,0,79,1,1,22
3666,0,0,317.6,10,100,547
3667,0,0,304.9,8,64,8
3668,1,0,96.35,6,36,57
3669,1,0,250,4,16,50
3670,0,0,69,1,1,23
3671,1,0,115.4,4,16,29
3672,0,0,158,9,81,382
3673,0,0,39.95,1,1,164
3674,0,0,125,2,4,23
3675,1,0,541.3,20,400,27
3676,0,0,499,14,196,16
3677,0,52.45,24.95,1,1,729
3678,1,29.5,29.5,1,1,394
3679,1,0,128.4,4,16,212
3680,0,0,153,8,64,522
3681,1,53.95,769.95,28,784,17
3682,1,0,295,2,4,293
3683,1,9.95,142,3,9,36
3684,0,0,116,4,16,44
3685,1,0,236,4,16,409
3686,0,0,403,20,400,29
3687,1,0,35,1,1,141
3688,0,0,260.9,7,49,80
3689,1,0,109.4,6,36,685
3690,0,0,140,4,16,30
3691,1,0,64,1,1,192
3692,1,0,259.5,7,49,15
3693,1,0,440,10,100,247
3694,1,0,50,2,4,51
3695,0,0,63,2,4,28
3696,0,0,69,1,1,301
3697,1,0,211.5,5,25,27
3698,0,0,88,1,1,66
3699,0,0,58.5,2,4,20
3700,1,0,68,1,1,645
3701,1,0,363.25,7,49,324
3702,1,0,69.9,2,4,704
3703,0,0,0,1,1,13
3704,0,0,9,1,1,729
3705,0,0,74.85,3,9,4
3706,0,0,0,1,1,141
3707,0,0,142,5,25,57
3708,1,0,280.5,5,25,152
3709,1,0,24,1,1,231
3710,0,0,66,2,4,447
3711,0,0,39.5,2,4,406
3712,1,119.45,570,20,400,41
3713,1,0,258,2,4,9
3714,0,88,279,5,25,9
3715,1,0,383,12,144,383
3716,0,0,25,2,4,227
3717,1,0,66,2,4,378
3718,0,0,39.5,2,4,151
3719,0,0,430,7,49,421
3720,0,0,69,1,1,407
3721,0,55,44.5,3,9,514
3722,0,0,76,2,4,22
3723,1,0,78,2,4,658
3724,0,0,39,1,1,406
3725,0,92,139,4,16,137
3726,0,0,39,1,1,385
3727,0,49,69.95,1,1,549
3728,0,0,496.4,13,169,67
3729,0,342.5,97,3,9,25
3730,1,0,112.95,3,9,371
3731,0,0,192,6,36,137
3732,1,0,143.9,4,16,29
3733,1,39.5,246,7,49,36
3734,1,59,101.95,2,4,529
3735,0,0,44,1,1,471
3736,0,0,44,1,1,2
3737,0,0,125,5,25,25
3738,0,0,19.95,1,1,144
3739,0,0,293.5,7,49,27
3740,0,0,125,1,1,435
3741,0,0,235.39,15,225,538
3742,0,0,68,2,4,177
3743,1,0,591.5,21,441,21
3744,0,0,58,2,4,438
3745,0,0,96,3,9,21
3746,0,0,179,3,9,18
3747,1,0,257,6,36,37
3748,0,0,99.85,3,9,33
3749,0,0,119.5,7,49,19
3750,0,0,104.45,4,16,539
3751,0,0,90,1,1,402
3752,0,0,89,1,1,43
3753,1,0,152,3,9,377
3754,0,0,39,1,1,15
3755,0,0,116,3,9,13
3756,0,0,39,1,1,76
3757,0,39,324,7,49,440
3758,1,39,127,3,9,522
3759,0,0,97.95,4,16,553
3760,1,0,766,18,324,107
3761,0,0,118,3,9,650
3762,1,0,89,1,1,35
3763,0,0,271,6,36,482
3764,1,0,258,6,36,63
3765,0,0,98,3,9,422
3766,0,0,318.45,10,100,48
3767,0,0,29,1,1,380
3768,0,0,39,1,1,9
3769,1,0,59,2,4,72
3770,0,0,128,1,1,97
3771,1,0,157.95,5,25,62
3772,0,0,896.9,28,784,127
3773,0,0,39,1,1,389
3774,1,0,155,2,4,21
3775,1,0,24,1,1,365
3776,1,0,79.8,4,16,482
3777,0,0,599.45,12,144,367
3778,0,0,138,1,1,387
3779,0,0,29.5,1,1,86
3780,0,0,80,1,1,30
3781,0,0,156.8,6,36,479
3782,1,0,39.95,1,1,721
3783,1,0,105.7,7,49,154
3784,0,0,186,7,49,389
3785,1,73,475.4,16,256,30
3786,0,0,19,1,1,534
3787,1,0,73,2,4,53
3788,1,0,192.5,3,9,23
3789,1,0,84,2,4,417
3790,1,0,278.35,7,49,67
3791,1,0,78,2,4,485
3792,1,0,402.9,10,100,147
3793,0,10,25.9,2,4,703
3794,1,0,299,6,36,604
3795,1,0,29.5,1,1,17
3796,1,0,146.95,3,9,22
3797,0,0,70.7,3,9,4
3798,0,0,29.5,1,1,53
3799,0,278,280.5,6,36,32
3800,0,0,75,1,1,497
3801,0,0,64.95,1,1,312
3802,0,0,1006,16,256,13
3803,1,78,48,3,9,159
3804,1,118,471.95,16,256,77
3805,0,74,189,3,9,461
3806,0,0,59,1,1,388
3807,1,0,39.5,2,4,134
3808,0,0,36,1,1,276
3809,1,0,276,9,81,21
3810,0,0,112,2,4,498
3811,0,0,30.9,2,4,727
3812,1,0,354,11,121,144
3813,0,0,78,2,4,588
3814,0,0,62,2,4,436
3815,0,0,181.5,5,25,493
3816,0,0,39.5,1,1,28
3817,0,0,108,3,9,692
3818,0,0,188,4,16,14
3819,0,0,87,3,9,54
3820,0,0,101,2,4,21
3821,0,0,104,3,9,167
3822,1,0,64,1,1,442
3823,0,0,18,1,1,625
3824,0,0,0,1,1,11
3825,1,0,87,3,9,370
3826,1,0,98,2,4,485
3827,1,0,44.95,1,1,587
3828,1,170,847.5,15,225,16
3829,1,78.5,662,16,256,7
3830,1,0,436,9,81,20
3831,1,0,77,2,4,82
3832,0,0,127,3,9,393
3833,0,0,81.95,2,4,313
3834,0,52,204.9,8,64,486
3835,0,0,73,2,4,480
3836,0,0,12.95,1,1,57
3837,1,0,122.5,3,9,46
3838,1,0,69.9,3,9,359
3839,0,0,237,3,9,389
3840,1,0,526.55,18,324,78
3841,1,0,19,1,1,426
3842,0,69,863.3,15,225,150
3843,0,0,29,1,1,42
3844,1,0,497,6,36,28
3845,0,0,398.5,14,196,19
3846,1,0,99,6,36,128
3847,1,0,59.95,1,1,636
3848,1,0,49.5,3,9,158
3849,0,0,141.65,7,49,226
3850,0,0,24.49,3,9,598
3851,1,0,82,4,16,37
3852,1,0,240,6,36,419
3853,1,0,422.9,11,121,38
3854,0,0,84,2,4,44
3855,0,0,59,3,9,26
3856,0,0,74,1,1,16
3857,1,0,34.95,1,1,483
3858,0,0,46.85,3,9,589
3859,0,0,55,2,4,393
3860,1,0,76,2,4,448
3861,1,0,27.9,2,4,364
3862,0,153.85,1417.05,46,2116,40
3863,0,0,252,5,25,279
3864,1,0,145,6,36,70
3865,0,0,44,1,1,57
3866,0,0,109,3,9,486
3867,0,0,343.5,10,100,79
3868,0,0,115.5,4,16,391
3869,0,0,116.5,6,36,240
3870,1,0,226,5,25,77
3871,0,33.9,32,1,1,435
3872,1,22,43,2,4,392
3873,0,308,254.95,7,49,173
3874,1,0,432.5,19,361,10
3875,1,0,49.5,1,1,469
3876,0,0,89.95,3,9,383
3877,1,0,88,2,4,376
3878,0,0,178.5,2,4,21
3879,1,0,165.5,4,16,24
3880,0,0,49,1,1,349
3881,0,0,35,1,1,143
3882,0,0,111,4,16,18
3883,0,0,123,3,9,25
3884,0,0,249.5,4,16,18
3885,0,0,66,2,4,487
3886,1,0,316,12,144,34
3887,1,0,29.5,2,4,15
3888,1,0,95,4,16,143
3889,0,0,336.5,4,16,25
3890,0,0,89,1,1,485
3891,0,0,49.5,1,1,31
3892,0,0,457,12,144,27
3893,1,585.5,821,4,16,29
3894,1,0,49.5,3,9,168
3895,1,0,198,5,25,154
3896,0,0,79,3,9,522
3897,0,0,164.75,7,49,620
3898,0,0,34,2,4,416
3899,1,0,34,1,1,382
3900,1,103,99,3,9,64
3901,0,0,15,1,1,28
3902,0,0,643,18,324,45
3903,0,0,306,4,16,49
3904,0,0,29.5,1,1,21
3905,0,0,39.5,2,4,150
3906,1,0,122,4,16,277
3907,0,0,51,3,9,386
3908,1,0,639,9,81,21
3909,0,0,168.85,6,36,503
3910,1,0,246.5,6,36,69
3911,0,0,93,2,4,386
3912,0,0,379.5,9,81,22
3913,0,88,297.95,5,25,619
3914,0,0,56,1,1,457
3915,0,0,76,2,4,27
3916,0,0,162.5,5,25,24
3917,0,0,108.5,3,9,25
3918,0,0,24,1,1,395
3919,1,44.5,288.5,8,64,383
3920,0,0,21.45,2,4,10
3921,0,0,158,5,25,43
3922,0,0,155,5,25,483
3923,1,0,234,7,49,18
3924,0,0,32,1,1,70
3925,0,41.45,233.5,7,49,22
3926,0,0,94.5,3,9,70
3927,1,0,172,8,64,17
3928,1,0,739.35,17,289,28
3929,1,56,94,2,4,84
3930,1,0,97.95,3,9,639
3931,1,17.9,239.2,13,169,258
3932,0,0,65,2,4,380
3933,1,29.5,216.45,4,16,158
3934,1,0,45,1,1,58
3935,1,0,207.5,5,25,385
3936,0,0,190,4,16,384
3937,0,0,105,4,16,30
3938,0,0,68,2,4,55
3939,0,0,14.95,2,4,499
3940,0,0,49,1,1,405
3941,1,51.5,88.45,5,25,99
3942,0,0,92.8,4,16,140
3943,1,0,347.95,3,9,444
3944,0,10,74,1,1,722
3945,0,39,49.5,3,9,165
3946,0,0,79,1,1,413
3947,1,69,463,14,196,29
3948,0,0,71,1,1,378
3949,0,0,78.5,2,4,402
3950,0,0,179,6,36,204
3951,1,0,347.5,11,121,363
3952,0,0,182.5,8,64,389
3953,1,0,307.5,8,64,50
3954,0,0,90,3,9,604
3955,0,0,58.5,2,4,72
3956,0,0,130.5,3,9,28
3957,1,149.25,194,5,25,123
3958,0,0,40,1,1,403
3959,0,0,19,1,1,162
3960,1,0,434.8,9,81,47
3961,0,0,54,3,9,17
3962,1,29.9,68,1,1,701
3963,0,0,188,4,16,30
3964,0,0,19.95,1,1,222
3965,0,91,204.35,8,64,76
3966,0,0,147.95,3,9,29
3967,0,0,104,4,16,337
3968,0,0,16.95,1,1,77
3969,0,0,15,1,1,67
3970,1,0,205.45,6,36,255
3971,0,108,49,1,1,639
3972,0,0,100,6,36,145
3973,0,0,157.9,4,16,723
3974,1,0,407.35,11,121,39
3975,1,0,249,5,25,339
3976,1,98.95,59,1,1,253
3977,1,0,68,2,4,97
3978,0,0,144,3,9,392
3979,0,0,69,1,1,60
3980,0,0,44,1,1,417
3981,1,0,61,2,4,393
3982,1,0,293,5,25,50
3983,0,0,60.45,2,4,204
3984,0,0,25,1,1,40
3985,1,0,1174.8,18,324,94
3986,0,0,87.95,4,16,241
3987,0,104,89,1,1,24
3988,1,0,648,7,49,21
3989,0,0,88.95,4,16,504
3990,1,0,39,1,1,598
3991,0,56,58.5,3,9,495
3992,1,0,63,2,4,334
3993,1,0,197.65,8,64,365
3994,0,24,386.5,10,100,31
3995,0,0,40,2,4,352
3996,1,0,44.85,3,9,553
3997,0,0,401,12,144,19
3998,0,0,151,2,4,17
3999,1,0,132,3,9,23
4000,0,0,573.9,19,361,17
4001,0,0,39.95,1,1,443
4002,1,0,44,2,4,196
4003,0,0,174.85,6,36,11
4004,0,212.5,139,3,9,18
4005,0,0,49,1,1,397
4006,0,0,68,2,4,380
4007,1,0,69,1,1,10
4008,0,0,174,2,4,726
4009,1,0,129,5,25,53
4010,1,0,52,1,1,337
4011,1,0,440.9,8,64,52
4012,1,0,190.5,6,36,18
4013,1,0,83,2,4,17
4014,0,0,165.7,7,49,489
4015,0,0,267,2,4,11
4016,1,0,381,8,64,17
4017,0,104.95,247.95,3,9,2
4018,0,0,39.5,2,4,494
4019,1,0,127,4,16,49
4020,0,49,238.5,5,25,6
4021,1,0,39,1,1,101
4022,1,0,238,3,9,323
4023,1,0,49,1,1,114
4024,0,0,39.5,2,4,511
4025,0,0,44,1,1,383
4026,0,25,39.5,2,4,173
4027,1,0,263,4,16,11
4028,1,0,228,4,16,22
4029,1,0,76,2,4,484
4030,0,0,75,1,1,307
4031,1,0,24,1,1,425
4032,0,0,187,3,9,527
4033,0,0,129,1,1,4
4034,1,0,206.85,11,121,13
4035,1,0,244.45,9,81,66
4036,1,0,750.5,23,529,18
4037,1,0,58,2,4,383
4038,0,0,59,2,4,500
4039,1,0,420.9,12,144,72
4040,1,0,165,5,25,66
4041,1,0,803.65,24,576,29
4042,1,0,40,1,1,75
4043,0,0,275,1,1,484
4044,1,0,557,2,4,574
4045,1,0,73,2,4,51
4046,1,0,265.5,8,64,39
4047,0,0,120.95,2,4,496
4048,0,0,801.4,18,324,85
4049,0,0,53.95,2,4,388
4050,0,0,60,1,1,524
4051,1,698,583,14,196,5
4052,1,0,271.5,7,49,85
4053,1,0,117,4,16,298
4054,0,0,183.95,2,4,75
4055,1,0,49.5,1,1,404
4056,1,0,167,5,25,402
4057,1,0,321.85,9,81,235
4058,0,0,118.5,6,36,538
4059,1,0,188,3,9,22
4060,0,0,249,3,9,52
4061,0,0,54,2,4,378
4062,0,0,149,1,1,469
4063,0,0,169.5,5,25,15
4064,0,0,39,1,1,97
4065,0,0,9.95,1,1,594
4066,1,0,45,3,9,128
4067,0,0,157,7,49,404
4068,0,0,19,1,1,60
4069,1,0,1207.65,31,961,67
4070,1,0,149.8,4,16,715
4071,0,0,218,6,36,382
4072,0,0,116.5,5,25,514
4073,0,0,328,2,4,419
4074,1,64,483.3,12,144,47
4075,1,0,105,4,16,646
4076,1,0,244,8,64,16
4077,1,119,802.95,22,484,110
4078,1,0,589.95,17,289,25
4079,0,0,0,1,1,312
4080,0,0,49.5,3,9,514
4081,1,0,88.5,2,4,75
4082,1,0,566.85,18,324,72
4083,1,0,722.3,27,729,215
4084,0,0,64.9,2,4,462
4085,0,59.5,283.85,7,49,278
4086,0,0,122,3,9,57
4087,0,0,29.5,1,1,13
4088,1,0,44,1,1,492
4089,1,0,279.15,11,121,116
4090,0,0,252,13,169,84
4091,0,60,395.5,20,400,10
4092,0,0,29,1,1,2
4093,0,0,276.2,12,144,23
4094,1,0,390.95,12,144,40
4095,0,181.35,531.9,14,196,11
4096,1,0,69,1,1,57
4097,1,0,29.5,1,1,391
4098,1,0,159.5,5,25,340
4099,0,0,103,2,4,606
4100,0,0,297.5,6,36,396
4101,0,0,29.85,3,9,607
4102,1,0,59,1,1,726
4103,1,0,258,7,49,33
4104,1,157,661.9,13,169,3
4105,1,0,378.95,8,64,17
4106,1,0,68,2,4,28
4107,0,0,178.5,4,16,186
4108,0,0,0,2,4,32
4109,0,0,207.5,11,121,30
4110,1,0,197,6,36,384
4111,0,0,39.9,2,4,691
4112,0,0,77.7,6,36,33
4113,0,0,167,3,9,2
4114,0,0,271.55,9,81,75
4115,0,0,490.85,10,100,10
4116,0,0,9.98,2,4,153
4117,0,0,60,1,1,22
4118,1,0,158.95,5,25,4
4119,0,0,69,3,9,26
4120,1,0,127,5,25,306
4121,1,0,184,4,16,4
4122,0,0,285.5,8,64,564
4123,0,0,153,6,36,161
4124,0,0,44,1,1,436
4125,1,0,372.45,7,49,232
4126,1,0,48.5,2,4,48
4127,0,0,284.15,10,100,560
4128,1,0,59,2,4,385
4129,1,0,316,6,36,170
4130,0,0,64,2,4,31
4131,0,0,9.95,1,1,32
4132,0,0,219,3,9,725
4133,0,0,240,6,36,28
4134,0,0,328.4,6,36,21
4135,0,0,49.5,3,9,143
4136,1,0,69.5,1,1,92
4137,0,0,59,2,4,28
4138,0,0,672,16,256,22
4139,1,0,59,1,1,319
4140,0,0,170,5,25,21
4141,1,0,78.5,3,9,436
4142,0,0,451,8,64,19
4143,0,0,44.5,3,9,140
4144,1,266,355,3,9,74
4145,0,0,64,5,25,403
4146,0,0,59,1,1,408
4147,0,39,29.95,1,1,716
4148,1,0,381,13,169,17
4149,1,0,69,1,1,693
4150,0,0,490.95,15,225,53
4151,0,0,254.85,5,25,19
4152,1,0,59,1,1,134
4153,1,0,1346,26,676,162
4154,1,0,1201.35,30,900,16
4155,0,0,157,3,9,27
4156,0,0,228,2,4,25
4157,0,0,34,1,1,390
4158,0,0,28,1,1,63
4159,1,0,133,3,9,23
4160,0,69,247.9,8,64,195
4161,1,0,558.6,24,576,54
4162,0,0,188,5,25,413
4163,0,0,322,6,36,356
4164,1,0,128.9,3,9,375
4165,0,0,546.45,15,225,152
4166,1,0,572.7,14,196,2
4167,0,0,150,2,4,389
4168,0,0,0,2,4,51
4169,0,58,174,2,4,62
4170,1,0,69.95,3,9,172
4171,0,0,99.8,5,25,444
4172,1,0,94.4,3,9,130
4173,0,0,79,3,9,490
4174,0,0,209.8,6,36,422
4175,0,0,178,6,36,470
4176,0,2,292,4,16,19
4177,0,0,12.95,1,1,73
4178,1,0,163.5,7,49,486
4179,0,0,89,1,1,599
4180,0,0,221.75,3,9,388
4181,0,34.5,410.45,11,121,15
4182,0,0,29,1,1,391
4183,1,0,145,5,25,167
4184,0,0,160.45,8,64,154
4185,1,0,316,8,64,5
4186,0,0,156,4,16,366
4187,0,0,118.5,3,9,26
4188,0,49.5,134,4,16,18
4189,1,0,38,1,1,381
4190,0,0,199,1,1,13
4191,0,0,178.5,6,36,37
4192,1,0,89,1,1,309
4193,1,59,194.5,5,25,44
4194,1,152,57,3,9,464
4195,0,0,352,8,64,19
4196,0,0,39.5,1,1,683
4197,0,0,29,1,1,388
4198,0,0,30,2,4,160
4199,0,0,39.5,3,9,514
4200,0,0,184,5,25,15
4201,0,0,35,1,1,415
4202,0,0,119,1,1,8
4203,0,0,80,2,4,21
4204,1,0,89,7,49,27
4205,0,0,438,9,81,25
4206,0,0,75.5,4,16,514
4207,0,0,87.9,2,4,564
4208,0,0,339.5,4,16,104
4209,0,0,44,1,1,70
4210,0,0,189,7,49,369
4211,1,0,142.5,5,25,20
4212,0,0,228.85,11,121,568
4213,0,0,39,1,1,387
4214,0,0,39.5,1,1,393
4215,1,44,358,7,49,23
4216,0,0,98,4,16,11
4217,1,0,307.4,12,144,62
4218,0,0,577,3,9,672
4219,0,148,39,1,1,18
4220,1,0,39.5,1,1,389
4221,0,0,39.5,2,4,511
4222,1,0,58.5,2,4,148
4223,1,0,110,4,16,326
4224,1,369.9,873.8,27,729,4
4225,1,0,208.5,4,16,23
4226,0,0,42,1,1,408
4227,1,0,488.3,14,196,344
4228,0,0,18,1,1,135
4229,0,0,39.5,1,1,245
4230,1,0,139,2,4,12
4231,1,0,58.5,2,4,36
4232,0,0,56,1,1,90
4233,0,0,153,4,16,391
4234,1,0,477.5,11,121,3
4235,0,0,338.5,7,49,57
4236,1,0,78.5,3,9,386
4237,0,0,95,2,4,512
4238,1,0,68.5,2,4,24
4239,1,0,39,1,1,383
4240,1,0,1113.09,59,3481,53
4241,1,0,45,1,1,387
4242,1,0,120.5,5,25,12
4243,0,0,841.15,25,625,21
4244,1,0,240.95,10,100,43
4245,0,63,163.95,6,36,36
4246,1,143.5,227,5,25,112
4247,0,0,272,8,64,267
4248,0,0,99,1,1,617
4249,1,147,260,8,64,13
4250,0,0,125,1,1,209
4251,0,64.5,60,1,1,525
4252,0,0,56,1,1,500
4253,0,0,39.95,1,1,257
4254,1,0,178.5,6,36,19
4255,1,0,86.5,3,9,316
4256,0,0,190,5,25,387
4257,1,0,407,6,36,80
4258,0,0,22,1,1,380
4259,0,39,461.5,8,64,25
4260,1,0,665.5,13,169,27
4261,0,0,163,4,16,387
4262,1,0,258,10,100,74
4263,0,70.3,65,1,1,296
4264,1,0,242,10,100,43
4265,1,101,153,5,25,568
4266,1,0,151,6,36,67
4267,1,0,381.5,5,25,353
4268,0,24.95,110.45,4,16,257
4269,1,75,291.4,7,49,229
4270,0,0,35,1,1,687
4271,0,0,56.95,2,4,13
4272,0,0,78,2,4,394
4273,0,0,860.1,26,676,19
4274,1,0,29,1,1,399
4275,0,8.95,158,5,25,426
4276,0,0,66.5,2,4,655
4277,0,0,169,6,36,24
4278,1,0,249,6,36,12
4279,1,0,556.4,14,196,14
4280,1,0,243,5,25,53
4281,1,0,145,3,9,18
4282,0,0,152.3,5,25,16
4283,0,0,211,2,4,436
4284,0,0,88,2,4,380
4285,1,0,59,1,1,312
4286,0,0,49,1,1,52
4287,1,89,307,8,64,48
4288,1,73,379.5,11,121,19
4289,1,0,90,2,4,443
4290,0,77.45,248.85,3,9,18
4291,1,0,38,1,1,24
4292,0,0,326,5,25,19
4293,1,0,195.85,4,16,82
4294,0,0,29.5,1,1,22
4295,0,0,380.95,8,64,59
4296,1,0,114.8,4,16,489
4297,0,146.95,1103.35,29,841,3
4298,0,0,569.5,9,81,17
4299,0,0,255,7,49,205
4300,1,0,260.5,5,25,27
4301,0,0,63,3,9,424
4302,1,0,404.5,13,169,10
4303,1,18,223.5,9,81,368
4304,0,0,39.85,4,16,141
4305,0,58.5,362,4,16,384
4306,0,14.95,45,1,1,22
4307,0,0,59,2,4,515
4308,0,89,301.55,11,121,553
4309,0,0,159,1,1,520
4310,1,0,292,3,9,169
4311,0,0,45,1,1,387
4312,1,0,30,2,4,12
4313,1,0,97.5,3,9,19
4314,1,0,780,2,4,247
4315,0,0,406.95,11,121,239
4316,1,228,54.5,2,4,134
4317,0,88,42.5,1,1,27
4318,1,0,137.5,5,25,26
4319,1,0,112.95,3,9,26
4320,1,0,180,3,9,21
4321,1,0,570,12,144,41
4322,0,0,198,2,4,381
4323,0,0,39,1,1,119
4324,1,0,116,2,4,706
4325,0,52,193.5,2,4,32
4326,0,0,190.5,5,25,378
4327,0,0,68,2,4,24
4328,0,0,73.8,4,16,712
4329,0,0,190,4,16,39
4330,0,9.95,56.9,5,25,39
4331,0,0,39,1,1,18
4332,1,0,98,2,4,365
4333,0,29,159.8,4,16,11
4334,1,0,41,2,4,152
4335,1,0,78.5,2,4,31
4336,0,0,89,1,1,707
4337,0,0,38,1,1,115
4338,0,0,108,3,9,162
4339,0,0,1093.75,34,1156,16
4340,0,0,70,2,4,413
4341,1,0,198,11,121,88
4342,0,0,61,2,4,391
4343,0,0,72,2,4,447
4344,0,0,19.95,1,1,451
4345,1,0,458.95,13,169,172
4346,1,0,183,4,16,8
4347,1,0,315.5,7,49,19
4348,0,97.5,271,4,16,17
4349,0,0,29,1,1,383
4350,0,0,111.7,6,36,191
4351,1,0,409.45,9,81,2
4352,1,0,129,4,16,147
4353,0,0,543.7,19,361,44
4354,1,0,43.5,2,4,187
4355,1,99,549.35,15,225,364
4356,0,0,45.9,2,4,415
4357,0,0,239,6,36,428
4358,1,0,346.45,7,49,385
4359,0,0,10,1,1,404
4360,0,19.95,94.5,3,9,379
4361,0,0,25,1,1,709
4362,1,0,76,2,4,408
4363,1,135,1213.65,18,324,403
4364,0,0,36,1,1,19
4365,1,0,149.5,5,25,10
4366,0,0,30,2,4,30
4367,1,0,124,3,9,35
4368,1,0,49.95,1,1,512
4369,0,0,75,2,4,402
4370,1,0,44,1,1,14
4371,0,0,311.85,6,36,19
4372,1,0,641.45,16,256,19
4373,0,0,99.9,2,4,322
4374,0,0,137.9,7,49,136
4375,0,0,69,1,1,27
4376,1,0,208,2,4,28
4377,0,35,64,2,4,308
4378,0,0,59,1,1,1
4379,1,34.5,131,4,16,296
4380,1,0,98,2,4,364
4381,1,28,19,1,1,467
4382,1,32.85,568.5,14,196,36
4383,1,0,488.3,12,144,47
4384,1,0,93.9,4,16,84
4385,1,0,258,7,49,36
4386,1,0,322.5,8,64,25
4387,0,0,124.5,4,16,22
4388,0,0,80.5,2,4,380
4389,0,0,44,1,1,31
4390,1,0,284.75,11,121,25
4391,0,0,248,2,4,395
4392,1,0,235.5,6,36,89
4393,0,0,84,2,4,23
4394,0,0,98,3,9,447
4395,1,0,90.5,3,9,25
4396,1,57.5,59,2,4,93
4397,1,0,405,9,81,23
4398,1,0,184,6,36,123
4399,0,0,39.95,2,4,652
4400,1,0,59,1,1,257
4401,1,0,282,3,9,379
4402,0,20,59,2,4,160
4403,0,0,54,1,1,150
4404,1,0,273,9,81,42
4405,0,0,24.75,5,25,450
4406,1,0,39.5,1,1,391
4407,1,0,49.5,3,9,524
4408,0,0,20,1,1,424
4409,1,0,159,1,1,62
4410,1,0,477,9,81,28
4411,0,0,169,3,9,179
4412,1,0,412.55,12,144,38
4413,0,0,78.5,2,4,113
4414,0,0,115.95,5,25,116
4415,0,0,157,4,16,20
4416,0,0,74.5,3,9,169
4417,0,0,153.95,2,4,408
4418,1,0,29.5,1,1,48
4419,1,0,283,5,25,35
4420,0,0,99.8,4,16,117
4421,0,0,29,1,1,331
4422,0,0,99,2,4,384
4423,0,0,65.5,3,9,439
4424,1,36,110,3,9,33
4425,0,0,79.5,3,9,704
4426,1,0,1083.25,26,676,30
4427,0,0,72,2,4,13
4428,0,0,22,1,1,25
4429,1,0,157,5,25,23
4430,1,0,39.5,2,4,485
4431,0,0,19.5,1,1,43
4432,1,0,107.95,4,16,218
4433,0,28,268,11,121,26
4434,0,0,112,3,9,26
4435,0,0,88.5,3,9,285
4436,0,173.5,708.25,22,484,59
4437,1,0,209,6,36,285
4438,1,0,137.9,5,25,24
4439,1,0,162.5,5,25,568
4440,0,0,257,7,49,17
4441,0,0,43.95,2,4,496
4442,0,0,161.5,5,25,55
4443,1,0,303.45,11,121,99
4444,0,0,133.95,3,9,556
4445,1,0,76,2,4,86
4446,0,0,19,2,4,23
4447,1,0,39.5,2,4,166
4448,1,0,119.5,2,4,330
4449,1,0,237.95,6,36,394
4450,0,0,59,1,1,386
4451,1,0,42,1,1,667
4452,0,0,139,1,1,390
4453,1,0,543,13,169,399
4454,1,0,20,1,1,680
4455,1,0,419.95,12,144,21
4456,0,0,83.95,2,4,414
4457,1,0,327.5,10,100,43
4458,1,0,118,2,4,18
4459,1,0,125,1,1,699
4460,0,0,189,1,1,377
4461,1,0,223,5,25,31
4462,1,0,196.95,6,36,383
4463,0,0,0,1,1,14
4464,0,0,38,1,1,23
4465,1,34,402.95,11,121,123
4466,0,0,242,6,36,115
4467,0,0,260.95,8,64,171
4468,0,59,312.5,9,81,158
4469,1,0,306,8,64,18
4470,0,0,124,2,4,466
4471,1,0,489.6,22,484,21
4472,1,309.75,628,10,100,235
4473,1,669.65,1406.55,41,1681,21
4474,0,0,112,5,25,56
4475,1,0,828.9,18,324,53
4476,0,0,193.95,5,25,15
4477,0,0,441.5,11,121,16
4478,1,0,817.3,20,400,29
4479,1,0,54,4,16,84
4480,0,0,293.5,6,36,78
4481,0,0,0,1,1,397
4482,0,30,58.5,2,4,15
4483,1,0,92,3,9,85
4484,1,0,138,6,36,37
4485,0,0,39.5,3,9,138
4486,1,0,284.5,5,25,348
4487,1,0,341,11,121,57
4488,1,380.85,529,13,169,37
4489,0,0,90,1,1,663
4490,0,0,9,8,64,93
4491,1,0,30,1,1,390
4492,0,105,75.5,3,9,24
4493,1,0,285.35,11,121,179
4494,0,0,64.5,2,4,467
4495,1,0,170,3,9,245
4496,0,29,371,8,64,21
4497,1,108,598.15,19,361,98
4498,1,0,2518.35,81,6561,13
4499,0,0,36,1,1,405
4500,0,0,98.95,3,9,166
4501,0,0,44,1,1,326
4502,0,0,259,3,9,398
4503,0,0,65.5,2,4,11
4504,1,0,25,1,1,528
4505,0,0,50,4,16,497
4506,0,0,16.95,1,1,384
4507,0,0,201.95,5,25,20
4508,1,0,30,2,4,611
4509,0,0,94.45,9,81,18
4510,1,0,64,3,9,58
4511,1,0,215,6,36,9
4512,0,0,362.57,24,576,12
4513,0,241.95,206.5,6,36,25
4514,0,0,79.95,1,1,544
4515,1,0,74,1,1,457
4516,0,48.5,24,1,1,301
4517,0,0,537.5,5,25,406
4518,1,0,69,1,1,364
4519,1,0,177,4,16,291
4520,0,0,310,4,16,407
4521,1,0,557.2,16,256,5
4522,0,0,59,1,1,18
4523,0,0,129,1,1,395
4524,1,36.9,359.85,11,121,3
4525,0,158,283.9,9,81,65
4526,1,147,607.95,20,400,20
4527,1,29,2187.39,90,8100,68
4528,1,55,14.95,1,1,228
4529,0,0,29,1,1,258
4530,1,0,184.5,8,64,141
4531,1,0,161,5,25,30
4532,0,0,43,2,4,48
4533,0,0,25,1,1,583
4534,1,0,842.35,24,576,26
4535,1,0,169,5,25,110
4536,0,0,19.5,1,1,10
4537,0,0,39,1,1,663
4538,1,0,150.95,3,9,392
4539,0,0,70.7,5,25,634
4540,0,0,392.35,15,225,10
4541,0,0,129,2,4,723
4542,1,22.5,1311.05,44,1936,11
4543,1,0,135,1,1,701
4544,1,0,256.95,4,16,14
4545,0,12.95,197,5,25,578
4546,0,0,119,2,4,410
4547,0,0,156.4,4,16,381
4548,0,0,116.5,3,9,588
4549,0,0,72.95,3,9,396
4550,1,0,0,3,9,38
4551,1,0,157,6,36,32
4552,0,0,99.95,4,16,79
4553,1,64.45,238.5,5,25,53
4554,0,0,321.45,6,36,228
4555,0,103,215.85,6,36,447
4556,0,0,39.5,1,1,23
4557,1,0,37,1,1,256
4558,1,0,237.95,7,49,220
4559,1,0,118,3,9,52
4560,0,0,104,4,16,453
4561,0,0,149,3,9,231
4562,0,0,61.5,2,4,600
4563,0,0,69,1,1,370
4564,0,0,59,1,1,414
4565,1,165,838.5,18,324,29
4566,0,0,78,3,9,16
4567,1,0,57,1,1,301
4568,0,32,172.75,7,49,20
4569,1,32,187.5,4,16,397
4570,0,0,818.75,28,784,133
4571,0,0,889.45,22,484,18
4572,1,0,304.8,9,81,133
4573,0,0,97.9,2,4,660
4574,0,81.5,576.35,20,400,176
4575,0,0,59,1,1,698
4576,0,0,155.45,6,36,336
4577,0,0,24,1,1,418
4578,1,0,480.4,14,196,280
4579,1,0,136,6,36,103
4580,0,0,184.95,5,25,413
4581,1,0,228,2,4,18
4582,1,0,73.9,2,4,714
4583,0,0,29.5,1,1,74
4584,0,0,95.45,6,36,27
4585,0,0,158,6,36,44
4586,1,64.85,106,4,16,425
4587,0,0,88.7,6,36,533
4588,0,0,290,5,25,244
4589,0,0,319,8,64,58
4590,1,29.5,81.95,2,4,415
4591,0,0,59,2,4,93
4592,1,59,492.5,13,169,164
4593,0,0,163.4,6,36,360
4594,0,0,48,2,4,51
4595,1,0,129,1,1,489
4596,0,0,216.95,4,16,514
4597,0,0,284,2,4,409
4598,1,34,710.3,26,676,60
4599,0,0,261,10,100,30
4600,0,161.95,560.6,21,441,171
4601,0,80,332,14,196,278
4602,1,0,148.95,2,4,26
4603,0,0,408.7,17,289,20
4604,1,0,231.5,5,25,88
4605,1,0,70.5,2,4,69
4606,0,190.5,117,3,9,98
4607,0,0,29,1,1,729
4608,0,0,105,2,4,212
4609,1,156,138.5,3,9,21
4610,0,0,906.25,24,576,24
4611,1,39,188.95,7,49,277
4612,1,0,288,6,36,39
4613,1,135.5,984,28,784,195
4614,0,0,321.9,8,64,655
4615,0,0,255,4,16,26
4616,0,29,34,1,1,14
4617,0,0,39,1,1,68
4618,0,0,104,2,4,494
4619,0,0,29,1,1,706
4620,1,171,92,3,9,384
4621,0,99,177,3,9,455
4622,0,40,29,1,1,369
4623,1,0,226.5,16,256,105
4624,0,49.5,146.5,4,16,30
4625,1,0,220.8,7,49,592
4626,1,0,90,2,4,454
4627,0,0,254,6,36,420
4628,1,0,128,2,4,120
4629,1,0,364.09,13,169,399
4630,1,0,122.9,3,9,597
4631,0,0,99,2,4,376
4632,0,0,256.5,7,49,392
4633,0,73,282.7,9,81,172
4634,1,0,128.67,16,256,8
4635,0,0,105,2,4,81
4636,0,0,141,4,16,309
4637,0,0,391.95,4,16,47
4638,1,0,947.5,11,121,91
4639,1,587,136.5,3,9,244
4640,0,0,25,1,1,516
4641,0,49.9,252.25,12,144,491
4642,1,0,73,2,4,64
4643,1,0,126,3,9,389
4644,0,0,59,1,1,187
4645,0,24.5,113,4,16,18
4646,1,0,398.8,9,81,55
4647,0,0,69,1,1,23
4648,1,0,115,3,9,39
4649,1,0,255,7,49,126
4650,0,0,24,1,1,91
4651,0,0,178,2,4,372
4652,0,0,142,4,16,306
4653,0,0,44,1,1,21
4654,1,0,278.5,8,64,384
4655,1,89,2223.2,56,3136,86
4656,0,0,163.5,5,25,22
4657,0,0,504.5,16,256,623
4658,1,0,216,4,16,23
4659,0,0,78,2,4,28
4660,1,0,163,4,16,168
4661,1,0,143,5,25,340
4662,0,0,347,8,64,288
4663,1,0,40,2,4,379
4664,0,22.95,128,3,9,36
4665,0,0,139,1,1,99
4666,1,177.95,74.5,3,9,137
4667,0,0,108,2,4,334
4668,0,0,0,1,1,54
4669,0,0,261,6,36,392
4670,1,0,908,11,121,651
4671,0,0,169,1,1,26
4672,0,38,250.45,11,121,19
4673,1,0,843,23,529,9
4674,0,0,39,1,1,168
4675,0,58,47,2,4,265
4676,0,0,152,4,16,710
4677,1,0,292,4,16,626
4678,0,0,101.8,5,25,3
4679,1,0,266.85,9,81,124
4680,0,0,77.5,2,4,70
4681,0,0,185,2,4,436
4682,0,162,788.8,21,441,11
4683,0,22,90.75,5,25,553
4684,0,0,0,2,4,345
4685,0,60.5,126.5,4,16,88
4686,1,0,144.5,2,4,20
4687,0,0,29,1,1,327
4688,0,0,40,2,4,29
4689,0,0,34,1,1,386
4690,0,0,69,1,1,263
4691,1,0,498.5,16,256,31
4692,0,19.95,1029.35,24,576,1
4693,0,56,59,1,1,634
4694,0,0,176,4,16,16
4695,1,0,202,6,36,391
4696,0,0,607.35,21,441,211
4697,0,44,129,1,1,108
4698,0,0,113,4,16,19
4699,0,0,106.75,6,36,28
4700,0,85,1307,36,1296,1
4701,0,43,309.1,13,169,84
4702,1,0,22,1,1,703
4703,1,69,466.95,14,196,8
4704,0,120.9,265.6,8,64,489
4705,0,83,34,3,9,218
4706,0,0,182.9,5,25,189
4707,1,34,197.5,5,25,162
4708,0,0,146,3,9,17
4709,0,0,29,1,1,389
4710,1,159.85,33.9,2,4,544
4711,0,0,99,2,4,12
4712,0,0,123.5,3,9,21
4713,1,0,103,2,4,101
4714,0,0,39.95,1,1,663
4715,0,0,887.7,23,529,13
4716,0,0,69,1,1,663
4717,1,0,258.9,9,81,55
4718,1,0,562.45,19,361,24
4719,0,0,20,1,1,334
4720,0,0,69,2,4,30
4721,0,39,55,1,1,390
4722,0,0,9.95,1,1,717
4723,0,0,182,3,9,421
4724,1,0,246.45,8,64,424
4725,0,0,119,2,4,382
4726,0,0,85.95,4,16,697
4727,0,0,79,1,1,442
4728,0,0,33.9,2,4,691
4729,0,0,89,1,1,400
4730,0,0,66,2,4,308
4731,1,72.45,29.5,1,1,3
4732,1,129,291.8,12,144,8
4733,1,0,118,4,16,384
4734,0,0,236,7,49,18
4735,0,0,32,1,1,369
4736,0,0,197,6,36,26
4737,1,83.5,29,1,1,337
4738,1,0,122.5,3,9,102
4739,0,0,134,3,9,22
4740,1,0,98.5,2,4,390
4741,0,0,72,1,1,230
4742,1,0,1183.35,39,1521,77
4743,0,0,129.5,2,4,99
4744,0,0,39,2,4,40
4745,0,39,381,8,64,41
4746,0,0,102.5,2,4,16
4747,0,0,929.5,22,484,24
4748,0,54,289.75,3,9,712
4749,1,0,180.9,4,16,114
4750,1,0,244.5,8,64,20
4751,0,0,247,6,36,648
4752,1,0,202,4,16,50
4753,1,0,217,9,81,61
4754,1,0,68,2,4,414
4755,1,0,29.5,1,1,49
4756,0,0,164,4,16,568
4757,0,0,141.5,4,16,392
4758,0,0,613.95,17,289,237
4759,1,49,469,6,36,329
4760,1,167,536.5,19,361,51
4761,1,0,594,25,625,45
4762,1,0,267,2,4,312
4763,1,0,167.5,3,9,392
4764,1,0,268.85,7,49,211
4765,0,0,65,1,1,554
4766,1,0,36,1,1,728
4767,1,86,325.5,11,121,13
4768,1,0,299.25,8,64,337
4769,0,0,103,2,4,429
4770,1,314.9,1002.8,29,841,12
4771,1,85,301,6,36,47
4772,0,0,78,2,4,388
4773,0,0,867,30,900,151
4774,0,0,39,1,1,96
4775,1,0,228.95,5,25,366
4776,0,0,59,2,4,280
4777,0,0,144,3,9,656
4778,0,0,0,1,1,390
4779,1,0,362,12,144,73
4780,0,36,152.85,6,36,21
4781,1,0,59,2,4,55
4782,0,0,148,2,4,422
4783,1,64.95,387,10,100,23
4784,0,0,38,1,1,389
4785,0,0,287,4,16,22
4786,1,0,34,1,1,252
4787,0,0,301,9,81,379
4788,0,0,118,4,16,11
4789,0,0,108,2,4,66
4790,1,69,196,7,49,166
4791,0,0,28,1,1,673
4792,0,0,158,2,4,22
4793,1,106.5,1950.9,55,3025,113
4794,1,0,170,8,64,12
4795,1,0,621.5,22,484,22
4796,1,0,83,2,4,491
4797,0,0,81,2,4,26
4798,0,0,118,4,16,471
4799,0,0,17.25,6,36,9
4800,1,0,277,2,4,72
4801,0,0,39,1,1,384
4802,0,0,169,3,9,76
4803,1,0,107,3,9,14
4804,0,288.5,99,1,1,340
4805,1,0,85,1,1,390
4806,0,0,69,2,4,380
4807,1,0,118,2,4,393
4808,0,0,140.5,7,49,22
4809,1,215.95,511,17,289,154
4810,0,90,60,2,4,723
4811,0,0,62.95,3,9,387
4812,0,191.45,261.9,9,81,204
4813,0,0,153.9,3,9,28
4814,0,418,788.9,15,225,157
4815,1,0,92.95,3,9,150
4816,1,0,119,1,1,143
4817,1,0,24.95,1,1,704
4818,0,34,34,1,1,4
4819,0,47.5,111,5,25,23
4820,0,0,44,2,4,123
4821,1,0,19.95,1,1,585
4822,1,67,354,15,225,27
4823,0,0,44,1,1,251
4824,0,29,113,4,16,11
4825,1,188,68,2,4,356
4826,1,0,105,4,16,20
4827,0,0,208.5,7,49,9
4828,0,0,29,1,1,468
4829,1,0,107,3,9,61
4830,0,0,433.95,25,625,153
4831,0,0,211.5,3,9,72
4832,0,0,39,1,1,389
4833,0,0,39.5,1,1,428
4834,1,0,296.5,6,36,377
4835,1,0,120,3,9,389
4836,0,0,741.45,12,144,17
4837,0,0,59,1,1,425
4838,0,0,90,2,4,13
4839,0,0,325.2,12,144,53
4840,0,0,72,2,4,305
4841,0,0,80.7,6,36,709
4842,0,0,170,1,1,700
4843,0,0,22,1,1,18
4844,0,188.7,891.8,19,361,10
4845,0,0,473,13,169,15
4846,0,0,69.5,3,9,567
4847,0,0,95,1,1,394
4848,1,0,360,9,81,20
4849,0,0,530.9,11,121,3
4850,0,49.5,55,2,4,375
4851,0,258,458.95,8,64,19
4852,1,0,525,9,81,8
4853,0,0,22.5,1,1,518
4854,1,0,843.45,15,225,344
4855,0,0,66,2,4,27
4856,1,0,155,4,16,394
4857,1,0,315.2,11,121,23
4858,0,0,59,1,1,713
4859,0,0,64,1,1,90
4860,0,0,585,8,64,15
4861,1,0,29.5,1,1,390
4862,0,276.05,488.05,20,400,1
4863,0,63,98,2,4,60
4864,0,0,257.9,4,16,406
4865,1,63,294.9,14,196,2
4866,1,0,270,7,49,95
4867,0,129,385,5,25,43
4868,0,0,79,2,4,153
4869,1,137.5,179,1,1,4
4870,0,0,90,1,1,12
4871,0,0,930,7,49,78
4872,0,39,228.8,5,25,2
4873,0,129,398.75,11,121,17
4874,1,0,165.15,5,25,251
4875,0,36,117,3,9,12
4876,0,69,197.95,4,16,509
4877,0,0,162.95,5,25,367
4878,1,0,449.05,19,361,1
4879,0,37,41,2,4,148
4880,1,0,177,3,9,239
4881,0,0,288,11,121,245
4882,1,0,44.5,2,4,383
4883,0,0,49,1,1,89
4884,0,0,63,2,4,14
4885,0,0,85,4,16,124
4886,0,0,277,7,49,11
4887,0,0,99,1,1,523
4888,1,0,205.5,5,25,389
4889,0,0,302.5,10,100,19
4890,0,0,205.4,7,49,14
4891,1,0,187,4,16,61
4892,0,0,422,9,81,17
4893,0,36,686.9,21,441,27
4894,1,0,49,1,1,380
4895,1,0,207.95,3,9,373
4896,0,0,113.5,5,25,21
4897,0,0,56,1,1,492
4898,1,0,49,1,1,357
4899,1,0,796,17,289,167
4900,1,0,101.5,3,9,15
4901,1,0,609.55,13,169,124
4902,0,0,166.7,3,9,496
4903,0,0,128,2,4,25
4904,0,0,164,3,9,53
4905,1,0,70,2,4,188
4906,0,0,18,1,1,373
4907,1,0,150,4,16,362
4908,1,45.45,286.5,10,100,257
4909,0,0,202,6,36,29
4910,1,0,216,5,25,15
4911,0,0,44.5,2,4,150
4912,0,0,207,7,49,13
4913,0,0,183.8,5,25,662
4914,0,0,321,8,64,17
4915,0,0,44.95,1,1,500
4916,0,264.9,409,17,289,11
4917,1,58,94.7,7,49,22
4918,1,0,87,3,9,143
4919,0,0,236,6,36,20
4920,0,0,49,1,1,413
4921,0,0,170.5,5,25,608
4922,0,0,39.5,2,4,491
4923,0,0,299.95,8,64,32
4924,1,0,227,7,49,15
4925,0,0,98,2,4,132
4926,0,0,92.5,3,9,593
4927,1,0,39.5,1,1,380
4928,1,0,102,3,9,216
4929,0,49.5,99,2,4,28
4930,0,32,124.5,4,16,56
4931,0,0,44.95,1,1,167
4932,0,0,277.8,6,36,24
4933,0,0,297.5,6,36,30
4934,1,108.5,541.5,14,196,22
4935,1,70,233.55,25,625,4
4936,0,0,451,10,100,27
4937,0,0,182.5,5,25,13
4938,1,0,103.5,4,16,146
4939,0,0,27.5,1,1,12
4940,1,0,693.35,10,100,25
4941,0,0,69,1,1,311
4942,0,0,413,14,196,139
4943,1,448.5,1250.6,40,1600,2
4944,0,0,202.35,10,100,18
4945,0,5,241.3,17,289,159
4946,1,0,210,6,36,21
4947,1,39.95,71,3,9,385
4948,1,0,34,1,1,517
4949,0,0,35,1,1,148
4950,0,0,103.95,2,4,357
4951,0,0,29.5,1,1,373
4952,1,0,265.5,7,49,12
4953,0,0,24,1,1,526
4954,1,0,373,12,144,36
4955,1,0,0,1,1,379
4956,1,102.5,347,9,81,58
4957,0,0,99.5,1,1,424
4958,0,0,194,7,49,402
4959,0,0,235,7,49,228
4960,1,0,82.45,2,4,324
4961,0,110,209.5,5,25,22
4962,0,323.35,396.5,13,169,50
4963,0,0,171,4,16,15
4964,0,0,129,3,9,335
4965,0,0,195,5,25,2
4966,0,37,156.95,5,25,387
4967,0,24,168,2,4,67
4968,1,0,441.5,9,81,29
4969,0,0,624,18,324,46
4970,0,50,109.4,5,25,159
4971,0,0,65.15,8,64,19
4972,0,0,225.95,11,121,240
4973,1,324.45,299,1,1,350
4974,0,0,59.9,2,4,144
4975,0,0,0,1,1,475
4976,0,0,160,6,36,26
4977,1,36,424.45,10,100,42
4978,1,0,762.5,17,289,19
4979,0,0,29,1,1,391
4980,1,0,200.5,6,36,385
4981,0,129,59,1,1,31
4982,1,0,1165.2,35,1225,19
4983,0,0,603.5,11,121,21
4984,0,0,88,2,4,112
4985,1,156,168,4,16,33
4986,0,0,59,1,1,14
4987,1,0,673.5,7,49,25
4988,0,0,193.05,9,81,451
4989,0,0,171,5,25,385
4990,0,0,58.95,1,1,729
4991,0,0,32,1,1,470
4992,1,0,592,16,256,276
4993,1,0,176,4,16,46
4994,0,0,178.7,6,36,489
4995,0,0,103,3,9,17
4996,1,46,138,3,9,3
4997,0,15,128,2,4,5
4998,0,0,62,2,4,12
4999,0,0,59,2,4,385
5000,1,0,479.5,10,100,354
5001,0,0,74,1,1,624
5002,0,0,22.5,2,4,11
5003,1,0,629.8,18,324,3
5004,0,0,173.5,5,25,469
5005,1,0,46,2,4,69
5006,1,0,469,7,49,18
5007,0,0,29,1,1,18
5008,1,0,284.5,7,49,254
5009,0,0,858.5,7,49,96
5010,1,0,52,2,4,117
5011,0,0,229.9,4,16,598
5012,0,85.85,564,8,64,346
5013,0,0,358,8,64,591
5014,0,0,109,3,9,18
5015,0,0,538,5,25,410
5016,0,0,125.5,6,36,13
5017,0,0,974.55,35,1225,137
5018,1,0,228,5,25,405
5019,1,0,248,8,64,429
5020,1,0,119,5,25,153
5021,0,0,19.95,1,1,697
5022,0,0,44,1,1,375
5023,1,51,59,2,4,13
5024,0,0,39,1,1,387
5025,0,0,51,3,9,297
5026,0,0,53,2,4,646
5027,1,0,129,1,1,106
5028,1,0,134,2,4,125
5029,0,0,208,6,36,392
5030,1,118,184.5,6,36,18
5031,0,0,24,1,1,26
5032,0,0,876.95,7,49,381
5033,0,0,99,1,1,416
5034,1,29,567.9,16,256,9
5035,1,0,62.5,2,4,44
5036,0,0,122.4,4,16,140
5037,0,0,41,2,4,31
5038,0,0,37,1,1,30
5039,0,0,220.95,4,16,49
5040,1,149,44,1,1,407
5041,0,69.95,44,3,9,383
5042,0,0,47.5,2,4,24
5043,1,29,322.5,8,64,29
5044,0,0,313.95,4,16,564
5045,1,0,74.95,2,4,513
5046,0,0,8.99,1,1,56
5047,0,0,171.95,4,16,27
5048,0,73.5,88,3,9,166
5049,0,0,49.5,1,1,27
5050,0,0,34,1,1,507
5051,1,0,40,1,1,376
5052,0,0,281,9,81,11
5053,1,0,112,2,4,544
5054,0,22,209,7,49,14
5055,0,0,160,4,16,86
5056,0,0,68,1,1,60
5057,0,0,586.7,11,121,10
5058,0,0,253.7,6,36,705
5059,0,0,26,1,1,254
5060,0,0,0,1,1,130
5061,1,0,404.9,7,49,9
5062,1,0,591.9,16,256,32
5063,0,0,403,11,121,44
5064,1,0,79,2,4,29
5065,1,0,99.5,3,9,383
5066,0,0,454.4,20,400,70
5067,0,101.5,118,2,4,420
5068,1,0,373.39,21,441,115
5069,0,0,34,1,1,331
5070,1,44,1579.35,51,2601,98
5071,1,0,261.95,4,16,178
5072,0,0,59.95,1,1,550
5073,0,0,130,3,9,139
5074,0,0,38,1,1,29
5075,0,0,272.5,6,36,11
5076,1,0,641.45,11,121,23
5077,1,0,212,6,36,198
5078,0,29,24,1,1,720
5079,1,0,68,2,4,16
5080,0,0,791.5,14,196,65
5081,1,0,123,5,25,390
5082,0,24,83,3,9,432
5083,0,0,94,2,4,49
5084,1,0,901.7,21,441,101
5085,0,0,146.5,5,25,652
5086,0,39,34.95,1,1,188
5087,1,39.5,173.5,6,36,28
5088,0,0,26,1,1,704
5089,0,0,31,2,4,13
5090,0,0,506,10,100,280
5091,1,63.4,751,17,289,393
5092,1,0,489.25,11,121,442
5093,1,158.5,751.95,22,484,71
5094,0,0,184.8,5,25,619
5095,0,0,34.95,1,1,520
5096,0,0,61,2,4,636
5097,1,0,732.95,15,225,35
5098,0,0,178,2,4,55
5099,0,0,243.95,5,25,16
5100,0,0,1298,38,1444,166
5101,0,0,68.5,2,4,392
5102,0,0,141,3,9,313
5103,0,0,39,1,1,594
5104,0,0,186,9,81,26
5105,0,0,271,7,49,14
5106,1,53.95,259,6,36,21
5107,0,0,37.7,3,9,177
5108,1,132.2,619.25,12,144,599
5109,0,0,87,2,4,648
5110,0,125,44,1,1,29
5111,0,0,34,1,1,387
5112,1,0,476.5,21,441,86
5113,0,0,208.5,6,36,59
5114,1,0,272.95,9,81,23
5115,0,0,97,5,25,395
5116,0,0,44,1,1,465
5117,0,0,311,8,64,38
5118,0,0,129,1,1,18
5119,0,0,42.85,3,9,368
5120,0,0,39,2,4,726
5121,1,0,88,3,9,10
5122,0,0,136,4,16,296
5123,1,0,284.5,6,36,35
5124,1,0,19.5,1,1,28
5125,1,0,39,1,1,25
5126,0,0,34.45,2,4,610
5127,0,0,39.5,2,4,512
5128,0,110.5,36.5,1,1,24
5129,0,0,34,1,1,569
5130,1,0,67,4,16,380
5131,1,0,49,1,1,269
5132,0,0,80,2,4,370
5133,1,0,527.85,12,144,15
5134,1,0,553.9,18,324,170
5135,0,0,518.25,19,361,200
5136,0,0,200,5,25,352
5137,0,0,294,6,36,81
5138,0,0,29.5,1,1,20
5139,0,0,198.5,2,4,25
5140,0,0,24,4,16,14
5141,0,0,234,5,25,29
5142,0,0,39.95,1,1,225
5143,1,301.2,210.95,6,36,385
5144,1,0,356.35,7,49,392
5145,1,0,245.5,8,64,379
5146,1,0,255.5,6,36,19
5147,0,0,1016,25,625,132
5148,0,0,44,1,1,22
5149,0,0,219,1,1,725
5150,0,0,25,1,1,301
5151,0,0,205,5,25,20
5152,1,47,287.4,8,64,337
5153,1,0,138,3,9,466
5154,0,0,368,12,144,25
5155,0,0,0,1,1,75
5156,0,0,108,2,4,24
5157,0,24.95,99,1,1,382
5158,1,0,87,3,9,82
5159,0,0,48,2,4,378
5160,0,0,32.5,1,1,390
5161,1,0,138.9,6,36,385
5162,0,0,107.9,3,9,536
5163,0,0,334.45,8,64,525
5164,0,137.9,612.89,21,441,76
5165,0,0,49,1,1,386
5166,0,0,157,7,49,18
5167,0,0,78,3,9,457
5168,1,133,306.45,9,81,39
5169,1,0,789,20,400,597
5170,0,0,211.4,4,16,369
5171,0,0,74,2,4,497
5172,1,34,2528.45,66,4356,27
5173,1,0,58,2,4,389
5174,0,0,73,2,4,394
5175,0,290,403,7,49,88
5176,1,0,71.2,4,16,25
5177,0,0,52,1,1,678
5178,0,0,68,2,4,22
5179,0,0,340,5,25,409
5180,0,0,349,7,49,22
5181,0,0,847.5,16,256,316
5182,0,0,260,4,16,4
5183,0,0,203,7,49,17
5184,0,0,267,3,9,315
5185,1,24,188,3,9,393
5186,0,19.95,132.95,2,4,532
5187,0,120,25,1,1,601
5188,1,0,899.05,17,289,118
5189,1,0,240,6,36,33
5190,1,0,39.5,2,4,496
5191,1,0,473.45,7,49,381
5192,0,0,8.95,1,1,184
5193,0,0,52.9,2,4,718
5194,1,0,117,2,4,43
5195,0,0,100.5,3,9,21
5196,0,0,50.85,4,16,681
5197,0,0,40.85,4,16,260
5198,0,0,173,4,16,11
5199,1,248,39.5,1,1,384
5200,0,21,142,5,25,155
5201,1,0,129,1,1,546
5202,1,0,114.95,2,4,413
5203,1,0,29.5,1,1,397
5204,1,0,165.45,4,16,36
5205,0,12.75,38.9,2,4,155
5206,0,0,507,7,49,18
5207,0,0,39,1,1,265
5208,0,0,239.55,13,169,154
5209,0,0,44,1,1,30
5210,0,0,524.15,12,144,178
5211,0,0,947.35,16,256,53
5212,1,110,1678.75,31,961,42
5213,0,0,22.9,2,4,545
5214,0,0,39,1,1,316
5215,0,30,49.5,1,1,29
5216,0,144.5,546.9,21,441,12
5217,0,0,153.5,6,36,20
5218,0,0,115,3,9,28
5219,0,0,30,1,1,28
5220,1,0,178,4,16,26
5221,0,219,346,12,144,50
5222,0,0,39,2,4,260
5223,1,0,463.5,13,169,63
5224,0,0,206.65,8,64,150
5225,0,0,479.5,9,81,19
5226,0,0,107,3,9,387
5227,0,0,116,4,16,336
5228,1,0,398.45,11,121,1
5229,1,0,70,1,1,378
5230,0,0,144,2,4,709
5231,0,191,229.94,15,225,19
5232,0,0,8.5,1,1,33
5233,0,0,274.8,6,36,178
5234,1,0,221,6,36,13
5235,0,0,517.7,8,64,408
5236,0,0,375,10,100,34
5237,0,0,233.9,6,36,89
5238,0,0,92.85,7,49,8
5239,1,0,287,4,16,28
5240,1,16,57.95,3,9,55
5241,0,0,208.5,2,4,7
5242,1,0,14.5,2,4,418
5243,1,0,99,3,9,145
5244,0,0,76.75,5,25,166
5245,1,0,44,1,1,458
5246,1,0,69,1,1,28
5247,0,0,19.95,1,1,712
5248,0,0,37,1,1,264
5249,0,0,40,1,1,218
5250,1,0,29.5,1,1,31
5251,0,0,97.5,3,9,21
5252,1,0,255.5,7,49,10
5253,1,0,206,7,49,338
5254,0,0,184.95,2,4,428
5255,0,0,29.5,1,1,24
5256,0,0,87,2,4,15
5257,0,3.95,83.5,2,4,456
5258,0,0,900.5,22,484,370
5259,1,0,44,1,1,390
5260,1,0,752.3,16,256,81
5261,0,0,244,8,64,11
5262,0,0,48,1,1,644
5263,1,0,123,3,9,22
5264,1,0,264,6,36,47
5265,1,0,288.5,7,49,298
5266,0,0,391,5,25,48
5267,0,0,64,2,4,480
5268,1,0,29,1,1,393
5269,1,0,156.5,6,36,74
5270,1,0,88,2,4,381
5271,1,70.5,834.5,17,289,76
5272,0,0,59,1,1,448
5273,0,0,44,1,1,611
5274,1,49,139.95,4,16,178
5275,0,0,19.95,2,4,9
5276,0,0,29,1,1,380
5277,0,0,29.95,1,1,620
5278,0,0,188.35,7,49,159
5279,0,0,188.95,4,16,326
5280,1,0,336.5,7,49,80
5281,0,0,93.5,3,9,375
5282,1,0,233.95,8,64,413
5283,0,0,247,8,64,18
5284,0,0,24,1,1,17
5285,1,0,272,4,16,37
5286,1,0,117.5,4,16,35
5287,1,0,359,14,196,9
5288,0,36.5,15.95,2,4,26
5289,0,0,368,6,36,31
5290,0,0,87.9,5,25,395
5291,0,0,32,1,1,559
5292,0,128.5,143,4,16,319
5293,0,0,51.95,5,25,7
5294,0,0,150.95,5,25,20
5295,0,0,181.45,5,25,22
5296,0,0,40,1,1,324
5297,0,0,66,4,16,184
5298,0,38,752.85,26,676,1
5299,0,0,42,1,1,138
5300,0,0,106.95,3,9,100
5301,0,0,139,1,1,15
5302,0,0,54,2,4,570
5303,0,0,77.45,2,4,527
5304,0,29.5,372.7,14,196,89
5305,1,0,119.5,3,9,391
5306,0,0,58.4,4,16,401
5307,0,0,202,6,36,28
5308,0,0,98.5,3,9,85
5309,1,0,296.95,3,9,285
5310,0,0,42,1,1,7
5311,0,29.95,100,4,16,42
5312,0,0,65,1,1,539
5313,0,113,178,4,16,233
5314,1,185,1078,21,441,31
5315,1,0,72,2,4,720
5316,0,0,48.95,2,4,385
5317,1,0,509.5,9,81,79
5318,0,0,59,1,1,718
5319,1,0,242.5,4,16,177
5320,0,0,15.5,1,1,469
5321,0,0,622.5,13,169,149
5322,1,0,235,6,36,64
5323,0,0,209.5,5,25,233
5324,0,0,275.45,8,64,15
5325,1,0,554.95,17,289,383
5326,0,0,227.95,6,36,19
5327,0,0,97.5,3,9,386
5328,0,0,29,1,1,69
5329,0,0,40.85,3,9,530
5330,1,68,198,5,25,53
5331,1,0,179.75,10,100,22
5332,0,26,138,2,4,38
5333,0,0,238,8,64,11
5334,0,0,328,6,36,22
5335,0,0,26.95,1,1,472
5336,0,0,28,1,1,31
5337,0,0,19,1,1,27
5338,1,0,981.65,29,841,41
5339,0,0,39,1,1,27
5340,1,0,748.35,20,400,9
5341,0,0,202.45,5,25,320
5342,0,23.5,149.85,8,64,11
5343,1,0,977,13,169,390
5344,0,0,25,1,1,163
5345,1,0,441,7,49,228
5346,0,0,65.75,5,25,594
5347,0,0,178,2,4,5
5348,0,0,80,2,4,49
5349,0,0,231.85,10,100,16
5350,1,0,65,1,1,390
5351,0,0,167.95,5,25,17
5352,0,0,850.95,13,169,11
5353,0,0,218,2,4,166
5354,0,64,77,2,4,395
5355,0,0,521.5,21,441,12
5356,0,0,83,3,9,392
5357,0,0,166.5,4,16,46
5358,0,0,73,2,4,210
5359,0,0,104.85,7,49,370
5360,0,0,74,1,1,414
5361,0,0,74.5,3,9,501
5362,0,0,72,2,4,42
5363,0,0,54.45,2,4,9
5364,0,0,88.5,3,9,115
5365,0,0,198.95,5,25,16
5366,0,0,198,2,4,16
5367,0,0,55,1,1,8
5368,0,0,46,1,1,79
5369,0,44,241.45,12,144,154
5370,0,0,207,2,4,290
5371,0,0,450.85,10,100,9
5372,0,0,79,4,16,507
5373,0,0,42,1,1,413
5374,0,0,147.8,5,25,466
5375,1,0,176,5,25,219
5376,0,0,68,2,4,79
5377,0,22,97,3,9,19
5378,1,0,106,4,16,225
5379,1,0,418.5,9,81,89
5380,1,0,143,5,25,127
5381,0,0,272,6,36,77
5382,1,0,213,5,25,31
5383,1,273.5,262.45,5,25,327
5384,1,0,39.9,2,4,501
5385,1,0,394.5,6,36,18
5386,1,0,480.95,10,100,243
5387,0,0,93,3,9,27
5388,0,0,359.4,11,121,1
5389,0,0,127.5,4,16,16
5390,0,0,129.5,4,16,29
5391,0,0,89,1,1,439
5392,0,0,60,1,1,390
5393,0,0,49,1,1,43
5394,1,0,205.5,7,49,24
5395,0,0,431,5,25,405
5396,0,0,179,1,1,96
5397,0,0,24.9,2,4,704
5398,0,0,67.5,2,4,700
5399,1,0,372,13,169,311
5400,1,0,49.9,2,4,190
5401,0,0,29.5,1,1,422
5402,1,0,44.93,5,25,145
5403,1,0,317,3,9,212
5404,1,0,57.5,2,4,169
5405,0,0,78,2,4,59
5406,0,0,125,1,1,205
5407,0,0,39.95,1,1,361
5408,1,0,293,8,64,32
5409,0,0,168.7,8,64,134
5410,0,0,29.5,1,1,155
5411,0,0,29.95,1,1,590
5412,1,0,128.4,3,9,45
5413,0,0,285.8,16,256,23
5414,1,0,32,1,1,383
5415,1,0,160,1,1,699
5416,0,0,152.95,4,16,659
5417,1,173,1504.65,35,1225,32
5418,1,0,127.5,3,9,28
5419,1,0,48,2,4,64
5420,1,0,189,2,4,41
5421,0,0,422.49,12,144,48
5422,0,0,39.5,2,4,529
5423,0,0,29,1,1,53
5424,1,222.95,339.7,14,196,178
5425,1,28.95,258,2,4,61
5426,0,0,184,2,4,426
5427,1,0,164,4,16,386
5428,0,0,89.9,2,4,306
5429,0,0,64.5,1,1,10
5430,0,0,36,1,1,552
5431,0,0,136,6,36,16
5432,0,0,87.5,2,4,473
5433,1,0,186.5,5,25,51
5434,0,0,147.5,5,25,52
5435,0,120.75,24.95,2,4,83
5436,1,0,215,5,25,9
5437,0,74.8,388.87,12,144,29
5438,0,0,36.85,3,9,309
5439,0,0,164.5,6,36,26
5440,1,0,166.6,9,81,7
5441,0,177.95,66,2,4,47
5442,1,40.45,1277.89,37,1369,28
5443,0,0,39,1,1,337
5444,0,0,68,4,16,464
5445,0,0,87,3,9,23
5446,1,0,51.9,2,4,310
5447,0,78.5,82,2,4,392
5448,1,108.95,329.55,16,256,1
5449,0,0,210,3,9,19
5450,1,0,286,4,16,82
5451,1,0,302,7,49,45
5452,1,0,45,1,1,334
5453,0,69,159,1,1,69
5454,0,0,70,2,4,579
5455,1,0,59.95,1,1,233
5456,1,0,696.95,16,256,20
5457,0,0,202,6,36,320
5458,1,0,208.95,5,25,388
5459,0,0,219,8,64,246
5460,1,0,123,4,16,4
5461,0,119,19.5,1,1,137
5462,1,0,1051,6,36,207
5463,0,0,329,7,49,41
5464,0,133,427.45,12,144,23
5465,0,102,215,8,64,18
5466,0,0,392.45,8,64,23
5467,1,0,344.95,8,64,53
5468,0,0,30,2,4,162
5469,1,0,135,3,9,327
5470,1,0,170.5,5,25,12
5471,1,0,142,3,9,261
5472,0,0,136,3,9,131
5473,1,0,587,8,64,19
5474,0,22.5,63.35,4,16,18
5475,0,88.5,223.5,7,49,25
5476,0,0,153,3,9,90
5477,1,0,144.7,5,25,549
5478,1,56,737.5,20,400,18
5479,1,0,262,8,64,78
5480,1,0,199.5,5,25,401
5481,0,0,242,7,49,478
5482,1,45,339,5,25,27
5483,1,0,643.75,18,324,370
5484,1,0,136,4,16,223
5485,0,0,70.95,2,4,50
5486,1,0,229.5,5,25,23
5487,0,0,299.5,4,16,23
5488,0,0,54,2,4,8
5489,1,0,893.5,20,400,48
5490,0,0,321.5,4,16,22
5491,0,0,84.9,5,25,521
5492,0,0,795.45,30,900,87
5493,0,207.4,190,6,36,21
5494,0,15,191,5,25,45
5495,0,19,432,13,169,32
5496,1,0,116.95,5,25,536
5497,0,0,18,1,1,19
5498,1,0,249.35,13,169,51
5499,0,0,185,7,49,4
5500,0,0,239,7,49,22
5501,0,0,130.95,5,25,79
5502,0,0,223.5,7,49,28
5503,1,0,145.8,4,16,532
5504,0,0,54,1,1,16
5505,1,0,301,6,36,79
5506,0,0,315,9,81,63
5507,1,0,332,7,49,48
5508,0,29.5,174.45,5,25,85
5509,0,0,14.95,1,1,230
5510,0,0,44.5,2,4,25
5511,0,0,168.95,2,4,83
5512,1,0,149,3,9,227
5513,1,149,2872.7,64,4096,74
5514,0,0,263,6,36,4
5515,0,0,301.5,8,64,37
5516,1,20,55,2,4,56
5517,1,171.5,575.4,18,324,40
5518,0,0,90.95,3,9,545
5519,0,0,238,2,4,30
5520,0,1.95,177.15,18,324,57
5521,0,357.95,990.8,37,1369,17
5522,0,0,310.65,16,256,168
5523,0,0,245,4,16,17
5524,1,0,49,1,1,55
5525,1,0,299,12,144,23
5526,1,133.15,314.5,8,64,17
5527,0,0,30,1,1,350
5528,0,0,39,1,1,14
5529,1,0,102,3,9,347
5530,0,0,63,3,9,20
5531,1,0,70,1,1,404
5532,0,0,59.95,1,1,516
5533,1,0,256,7,49,51
5534,1,0,659.5,7,49,206
5535,1,0,358.1,12,144,27
5536,0,0,96,3,9,562
5537,0,0,63.9,3,9,321
5538,1,10,156.75,6,36,386
5539,0,0,634,7,49,5
5540,1,0,190,5,25,440
5541,0,0,59,1,1,704
5542,0,0,131.55,8,64,1
5543,0,0,39,1,1,21
5544,1,0,522.9,17,289,292
5545,0,169,59,1,1,119
5546,0,53,777.35,15,225,349
5547,1,0,164.45,5,25,24
5548,1,0,174,3,9,232
5549,1,0,443,13,169,22
5550,1,38,190.9,7,49,567
5551,1,0,691.95,15,225,36
5552,1,33.4,728.2,21,441,18
5553,0,0,172.95,6,36,522
5554,0,0,24,1,1,27
5555,0,0,232,8,64,2
5556,0,0,252,7,49,31
5557,1,75,1096.55,27,729,17
5558,0,0,135.5,3,9,20
5559,0,0,44,1,1,470
5560,0,0,36,2,4,166
5561,1,0,124,6,36,388
5562,0,0,349,12,144,32
5563,0,0,76,2,4,14
5564,1,0,106.75,4,16,14
5565,1,0,348.3,12,144,18
5566,1,0,254.5,3,9,35
5567,0,0,136.45,7,49,23
5568,0,0,302,9,81,22
5569,1,258,235.25,8,64,10
5570,0,0,0,1,1,418
5571,0,0,242.3,16,256,392
5572,0,0,128.75,3,9,166
5573,1,0,19,1,1,589
5574,0,0,142,5,25,475
5575,0,0,87,3,9,391
5576,0,0,246,6,36,34
5577,0,44,35,2,4,379
5578,1,39.95,248.5,7,49,20
5579,0,0,44,1,1,204
5580,0,0,129.45,5,25,23
5581,1,10.95,129.9,5,25,160
5582,0,0,66,3,9,333
5583,0,0,75,1,1,443
5584,1,29.5,98,1,1,161
5585,1,219.5,953,3,9,434
5586,0,19,65,2,4,446
5587,1,0,29.5,1,1,393
5588,1,0,49,1,1,707
5589,1,0,120.75,4,16,552
5590,0,0,150,3,9,427
5591,0,94,459,10,100,334
5592,0,0,284,6,36,59
5593,0,0,296.35,10,100,180
5594,0,39,149.95,4,16,467
5595,1,0,185,4,16,385
5596,0,0,98,2,4,486
5597,1,0,67,2,4,423
5598,0,0,68,2,4,605
5599,1,0,383,9,81,47
5600,1,0,202,6,36,384
5601,0,0,74,2,4,88
5602,0,0,118,2,4,196
5603,0,0,25.9,2,4,599
5604,1,0,44,1,1,388
5605,0,0,259.9,7,49,363
5606,0,0,32.9,2,4,190
5607,0,53.45,36,2,4,532
5608,0,0,105.75,7,49,144
5609,0,0,105.5,3,9,118
5610,1,0,417,2,4,292
5611,0,0,55,2,4,383
5612,1,0,687.45,23,529,33
5613,0,73.9,174,6,36,48
5614,1,8.95,359.9,7,49,1
5615,1,0,489,11,121,46
5616,1,238.95,112,4,16,57
5617,1,51,135.85,6,36,318
5618,1,0,100,2,4,322
5619,1,0,176.85,6,36,16
5620,0,0,137,3,9,18
5621,0,0,75,2,4,30
5622,0,0,0,1,1,377
5623,0,0,82,3,9,22
5624,0,0,193.8,5,25,706
5625,0,0,15,1,1,11
5626,1,0,133,4,16,68
5627,0,0,90.5,4,16,72
5628,0,69,175,4,16,389
5629,0,0,39,1,1,388
5630,1,0,87.85,3,9,724
5631,0,0,124,3,9,515
5632,1,0,334.5,9,81,35
5633,1,0,173,3,9,78
5634,0,128,133.95,2,4,50
5635,1,0,305,8,64,46
5636,0,0,59,2,4,61
5637,1,0,88.5,3,9,7
5638,0,46,29.5,1,1,15
5639,0,0,39.5,2,4,136
5640,0,0,247.85,6,36,25
5641,0,0,120,2,4,22
5642,0,32,121.95,4,16,166
5643,0,0,133.5,4,16,11
5644,0,0,49,2,4,168
5645,1,15,131,4,16,24
5646,0,0,29,1,1,379
5647,1,0,470,9,81,20
5648,0,0,136.95,3,9,264
5649,0,0,379.9,7,49,179
5650,1,62,984.5,32,1024,32
5651,0,0,48,2,4,399
5652,0,16,246.5,4,16,55
5653,1,175,150,5,25,23
5654,1,0,119,1,1,345
5655,1,0,402.9,10,100,56
5656,1,0,249,7,49,15
5657,0,0,95.5,3,9,347
5658,1,0,70.5,2,4,396
5659,0,0,93,2,4,448
5660,1,0,19.95,1,1,706
5661,0,185,39,1,1,499
5662,0,0,64,1,1,388
5663,0,27,12,1,1,411
5664,0,0,232,4,16,21
5665,0,0,89,1,1,394
5666,1,0,799.95,21,441,173
5667,1,128,1158.75,37,1369,21
5668,1,0,49.5,1,1,387
5669,1,0,121,4,16,21
5670,0,0,44,1,1,30
5671,0,0,44,2,4,554
5672,0,0,268,4,16,717
5673,1,0,215,7,49,258
5674,1,0,64,2,4,417
5675,0,29.5,243.95,7,49,29
5676,1,130.9,169.95,5,25,11
5677,0,0,44,2,4,38
5678,0,0,308,14,196,687
5679,0,0,573,15,225,81
5680,0,0,59,1,1,607
5681,1,63.75,712.85,31,961,1
5682,0,0,24,1,1,11
5683,0,0,29,1,1,634
5684,1,0,24,1,1,690
5685,1,0,416.95,10,100,15
5686,0,0,212,3,9,11
5687,1,0,230.5,9,81,384
5688,1,193,106.5,7,49,2
5689,0,0,0,1,1,378
5690,1,29,165,2,4,637
5691,1,0,166,5,25,14
5692,0,0,166,5,25,633
5693,0,0,39.5,1,1,11
5694,0,0,114,2,4,390
5695,1,0,676,16,256,38
5696,0,0,61.4,3,9,220
5697,0,0,89,1,1,39
5698,1,0,191.5,5,25,18
5699,0,0,304,11,121,26
5700,1,0,289,6,36,162
5701,1,0,282.35,14,196,1
5702,0,0,48.5,2,4,11
5703,1,0,111.4,6,36,77
5704,0,0,397,9,81,89
5705,1,0,150,3,9,714
5706,1,0,418.2,18,324,69
5707,1,0,145,1,1,21
5708,1,0,212.95,5,25,66
5709,1,0,665,9,81,100
5710,0,0,45,1,1,79
5711,0,0,98.65,10,100,8
5712,1,0,33.9,2,4,704
5713,0,0,226.5,6,36,17
5714,0,0,252.95,5,25,182
5715,1,0,172,5,25,387
5716,0,0,152,4,16,18
5717,1,0,190.5,6,36,198
5718,0,0,175,8,64,253
5719,0,0,137,5,25,137
5720,1,0,191.85,7,49,242
5721,0,0,174,6,36,29
5722,1,63,164,7,49,188
5723,0,0,113,3,9,390
5724,0,0,44,1,1,379
5725,1,27.85,643.95,27,729,19
5726,0,0,259.95,4,16,206
5727,0,0,0,1,1,383
5728,0,0,34,2,4,478
5729,1,0,448,6,36,130
5730,1,0,69,1,1,386
5731,0,0,107,3,9,372
5732,0,0,199,3,9,87
5733,1,0,565.85,12,144,146
5734,1,0,144,4,16,29
5735,0,0,167,4,16,450
5736,0,0,137,3,9,140
5737,1,0,615,4,16,549
5738,0,0,0,1,1,370
5739,0,18,220.9,8,64,22
5740,1,0,149,1,1,52
5741,0,0,226,7,49,270
5742,1,0,312,6,36,601
5743,1,0,415,9,81,25
5744,1,0,220.95,3,9,552
5745,0,0,154,4,16,12
5746,0,0,60,1,1,368
5747,0,0,106,2,4,678
5748,0,0,105,5,25,8
5749,1,0,153.9,5,25,582
5750,0,104.5,98.5,2,4,90
5751,1,0,83,3,9,391
5752,1,0,19.5,1,1,262
5753,1,0,83.5,2,4,19
5754,0,0,46.8,4,16,145
5755,1,0,199,3,9,61
5756,0,0,49.95,2,4,675
5757,0,68,161.5,5,25,75
5758,0,0,193,5,25,18
5759,1,0,73,2,4,43
5760,1,0,501.15,24,576,189
5761,0,46,869.2,20,400,19
5762,0,0,153,4,16,31
5763,1,0,89.85,3,9,715
5764,0,0,59,1,1,573
5765,1,0,770,17,289,22
5766,0,0,107.5,3,9,102
5767,0,0,90,3,9,322
5768,1,49,1421.3,37,1369,16
5769,0,0,22.9,2,4,663
5770,0,0,169,1,1,50
5771,0,0,49,2,4,17
5772,0,0,154,4,16,30
5773,0,0,36,1,1,221
5774,0,99.45,94.95,3,9,366
5775,1,0,69,1,1,382
5776,1,88,108,2,4,281
5777,0,0,99,1,1,142
5778,1,56,99.45,3,9,214
5779,1,39.5,231.95,6,36,15
5780,0,97.95,127,5,25,518
5781,0,0,19.5,1,1,52
5782,1,0,138,1,1,241
5783,1,0,189,1,1,443
5784,1,0,273,6,36,47
5785,1,0,128,2,4,623
5786,0,0,127,4,16,16
5787,1,0,103,2,4,583
5788,0,0,70,2,4,19
5789,1,0,165,4,16,455
5790,0,0,24,1,1,403
5791,0,0,55,1,1,421
5792,0,0,88,4,16,25
5793,0,0,88.85,3,9,361
5794,0,97.5,231.5,5,25,1
5795,0,29,84,2,4,450
5796,0,0,261,5,25,388
5797,1,0,39,1,1,447
5798,0,0,310.85,8,64,19
5799,0,0,100,4,16,69
5800,0,13.95,61.85,5,25,386
5801,0,0,174.5,6,36,384
5802,1,0,117,3,9,363
5803,1,0,151.5,4,16,15
5804,1,0,894.5,22,484,17
5805,1,0,456,7,49,101
5806,1,0,54,2,4,44
5807,1,0,809.1,25,625,14
5808,0,0,30.5,2,4,397
5809,0,0,93,3,9,58
5810,0,0,39,2,4,25
5811,0,0,75,2,4,294
5812,0,0,134.95,3,9,161
5813,1,0,48.9,2,4,488
5814,1,0,64.5,4,16,20
5815,0,0,39.95,1,1,458
5816,0,0,702.85,11,121,322
5817,1,0,17,1,1,337
5818,0,0,288.85,5,25,17
5819,1,0,388.65,13,169,31
5820,0,0,80,2,4,604
5821,1,0,395,4,16,387
5822,1,0,179.25,5,25,105
5823,0,0,222.45,5,25,494
5824,0,0,24,1,1,531
5825,1,0,322.9,10,100,1
5826,1,0,301,11,121,27
5827,0,0,281,9,81,408
5828,0,0,44,1,1,461
5829,0,0,29,1,1,136
5830,1,0,107,2,4,267
5831,1,0,160,3,9,55
5832,0,0,44,1,1,682
5833,1,0,128,2,4,168
5834,1,124,72.85,5,25,168
5835,1,216.9,2166,45,2025,10
5836,0,0,39.95,1,1,263
5837,0,0,58,2,4,390
5838,1,0,75,2,4,105
5839,0,0,149,1,1,162
5840,0,0,115,3,9,14
5841,0,0,25,1,1,150
5842,0,120.95,1766,35,1225,12
5843,1,0,29,1,1,398
5844,0,0,79,1,1,669
5845,1,0,149,5,25,243
5846,0,0,29,1,1,24
5847,1,0,38,2,4,426
5848,0,0,59,1,1,531
5849,0,0,485,7,49,27
5850,0,0,29.5,1,1,28
5851,0,0,199,1,1,23
5852,0,0,0,1,1,296
5853,1,0,37,1,1,14
5854,0,0,44,1,1,392
5855,1,0,39,1,1,394
5856,1,0,44,1,1,385
5857,0,0,44.8,4,16,565
5858,1,126,299,1,1,63
5859,0,0,79,1,1,416
5860,1,0,143,3,9,39
5861,1,0,328,8,64,351
5862,0,39,809.45,14,196,24
5863,0,0,99,1,1,724
5864,1,0,495,15,225,178
5865,1,0,386.5,11,121,142
5866,1,344,186.5,5,25,28
5867,0,0,86,2,4,49
5868,1,0,138,6,36,336
5869,0,0,34,3,9,390
5870,0,0,275.9,8,64,363
5871,0,0,68,4,16,20
5872,0,0,371.9,12,144,126
5873,1,0,236,4,16,493
5874,1,0,292,7,49,18
5875,1,0,227,4,16,89
5876,0,24,207.95,3,9,264
5877,0,0,22,1,1,64
5878,0,0,79,1,1,453
5879,0,0,79,2,4,463
5880,1,0,99,2,4,397
5881,0,0,123.25,7,49,92
5882,0,0,38.5,2,4,20
5883,0,0,0,1,1,378
5884,1,106,120,5,25,35
5885,0,0,99,1,1,14
5886,1,0,178,2,4,27
5887,1,0,26.95,1,1,335
5888,0,0,30,1,1,531
5889,1,0,44,1,1,356
5890,1,0,1190.45,35,1225,30
5891,0,0,54,2,4,461
5892,0,0,39.5,2,4,148
5893,0,0,44,1,1,386
5894,1,55,238,7,49,18
5895,1,0,167,2,4,32
5896,0,0,214,4,16,57
5897,0,0,59,1,1,47
5898,1,0,172,3,9,414
5899,1,0,183.95,5,25,300
5900,1,0,208,2,4,46
5901,1,0,58.5,3,9,531
5902,0,0,58,2,4,15
5903,1,0,426.25,14,196,20
5904,0,0,17.9,2,4,137
5905,1,0,139.4,4,16,495
5906,0,0,108.5,3,9,505
5907,0,24.5,29,1,1,93
5908,0,0,74,1,1,399
5909,0,0,81.85,8,64,592
5910,0,0,52,1,1,53
5911,1,0,176.5,6,36,274
5912,0,0,184,2,4,71
5913,1,111,528.9,19,361,2
5914,1,0,807,23,529,27
5915,1,0,159.45,3,9,41
5916,0,0,86,3,9,428
5917,0,0,29.5,1,1,56
5918,0,0,414.95,6,36,4
5919,0,19.5,58,2,4,21
5920,1,0,138,2,4,2
5921,0,0,59.95,1,1,9
5922,0,0,59,1,1,41
5923,1,0,146,4,16,407
5924,1,49.5,154,4,16,20
5925,1,0,103,2,4,394
5926,1,28,251.95,9,81,26
5927,0,0,338.95,8,64,10
5928,0,0,56,1,1,331
5929,0,0,79.8,4,16,729
5930,1,0,173.5,4,16,387
5931,0,0,331.9,2,4,101
5932,1,0,221.5,5,25,12
5933,0,0,22,1,1,371
5934,0,0,213.5,6,36,10
5935,1,0,29,1,1,383
5936,0,0,143,6,36,153
5937,1,0,15,1,1,708
5938,0,0,65.5,2,4,33
5939,0,0,229,5,25,2
5940,0,0,40,1,1,459
5941,0,0,72,6,36,562
5942,0,0,20,1,1,20
5943,0,0,69,1,1,449
5944,1,74,302.5,8,64,16
5945,1,0,87.5,2,4,75
5946,0,0,395.5,4,16,381
5947,0,0,219,2,4,207
5948,0,0,87,2,4,32
5949,0,0,1722,14,196,43
5950,1,0,117,2,4,606
5951,0,29,175.5,6,36,22
5952,0,0,84,2,4,403
5953,0,0,125.5,4,16,388
5954,1,0,26.95,1,1,594
5955,0,0,126,4,16,433
5956,1,0,21,1,1,447
5957,1,0,229.5,5,25,65
5958,0,41,32.5,1,1,23
5959,0,0,58,2,4,386
5960,0,0,155.85,4,16,539
5961,1,22,647.95,13,169,35
5962,0,16,13.9,2,4,657
5963,0,0,75.9,4,16,479
5964,0,0,59,1,1,444
5965,0,0,139,1,1,408
5966,1,0,82,2,4,127
5967,1,0,235.9,6,36,51
5968,1,0,118.9,3,9,184
5969,1,0,88,3,9,572
5970,1,0,159,2,4,388
5971,1,0,198,2,4,17
5972,1,0,82,2,4,27
5973,1,0,22.95,1,1,567
5974,0,0,222,7,49,21
5975,1,0,99,2,4,42
5976,0,0,79,1,1,131
5977,0,59,240,9,81,549
5978,1,0,388.95,10,100,26
5979,1,0,22,1,1,583
5980,0,0,39,1,1,597
5981,1,0,206,4,16,573
5982,0,0,49,1,1,527
5983,0,0,59,2,4,18
5984,1,0,133,3,9,255
5985,0,0,39,1,1,388
5986,1,0,187.95,4,16,324
5987,1,0,299,8,64,138
5988,0,0,89,1,1,89
5989,0,0,112,2,4,32
5990,0,0,44,1,1,57
5991,1,0,44,1,1,417
5992,1,0,35,1,1,140
5993,0,0,568,19,361,23
5994,0,0,30,2,4,19
5995,1,101,880,27,729,33
5996,0,0,29.5,1,1,59
5997,0,0,95,3,9,635
5998,1,0,352,16,256,395
5999,1,0,44.95,1,1,727
6000,1,0,69.5,4,16,108
6001,0,0,70,2,4,27
6002,1,0,321.5,9,81,16
6003,0,0,25,1,1,1
6004,0,0,387,3,9,13
6005,0,0,238,3,9,342
6006,1,0,189,2,4,246
6007,1,44,252.45,7,49,420
6008,0,0,56,1,1,143
6009,0,0,59,1,1,37
6010,0,0,303,12,144,60
6011,1,0,58,2,4,382
6012,1,0,130,1,1,90
6013,0,0,81,2,4,383
6014,1,0,421,5,25,401
6015,0,0,109,1,1,300
6016,1,42.85,36,1,1,623
6017,0,0,177.5,4,16,385
6018,0,0,105,3,9,18
6019,0,0,59.5,2,4,16
6020,1,36.95,105.45,4,16,20
6021,0,0,401.4,14,196,20
6022,0,0,90.5,3,9,413
6023,1,0,198.5,7,49,23
6024,1,0,98,4,16,133
6025,1,0,279,7,49,17
6026,0,0,55,2,4,520
6027,0,0,113,3,9,3
6028,1,0,157,3,9,23
6029,0,0,44,1,1,337
6030,1,29,524,13,169,81
6031,0,0,277.5,6,36,9
6032,1,0,279,1,1,337
6033,0,0,94,2,4,473
6034,0,128,183,5,25,243
6035,0,0,159,1,1,413
6036,0,0,159,1,1,397
6037,1,0,402.5,6,36,569
6038,0,0,42,1,1,424
6039,1,24,49.5,3,9,153
6040,0,0,49,1,1,602
6041,1,129,163.5,5,25,43
6042,0,0,69,2,4,414
6043,1,29.5,260,7,49,15
6044,0,0,129,2,4,461
6045,0,0,114.5,3,9,13
6046,0,0,73,4,16,35
6047,0,0,79,1,1,391
6048,0,0,39.5,1,1,21
6049,1,0,177.5,4,16,16
6050,0,0,129,1,1,20
6051,0,0,121.9,4,16,131
6052,0,0,145.6,8,64,165
6053,0,0,128,4,16,27
6054,1,0,341.95,6,36,22
6055,1,0,403.5,16,256,17
6056,1,0,61.5,2,4,606
6057,0,0,9.95,1,1,225
6058,0,49,45.9,2,4,440
6059,1,0,509,14,196,237
6060,1,0,309,8,64,534
6061,1,0,124.95,4,16,720
6062,0,0,220,10,100,636
6063,0,0,201.95,4,16,386
6064,1,0,44,2,4,635
6065,0,0,199,1,1,393
6066,1,0,638.5,2,4,173
6067,1,0,39.5,2,4,124
6068,1,0,176.5,6,36,392
6069,1,0,154,7,49,397
6070,0,0,88,2,4,429
6071,1,0,64.9,3,9,535
6072,0,59,144.65,8,64,23
6073,0,54.95,137.45,4,16,96
6074,0,0,166,2,4,24
6075,0,0,118.95,2,4,2
6076,1,0,182,4,16,259
6077,1,74.9,84,2,4,147
6078,0,0,132,3,9,46
6079,1,0,176,4,16,385
6080,1,0,206,5,25,85
6081,0,0,100,4,16,13
6082,1,0,104,3,9,446
6083,1,0,238.5,5,25,225
6084,0,0,79.95,1,1,515
6085,1,0,2235.9,63,3969,53
6086,0,0,94,3,9,393
6087,1,0,76,3,9,167
6088,1,0,238,4,16,401
6089,1,0,255,8,64,41
6090,0,0,83.5,2,4,380
6091,0,0,118,2,4,376
6092,1,0,144,2,4,274
6093,1,155.95,796,16,256,15
6094,0,0,323.5,11,121,153
6095,0,0,14.95,1,1,213
6096,0,0,207,4,16,245
6097,0,0,121.5,3,9,590
6098,1,0,56,1,1,203
6099,1,0,299,6,36,380
6100,0,0,319.5,9,81,15
6101,0,0,66,2,4,405
6102,1,0,269.5,4,16,153
6103,0,0,139,4,16,16
6104,1,0,118,2,4,414
6105,0,0,109,1,1,487
6106,1,0,39.5,2,4,489
6107,0,0,169.5,4,16,15
6108,1,0,73,4,16,386
6109,0,0,175,6,36,20
6110,0,0,425.5,9,81,17
6111,1,0,292,6,36,21
6112,0,0,44,1,1,452
6113,0,0,26,1,1,498
6114,1,0,564.5,12,144,21
6115,0,0,225,3,9,506
6116,1,0,652.3,18,324,66
6117,1,0,203,3,9,11
6118,1,0,348,6,36,350
6119,0,0,38.9,2,4,545
6120,0,0,64.5,2,4,410
6121,0,0,34,2,4,426
6122,0,0,0,1,1,500
6123,0,0,129,1,1,384
6124,1,0,158,2,4,170
6125,0,0,133,2,4,362
6126,0,0,198,6,36,23
6127,1,0,29.5,1,1,40
6128,0,0,39.5,1,1,385
6129,0,0,42,1,1,165
6130,0,0,90,3,9,43
6131,0,73,105,3,9,25
6132,0,0,30,1,1,340
6133,0,111.75,74.85,3,9,652
6134,1,0,222,5,25,74
6135,0,0,49,1,1,389
6136,1,0,39.5,1,1,336
6137,0,32,829.6,25,625,26
6138,0,0,139,4,16,54
6139,0,0,29.5,1,1,292
6140,1,29.95,258,6,36,27
6141,1,0,456.85,10,100,138
6142,0,0,24,1,1,170
6143,0,0,18.95,1,1,444
6144,0,0,50,2,4,23
6145,0,0,182,8,64,145
6146,0,0,63.5,3,9,30
6147,0,0,39.5,1,1,723
6148,1,143.5,263.5,6,36,15
6149,0,0,49,1,1,50
6150,0,0,79,4,16,137
6151,0,0,469.9,11,121,193
6152,0,0,39.5,2,4,504
6153,1,0,89.5,4,16,138
6154,0,0,66.5,3,9,18
6155,0,0,44,2,4,49
6156,0,0,39.95,1,1,431
6157,0,26.5,193.85,6,36,138
6158,1,0,34.5,1,1,499
6159,1,0,69,3,9,376
6160,0,0,36,2,4,525
6161,1,0,195.5,7,49,412
6162,0,1905,144,6,36,18
6163,0,0,74,1,1,382
6164,1,0,115,3,9,9
6165,0,19.95,223.85,7,49,597
6166,0,0,39.5,2,4,510
6167,1,0,409,8,64,101
6168,1,0,22,1,1,33
6169,1,0,267,5,25,14
6170,0,0,39.5,2,4,501
6171,0,0,49.5,3,9,155
6172,0,0,117,3,9,16
6173,0,0,28,1,1,14
6174,1,0,68,2,4,16
6175,1,0,370.5,7,49,28
6176,1,50,340,9,81,68
6177,0,0,54,2,4,11
6178,0,18,336.95,5,25,392
6179,1,0,735.5,10,100,275
6180,1,0,257.9,8,64,148
6181,0,199,281.95,6,36,9
6182,0,0,191,6,36,155
6183,0,0,91,6,36,26
6184,0,0,101,3,9,25
6185,1,16,76.95,4,16,14
6186,1,0,69,1,1,122
6187,0,137,537,11,121,72
6188,0,0,383,13,169,188
6189,0,0,39.5,1,1,30
6190,0,0,104,3,9,402
6191,0,0,128,2,4,31
6192,1,0,38,1,1,165
6193,0,0,671.5,16,256,13
6194,0,0,41.95,2,4,367
6195,1,59,234,5,25,14
6196,1,0,339.95,13,169,29
6197,1,0,429.9,11,121,432
6198,0,0,64,1,1,388
6199,0,0,148.5,5,25,26
6200,1,0,44.9,2,4,190
6201,1,0,276.9,5,25,26
6202,0,0,169,6,36,242
6203,0,0,73,2,4,28
6204,0,0,41,1,1,25
6205,0,0,98.95,2,4,53
6206,1,0,342.55,13,169,597
6207,0,0,147.5,5,25,193
6208,1,0,329,1,1,432
6209,1,0,102.3,5,25,133
6210,0,0,150,2,4,76
6211,1,0,191,6,36,51
6212,0,0,188,2,4,309
6213,0,0,139,1,1,417
6214,1,0,89,1,1,380
6215,0,0,118,2,4,566
6216,1,0,89.9,2,4,490
6217,1,0,188,2,4,56
6218,1,0,125.5,4,16,204
6219,1,0,197.95,4,16,395
6220,1,44.95,29,1,1,682
6221,1,81,120.9,4,16,162
6222,0,0,49.5,1,1,394
6223,0,0,69,1,1,467
6224,1,0,300,8,64,20
6225,0,0,36,2,4,605
6226,0,46,177,9,81,15
6227,1,0,12,1,1,41
6228,0,0,57.95,2,4,140
6229,0,0,60,4,16,105
6230,0,0,119,1,1,380
6231,1,0,992.5,21,441,16
6232,1,0,39,1,1,62
6233,0,0,124,2,4,38
6234,0,0,312.5,10,100,64
6235,0,0,175,1,1,42
6236,0,0,34.5,1,1,65
6237,0,0,34.9,2,4,636
6238,0,0,109,1,1,347
6239,0,0,388,7,49,119
6240,0,22,166,4,16,46
6241,1,0,179,7,49,29
6242,0,0,49.5,1,1,11
6243,1,0,188,9,81,15
6244,0,0,392,10,100,21
6245,1,0,112,3,9,388
6246,0,0,279.5,6,36,204
6247,1,0,677.65,15,225,53
6248,0,0,24,1,1,394
6249,1,0,121,3,9,316
6250,0,19,534.4,18,324,155
6251,1,367.45,268.8,9,81,188
6252,1,0,75.9,3,9,542
6253,0,0,49,1,1,495
6254,0,0,167,3,9,606
6255,1,0,145.5,4,16,18
6256,1,0,453,13,169,138
6257,0,0,15,1,1,11
6258,0,0,220.75,8,64,140
6259,1,0,137.5,3,9,381
6260,1,0,392.5,13,169,265
6261,1,0,228.15,6,36,514
6262,0,0,39.5,1,1,21
6263,0,0,79,2,4,62
6264,0,0,44,1,1,390
6265,1,0,39,1,1,667
6266,1,0,145,4,16,264
6267,0,0,20,1,1,454
6268,0,0,69,1,1,105
6269,1,0,119,4,16,395
6270,1,49,29,1,1,422
6271,0,0,172.9,4,16,628
6272,0,0,179,7,49,392
6273,0,0,68,3,9,140
6274,1,0,61.5,2,4,721
6275,0,0,36,2,4,85
6276,1,0,43,2,4,324
6277,1,225.5,1212.95,25,625,28
6278,0,0,103.5,3,9,22
6279,0,25,163.95,3,9,399
6280,0,0,29.95,1,1,671
6281,0,0,201.85,6,36,583
6282,1,0,436,11,121,22
6283,1,51.65,124.5,3,9,75
6284,1,0,87,3,9,1
6285,1,0,29.95,1,1,645
6286,0,0,64,1,1,15
6287,0,29,206,6,36,4
6288,0,185.7,138,2,4,15
6289,0,0,69,1,1,512
6290,1,0,88,2,4,429
6291,1,0,246,5,25,26
6292,0,0,207,5,25,21
6293,0,0,58,2,4,387
6294,0,0,49.5,1,1,381
6295,1,0,206.75,8,64,383
6296,0,0,921.7,10,100,14
6297,1,0,835.2,22,484,28
6298,1,0,202.95,6,36,64
6299,0,0,366.65,11,121,195
6300,0,24,184,2,4,19
6301,1,0,269.75,5,25,607
6302,1,0,35,1,1,148
6303,0,0,44,2,4,14
6304,0,0,298,9,81,123
6305,0,0,3.75,3,9,20
6306,0,0,49.5,1,1,15
6307,1,0,59,1,1,86
6308,0,0,63,2,4,442
6309,0,0,49,1,1,68
6310,0,0,29,1,1,490
6311,1,0,130,4,16,447
6312,1,0,293,8,64,36
6313,1,0,102.7,6,36,723
6314,0,0,220.5,6,36,54
6315,0,0,117.5,3,9,26
6316,1,0,252,12,144,40
6317,0,0,70,2,4,334
6318,0,0,39,1,1,658
6319,1,0,102,3,9,93
6320,1,49,138,4,16,495
6321,1,34.95,1564.8,36,1296,17
6322,0,0,299.5,9,81,53
6323,0,0,69.5,1,1,400
6324,1,0,78.5,2,4,422
6325,0,56,597.5,14,196,24
6326,1,81.95,103,3,9,75
6327,0,0,39,1,1,575
6328,0,0,151.5,4,16,29
6329,0,21.45,577.04,27,729,11
6330,1,183.9,150,4,16,40
6331,0,0,42,1,1,393
6332,0,0,549.95,14,196,2
6333,0,0,56,1,1,724
6334,0,0,48,1,1,291
6335,0,17.85,29.95,1,1,59
6336,0,69,117.6,8,64,397
6337,1,0,1481.2,24,576,14
6338,0,0,74,2,4,446
6339,0,0,35,1,1,299
6340,0,0,126.99,5,25,115
6341,0,0,30,1,1,143
6342,1,0,44,1,1,425
6343,1,0,279,5,25,82
6344,1,0,82,3,9,390
6345,0,0,48,1,1,385
6346,0,0,88,2,4,380
6347,0,0,89,1,1,422
6348,0,0,308.3,20,400,138
6349,0,0,130.5,5,25,28
6350,0,0,29,1,1,14
6351,1,0,201,5,25,93
6352,0,0,27.45,5,25,164
6353,0,0,29,1,1,441
6354,1,0,402.5,11,121,29
6355,1,91.25,147,4,16,666
6356,1,0,166.5,4,16,9
6357,0,0,80,3,9,26
6358,1,97,481,5,25,443
6359,0,108.95,205.85,4,16,15
6360,0,0,69,1,1,480
6361,1,58.45,1249.15,26,676,129
6362,0,0,112,3,9,443
6363,1,75,387,14,196,15
6364,1,0,49.5,3,9,492
6365,1,0,379,4,16,23
6366,1,0,247,4,16,37
6367,0,0,54,2,4,599
6368,0,62,86,3,9,414
6369,1,0,49,1,1,390
6370,0,0,73,2,4,704
6371,0,0,39,1,1,405
6372,0,0,95.9,3,9,119
6373,1,0,167,5,25,389
6374,1,0,39.5,2,4,122
6375,0,0,220,5,25,4
6376,0,0,916.5,26,676,81
6377,1,0,125,1,1,32
6378,0,0,623,18,324,11
6379,0,0,38,1,1,391
6380,1,176.35,357.75,13,169,1
6381,1,0,77.5,3,9,15
6382,1,57.85,290,5,25,389
6383,1,0,72,1,1,366
6384,0,0,85,2,4,19
6385,1,0,356,3,9,51
6386,1,0,127.75,6,36,41
6387,0,0,78,2,4,76
6388,0,0,225.65,12,144,208
6389,1,0,410.4,15,225,21
6390,0,0,380.8,13,169,1
6391,0,0,62.5,2,4,43
6392,0,0,30,2,4,16
6393,1,0,82.95,3,9,82
6394,1,0,39.5,2,4,512
6395,0,9.95,29.95,1,1,707
6396,1,0,276.5,7,49,17
6397,0,0,15,1,1,116
6398,1,0,107,3,9,571
6399,0,0,205,5,25,382
6400,1,0,35,1,1,380
6401,1,0,106.75,5,25,474
6402,1,0,363.75,14,196,128
6403,0,120,668.4,20,400,13
6404,1,0,189,4,16,22
6405,1,0,154,4,16,63
6406,1,0,163,2,4,410
6407,0,0,58.5,3,9,65
6408,0,0,44,1,1,397
6409,0,0,111.75,5,25,683
6410,0,0,132,3,9,368
6411,0,0,303,8,64,491
6412,0,0,18,1,1,369
6413,0,0,15,1,1,36
6414,0,0,126.5,4,16,699
6415,1,0,54,1,1,385
6416,1,0,200,7,49,226
6417,1,0,59,1,1,261
6418,0,0,109.5,5,25,664
6419,0,0,30,2,4,155
6420,0,0,29,1,1,404
6421,0,0,85.95,5,25,121
6422,1,0,68,2,4,415
6423,0,0,41,1,1,29
6424,0,0,126,4,16,245
6425,0,0,117.5,3,9,30
6426,1,0,39.5,1,1,391
6427,0,0,161,2,4,683
6428,1,0,39.5,2,4,150
6429,0,125.35,501.85,11,121,557
6430,0,0,59.5,2,4,408
6431,0,0,40,1,1,95
6432,1,0,958,16,256,63
6433,0,0,188,5,25,8
6434,1,0,418,15,225,241
6435,1,219,99,1,1,91
6436,0,63.5,133,3,9,56
6437,1,0,147.5,3,9,336
6438,0,0,220.85,9,81,62
6439,1,0,109,2,4,525
6440,0,0,169,1,1,436
6441,0,0,79,4,16,499
6442,1,0,147.5,5,25,37
6443,1,0,109.9,5,25,385
6444,0,0,542,18,324,241
6445,1,0,39,1,1,385
6446,0,0,39.5,1,1,592
6447,0,0,49.5,2,4,377
6448,1,68.95,190.5,7,49,74
6449,1,0,168.25,7,49,187
6450,0,0,69,1,1,13
6451,0,0,449,13,169,12
6452,1,0,323,3,9,110
6453,1,0,512.85,14,196,23
6454,1,0,448,15,225,319
6455,1,0,17,1,1,308
6456,1,0,621,20,400,248
6457,1,0,850.65,31,961,23
6458,0,0,102.95,6,36,652
6459,1,0,1079.1,27,729,8
6460,0,0,396,10,100,13
6461,0,0,241,7,49,382
6462,0,0,200.5,6,36,63
6463,0,0,59,2,4,701
6464,1,161.8,877.15,31,961,2
6465,0,0,88,2,4,16
6466,0,0,85.9,3,9,184
6467,0,0,174,4,16,24
6468,0,0,86,2,4,9
6469,0,0,98,2,4,401
6470,0,0,89,1,1,68
6471,0,0,210.5,8,64,389
6472,1,94.5,662.5,12,144,475
6473,0,0,172.45,11,121,20
6474,1,0,255.85,10,100,264
6475,1,0,215,7,49,37
6476,1,0,178.5,6,36,74
6477,0,0,244,7,49,29
6478,0,0,535,8,64,15
6479,0,129,109,2,4,12
6480,0,0,78.5,2,4,22
6481,1,0,357,1,1,357
6482,0,0,164,7,49,315
6483,0,0,74,1,1,298
6484,0,0,60,1,1,497
6485,1,0,39,1,1,18
6486,1,0,54.5,2,4,57
6487,1,113,1018.8,26,676,2
6488,0,97.95,137.5,3,9,22
6489,1,0,603.45,19,361,253
6490,0,0,41,2,4,23
6491,0,0,108.5,3,9,168
6492,0,98,462.75,17,289,285
6493,1,0,98.95,2,4,172
6494,1,0,156.25,8,64,159
6495,1,0,692,24,576,10
6496,1,0,123.95,2,4,666
6497,1,45,44,1,1,407
6498,0,0,203.05,12,144,18
6499,0,0,465,21,441,25
6500,1,0,124.5,4,16,392
6501,1,0,116.95,4,16,511
6502,1,0,766.95,5,25,343
6503,1,0,12.95,1,1,169
6504,0,0,49.5,1,1,411
6505,0,0,63.5,2,4,29
6506,1,0,467.4,7,49,60
6507,1,224,101.95,5,25,12
6508,1,0,500,11,121,106
6509,1,0,24,1,1,344
6510,1,0,45,1,1,304
6511,0,0,93,3,9,16
6512,0,19.5,93,2,4,107
6513,0,0,98,2,4,165
6514,0,0,280.5,7,49,8
6515,0,0,146.5,4,16,22
6516,1,0,592.5,11,121,7
6517,0,0,29.95,1,1,88
6518,0,0,106,3,9,596
6519,1,0,262.5,6,36,27
6520,0,0,143.8,5,25,14
6521,0,0,266.9,5,25,644
6522,1,0,129,1,1,302
6523,0,0,69,1,1,408
6524,0,0,159.5,5,25,499
6525,0,0,402.5,10,100,330
6526,0,0,133.5,2,4,406
6527,1,0,104.5,2,4,81
6528,1,0,163,5,25,388
6529,1,152,252.8,9,81,29
6530,1,0,377,8,64,50
6531,1,0,1402,57,3249,526
6532,0,0,131.45,3,9,32
6533,0,0,42,1,1,408
6534,1,0,811.75,19,361,17
6535,0,0,303.6,11,121,588
6536,1,0,264,3,9,19
6537,1,218.9,794.35,15,225,154
6538,0,97,109,1,1,16
6539,0,0,276.5,7,49,27
6540,0,0,29,1,1,387
6541,1,0,203.5,5,25,54
6542,0,0,29.5,1,1,16
6543,1,0,245.75,11,121,181
6544,1,0,88,2,4,368
6545,0,0,142.5,4,16,93
6546,0,82,195,5,25,456
6547,1,0,59.95,1,1,188
6548,0,0,68,3,9,21
6549,0,0,29.5,1,1,383
6550,1,0,49,1,1,334
6551,0,0,34,1,1,392
6552,1,0,327.85,10,100,29
6553,0,0,76,2,4,331
6554,0,0,308.85,7,49,18
6555,1,0,314.5,8,64,213
6556,0,0,74.95,3,9,698
6557,1,126,99,5,25,633
6558,0,0,621.5,9,81,11
6559,0,0,171,3,9,25
6560,1,0,78.95,2,4,68
6561,0,0,88.5,2,4,10
6562,1,391.45,913.95,21,441,13
6563,1,352.5,408.1,10,100,14
6564,1,0,413,12,144,24
6565,0,0,153,3,9,8
6566,1,0,111.69,7,49,153
6567,0,0,10,1,1,493
6568,0,0,124,3,9,313
6569,1,0,29.5,1,1,389
6570,1,0,454.95,9,81,51
6571,0,0,79,2,4,26
6572,0,0,55,2,4,392
6573,0,0,104,2,4,18
6574,1,0,98,2,4,524
6575,0,0,801.85,20,400,95
6576,0,0,118,4,16,691
6577,0,0,103,2,4,478
6578,0,0,79,2,4,50
6579,0,0,98,2,4,87
6580,1,0,872.25,18,324,156
6581,1,0,216,4,16,25
6582,1,0,39.5,1,1,517
6583,1,38,283.5,7,49,44
6584,0,0,187,4,16,50
6585,0,0,27.9,2,4,685
6586,0,0,39,2,4,261
6587,0,0,151,3,9,230
6588,0,0,221.95,3,9,531
6589,1,30.5,1089.45,37,1369,13
6590,0,0,12,1,1,522
6591,0,0,62,2,4,2
6592,1,0,169,1,1,66
6593,1,0,84,2,4,252
6594,1,0,29,2,4,158
6595,0,0,397.75,7,49,27
6596,1,168.5,554.48,16,256,19
6597,0,0,378,2,4,634
6598,0,0,178,3,9,20
6599,0,66,374,9,81,25
6600,1,94,82,4,16,11
6601,1,0,20,1,1,296
6602,1,0,199.5,7,49,44
6603,0,0,131.7,6,36,193
6604,0,0,137,5,25,25
6605,1,0,39,1,1,533
6606,0,0,139.5,5,25,98
6607,1,59.9,45,1,1,378
6608,0,0,65,1,1,354
6609,0,0,39.5,2,4,485
6610,0,49.5,126,4,16,389
6611,1,0,370.95,6,36,79
6612,1,0,379.75,10,100,211
6613,0,0,170,2,4,385
6614,0,0,107.5,3,9,24
6615,1,0,367.65,13,169,38
6616,0,0,119.95,1,1,314
6617,0,0,36,2,4,455
6618,1,0,489.35,12,144,71
6619,0,0,39.5,2,4,489
6620,0,0,125,2,4,519
6621,1,0,162,7,49,361
6622,1,0,554.5,17,289,35
6623,0,0,49.5,1,1,36
6624,0,0,101,2,4,27
6625,1,0,163,5,25,399
6626,1,0,506.2,17,289,12
6627,0,0,250.5,6,36,50
6628,0,0,39.5,2,4,531
6629,0,0,88,3,9,468
6630,0,49.5,0,1,1,383
6631,1,0,43,2,4,30
6632,0,0,167,4,16,233
6633,0,0,39.5,2,4,139
6634,0,0,138,2,4,382
6635,1,44,271.5,5,25,10
6636,0,0,144,3,9,387
6637,0,0,157,6,36,13
6638,0,0,267.49,8,64,10
6639,1,0,30,1,1,526
6640,0,0,186,5,25,15
6641,0,0,93.5,8,64,22
6642,1,0,0,1,1,449
6643,1,0,87,3,9,2
6644,0,0,39.5,1,1,289
6645,0,143.9,733.7,24,576,18
6646,1,0,163,3,9,23
6647,1,0,166.85,7,49,709
6648,0,0,24.95,1,1,723
6649,0,0,196,4,16,11
6650,0,49.5,320.97,10,100,10
6651,0,0,99,1,1,316
6652,1,0,69.5,3,9,167
6653,0,0,1100.2,30,900,51
6654,0,0,77,2,4,33
6655,0,0,69,1,1,310
6656,0,0,44,1,1,21
6657,1,0,482.5,15,225,193
6658,1,208,500.49,15,225,4
6659,1,47.5,859.95,35,1225,4
6660,0,0,204,4,16,23
6661,0,0,205,4,16,57
6662,1,0,120.85,5,25,103
6663,0,0,608.5,15,225,427
6664,1,0,339,10,100,33
6665,0,73,313.95,9,81,17
6666,0,0,240.95,6,36,253
6667,0,0,157,3,9,22
6668,0,0,410,4,16,100
6669,0,0,83,2,4,139
6670,0,0,12.95,1,1,212
6671,0,0,29.5,1,1,84
6672,0,0,143,2,4,26
6673,1,48,250,5,25,20
6674,0,0,29.95,1,1,372
6675,1,0,107,3,9,384
6676,1,0,52,1,1,393
6677,1,0,44,1,1,367
6678,1,426.35,416.95,18,324,15
6679,1,0,235.45,8,64,111
6680,0,0,66,3,9,16
6681,1,49.9,145.95,5,25,91
6682,0,0,200,9,81,297
6683,0,0,24,1,1,267
6684,0,0,194.5,2,4,410
6685,0,0,79.85,3,9,369
6686,1,0,461.9,7,49,13
6687,0,0,199,1,1,93
6688,0,0,39,1,1,14
6689,1,0,49,1,1,147
6690,1,0,389.7,3,9,257
6691,0,0,97.5,6,36,417
6692,0,0,118,2,4,390
6693,0,0,68,2,4,291
6694,1,0,61.95,2,4,355
6695,0,0,72,2,4,700
6696,0,0,44,1,1,21
6697,0,0,44,1,1,312
6698,0,64.95,258.75,9,81,225
6699,1,0,145,5,25,294
6700,0,0,79.5,3,9,330
6701,0,0,214,3,9,21
6702,0,0,272.5,10,100,524
6703,0,0,221.3,8,64,17
6704,1,0,996.35,22,484,42
6705,0,0,87.75,6,36,571
6706,1,0,288.85,4,16,340
6707,1,0,175.5,5,25,387
6708,1,0,112.9,2,4,183
6709,0,0,44,1,1,705
6710,0,0,382,3,9,143
6711,0,0,49.85,3,9,650
6712,0,0,212.5,3,9,106
6713,1,0,168,3,9,80
6714,0,0,7.5,1,1,17
6715,1,102,984,6,36,29
6716,0,240.45,42.5,2,4,12
6717,0,0,275,1,1,366
6718,1,0,821,17,289,100
6719,1,0,1067.99,27,729,10
6720,0,0,37,1,1,690
6721,1,0,278.95,2,4,144
6722,0,0,90.5,2,4,603
6723,0,0,179,1,1,494
6724,1,0,318.35,11,121,44
6725,1,0,115,2,4,94
6726,0,0,74,2,4,674
6727,0,0,798.9,26,676,32
6728,0,0,39,1,1,18
6729,1,0,68,2,4,55
6730,0,0,0,3,9,23
6731,1,0,39.5,1,1,386
6732,1,0,877,4,16,86
6733,0,0,24,1,1,266
6734,1,0,378,2,4,23
6735,1,0,280,4,16,69
6736,1,0,44,1,1,421
6737,1,0,255.4,14,196,30
6738,1,0,265,5,25,107
6739,0,0,99,1,1,274
6740,1,0,54,1,1,389
6741,0,0,44,1,1,91
6742,0,0,61,2,4,85
6743,1,91,165.4,6,36,133
6744,1,59.95,174,2,4,228
6745,0,0,162,3,9,377
6746,1,0,197.9,6,36,29
6747,1,0,145,1,1,81
6748,0,0,148.5,2,4,28
6749,0,0,44,1,1,636
6750,1,69.5,69,3,9,110
6751,1,0,206,4,16,63
6752,0,0,99,1,1,525
6753,0,0,225.5,11,121,671
6754,0,0,49,1,1,447
6755,0,0,174.5,2,4,27
6756,0,0,53,2,4,14
6757,0,0,29,1,1,459
6758,1,0,168.45,7,49,47
6759,1,90,206,4,16,32
6760,0,139.9,140.5,4,16,23
6761,0,0,140,2,4,14
6762,1,0,916.4,22,484,40
6763,0,0,394.5,22,484,246
6764,0,0,228.5,3,9,50
6765,1,0,176,6,36,11
6766,1,0,156,5,25,20
6767,1,0,49,1,1,386
6768,0,0,45,1,1,21
6769,0,0,95,3,9,391
6770,0,39,1203.5,9,81,9
6771,0,0,49,1,1,584
6772,0,0,247.5,5,25,377
6773,1,0,50,2,4,45
6774,1,0,132,4,16,23
6775,1,0,158,2,4,45
6776,0,0,59,2,4,16
6777,0,0,44,1,1,686
6778,0,0,43.5,2,4,27
6779,1,0,158.75,5,25,433
6780,0,235.72,14.95,1,1,116
6781,1,0,120.95,2,4,93
6782,0,0,67.5,3,9,72
6783,0,0,282.3,12,144,118
6784,0,0,36,1,1,336
6785,0,0,59,2,4,29
6786,1,0,145.5,3,9,395
6787,0,0,108,3,9,227
6788,0,0,70.95,2,4,678
6789,1,0,320,8,64,27
6790,0,75.5,128.5,2,4,304
6791,1,0,546.95,16,256,17
6792,0,0,37,1,1,405
6793,1,56,138,5,25,419
6794,1,99,39.95,1,1,712
6795,0,0,717.65,18,324,544
6796,0,0,29,1,1,412
6797,0,0,222.5,6,36,20
6798,1,0,65,1,1,49
6799,0,0,145,6,36,22
6800,0,0,111,5,25,157
6801,1,0,237.15,12,144,4
6802,0,0,119,1,1,470
6803,1,232,377,7,49,27
6804,0,0,34,1,1,403
6805,1,0,141,5,25,385
6806,0,0,167.5,4,16,131
6807,0,0,150,3,9,325
6808,0,68.95,129,1,1,29
6809,1,15,120,4,16,266
6810,1,557.95,1903.95,57,3249,35
6811,0,0,426,5,25,401
6812,0,0,123,4,16,375
6813,0,0,240,8,64,694
6814,0,0,53,2,4,376
6815,1,59,447.85,12,144,61
6816,0,0,59,2,4,5
6817,0,0,170.45,5,25,291
6818,1,29.5,124.95,2,4,25
6819,0,0,171,4,16,111
6820,0,0,115,4,16,221
6821,1,0,107.5,3,9,29
6822,1,0,190,1,1,562
6823,1,0,286.95,7,49,21
6824,0,49.5,72,2,4,304
6825,0,0,49,4,16,379
6826,1,0,98,2,4,143
6827,0,0,122,3,9,72
6828,1,0,123.95,2,4,379
6829,0,0,72,3,9,5
6830,0,0,207.1,9,81,195
6831,0,405,337.5,7,49,311
6832,1,0,59.5,1,1,418
6833,1,29,1965.25,49,2401,12
6834,1,134.95,282,8,64,143
6835,0,0,808.95,26,676,13
6836,1,0,56,2,4,392
6837,1,0,510,7,49,17
6838,0,0,458,14,196,221
6839,0,0,89.5,3,9,414
6840,0,0,44,1,1,26
6841,1,39.5,78.5,2,4,21
6842,0,0,114.85,3,9,729
6843,1,0,29.95,1,1,372
6844,0,0,64,3,9,63
6845,0,0,217,8,64,25
6846,0,0,39,1,1,420
6847,0,0,129,1,1,382
6848,0,29,166.5,5,25,81
6849,0,0,98,2,4,426
6850,1,0,44,1,1,168
6851,1,0,124.9,3,9,179
6852,0,0,29,1,1,376
6853,0,0,139.27,11,121,14
6854,0,39.95,373.95,7,49,31
6855,1,0,29.5,1,1,23
6856,0,0,26,1,1,355
6857,0,0,99.95,1,1,617
6858,0,0,58.25,3,9,10
6859,0,0,168,4,16,396
6860,1,0,272,11,121,497
6861,0,0,29,1,1,9
6862,0,0,149,3,9,40
6863,1,129,317,9,81,132
6864,1,0,390.5,10,100,32
6865,1,0,61.5,2,4,697
6866,1,0,89,1,1,93
6867,1,0,363,9,81,483
6868,1,0,238,2,4,513
6869,0,0,245,1,1,422
6870,0,36,126,3,9,574
6871,0,0,39,1,1,30
6872,1,0,79,4,16,21
6873,0,56,199.9,9,81,11
6874,0,0,104,2,4,18
6875,0,0,23,2,4,433
6876,1,61,245.85,7,49,23
6877,0,0,39.5,1,1,18
6878,1,0,1071,18,324,29
6879,0,0,118,4,16,40
6880,0,0,59,1,1,23
6881,0,0,268,5,25,16
6882,0,0,504,11,121,711
6883,0,0,204,3,9,14
6884,1,0,29.5,1,1,566
6885,0,0,48,2,4,74
6886,0,0,320.7,11,121,117
6887,0,0,88,2,4,27
6888,0,0,289,4,16,81
6889,0,0,24,1,1,583
6890,0,0,159.5,5,25,12
6891,0,0,44,1,1,29
6892,0,0,22,1,1,49
6893,1,339,57,2,4,437
6894,0,0,123.9,3,9,218
6895,1,0,188,2,4,388
6896,1,79,48.95,2,4,420
6897,0,0,27,1,1,399
6898,0,0,91,2,4,406
6899,1,0,89.5,5,25,144
6900,0,0,106,3,9,381
6901,0,0,112.5,3,9,428
6902,1,0,0,2,4,374
6903,1,0,456,6,36,149
6904,1,0,863,13,169,20
6905,0,0,58,2,4,483
6906,0,0,59,1,1,26
6907,1,207.95,243.5,5,25,392
6908,0,0,56,2,4,15
6909,0,0,29.5,1,1,31
6910,0,0,107,2,4,388
6911,0,0,118,2,4,22
6912,1,118.5,484.5,5,25,31
6913,1,0,38,1,1,38
6914,1,0,95.5,3,9,379
6915,0,0,20,2,4,513
6916,0,0,230,5,25,578
6917,0,0,182.5,4,16,17
6918,1,0,44,1,1,380
6919,1,0,118.95,2,4,430
6920,0,0,784.45,14,196,60
6921,1,0,48,2,4,392
6922,0,0,40,1,1,446
6923,1,0,259.65,13,169,378
6924,0,133,161.85,6,36,102
6925,0,0,52,1,1,8
6926,0,0,24.95,1,1,493
6927,0,0,49,1,1,127
6928,0,98,299.5,7,49,59
6929,1,44,216.5,5,25,407
6930,1,146.9,21.5,11,121,386
6931,0,0,80.45,4,16,32
6932,0,0,129,1,1,21
6933,1,0,152,4,16,227
6934,0,108,434.35,15,225,18
6935,0,0,75.5,2,4,348
6936,0,0,157.95,4,16,574
6937,1,0,0,1,1,382
6938,0,100,141,6,36,16
6939,0,0,123,2,4,381
6940,1,0,39,2,4,131
6941,0,72.5,237,4,16,29
6942,0,41.5,88,3,9,87
6943,1,0,97,2,4,60
6944,0,0,0,2,4,303
6945,1,0,181,4,16,20
6946,0,0,58,2,4,384
6947,1,0,29,1,1,573
6948,0,0,472.8,11,121,490
6949,0,0,31,1,1,586
6950,1,0,104.5,2,4,389
6951,1,0,387,8,64,267
6952,1,0,14.95,1,1,501
6953,0,0,399,4,16,374
6954,1,20,50,2,4,204
6955,1,0,89,5,25,147
6956,0,0,78,2,4,660
6957,1,0,726,4,16,62
6958,1,0,287.85,6,36,478
6959,1,0,39.5,2,4,162
6960,0,0,194,5,25,46
6961,0,0,80,2,4,26
6962,1,0,93.5,3,9,376
6963,1,0,69,1,1,81
6964,0,0,257.85,5,25,159
6965,1,108.5,209,6,36,391
6966,1,16.5,49,2,4,18
6967,0,0,79,2,4,26
6968,1,0,106.95,3,9,534
6969,1,0,108,2,4,19
6970,1,0,49,1,1,482
6971,1,39.9,1671.65,50,2500,12
6972,0,0,99.95,1,1,370
6973,1,0,118,3,9,414
6974,1,0,44,2,4,389
6975,0,0,177.5,3,9,386
6976,1,0,44,1,1,388
6977,0,0,255,6,36,176
6978,0,0,0,1,1,447
6979,1,0,69.9,2,4,382
6980,0,0,80,4,16,501
6981,0,39.75,29.5,1,1,39
6982,1,0,60,2,4,421
6983,1,49,245,6,36,259
6984,0,0,59,1,1,351
6985,0,0,93,2,4,43
6986,0,0,119.95,1,1,334
6987,1,0,291,3,9,343
6988,0,0,198,2,4,382
6989,1,0,39.5,2,4,505
6990,1,0,115,3,9,38
6991,0,0,54,2,4,558
6992,0,0,223.5,5,25,97
6993,0,0,179,1,1,429
6994,0,0,185,2,4,453
6995,1,39.95,141.8,8,64,361
6996,0,0,29.95,1,1,4
6997,0,0,17.9,2,4,101
6998,0,0,12.95,1,1,704
6999,1,0,80,2,4,26
7000,0,0,192,3,9,103
7001,1,212.95,206.95,8,64,161
7002,1,0,489.5,22,484,236
7003,0,0,75,1,1,462
7004,0,0,444,15,225,26
7005,0,0,158.5,2,4,20
7006,0,0,158,8,64,503
7007,1,0,173,4,16,130
7008,0,0,144.5,6,36,533
7009,0,0,246,4,16,28
7010,0,0,80,2,4,444
7011,0,0,194,3,9,26
7012,0,0,39,1,1,18
7013,0,0,83,2,4,583
7014,0,0,170,6,36,12
7015,0,0,92,2,4,379
7016,1,79,782,22,484,30
7017,0,0,137.75,6,36,189
7018,1,98,316.45,11,121,106
7019,0,0,29.5,1,1,28
7020,1,165,1114.9,37,1369,154
7021,0,51.5,664.3,35,1225,15
7022,1,284.95,128,2,4,384
7023,0,0,99,1,1,305
7024,1,0,162,6,36,134
7025,0,0,119,2,4,541
7026,0,120,48,2,4,29
7027,1,0,236.9,8,64,61
7028,0,0,117,3,9,11
7029,1,0,676.2,22,484,20
7030,0,0,68,2,4,419
7031,0,0,178,2,4,21
7032,1,0,247.5,3,9,36
7033,0,0,69,1,1,164
7034,0,0,109,2,4,44
7035,0,0,40.5,2,4,12
7036,1,0,103,2,4,395
7037,1,41.5,605.85,8,64,13
7038,1,0,44,1,1,141
7039,0,0,312.05,8,64,19
7040,0,0,44,1,1,84
7041,1,12.95,205,6,36,14
7042,0,0,29,1,1,707
7043,1,0,65,2,4,34
7044,0,167,450.5,9,81,12
7045,1,0,239,8,64,11
7046,1,82.75,147.9,5,25,277
7047,0,0,97,3,9,1
7048,0,59.95,46.9,2,4,724
7049,1,0,164.9,2,4,5
7050,0,0,175.9,6,36,127
7051,0,0,1174.4,38,1444,475
7052,1,0,367.95,14,196,189
7053,0,0,258,2,4,22
7054,1,0,79,1,1,36
7055,0,0,142.95,5,25,21
7056,0,107,61.18,4,16,657
7057,0,179,63,2,4,117
7058,0,0,107,3,9,415
7059,0,0,441.4,9,81,220
7060,1,0,345.95,6,36,44
7061,0,0,75,1,1,532
7062,1,0,92,3,9,30
7063,0,0,49,1,1,388
7064,1,0,56,2,4,53
7065,0,0,66.85,3,9,704
7066,0,0,137,4,16,23
7067,0,0,68,2,4,396
7068,0,0,64,1,1,597
7069,0,0,35,1,1,510
7070,1,216.8,1716.95,56,3136,98
7071,0,0,79,4,16,503
7072,1,0,83.95,2,4,397
7073,1,0,148,4,16,21
7074,0,0,44,1,1,17
7075,0,0,87,3,9,16
7076,1,0,815.45,24,576,1
7077,0,0,121,4,16,478
7078,0,0,44,2,4,533
7079,1,0,1294.95,29,841,17
7080,1,0,1442.4,37,1369,12
7081,1,0,107.5,3,9,83
7082,1,0,102,3,9,210
7083,0,0,274,5,25,339
7084,1,0,572.35,16,256,91
7085,1,0,194,5,25,13
7086,1,0,110.2,4,16,142
7087,1,0,332.95,4,16,251
7088,0,0,70,3,9,24
7089,1,0,34,1,1,187
7090,0,0,162,4,16,174
7091,1,0,430.5,9,81,176
7092,1,0,306,4,16,12
7093,1,0,37,1,1,64
7094,0,0,56.5,4,16,29
7095,0,0,68,2,4,377
7096,1,0,169,4,16,401
7097,1,0,137.5,3,9,4
7098,0,0,114.95,4,16,388
7099,1,29.5,566.7,14,196,20
7100,0,0,39,1,1,28
7101,0,0,240.35,11,121,10
7102,1,0,29.5,1,1,394
7103,0,0,201.7,10,100,22
7104,0,0,39.5,2,4,513
7105,0,0,39.5,1,1,56
7106,0,0,34.95,1,1,720
7107,0,0,327,3,9,16
7108,1,0,439,7,49,28
7109,0,0,468,15,225,44
7110,1,0,124.75,3,9,417
7111,0,0,301,10,100,41
7112,0,0,158,2,4,79
7113,0,0,282.2,7,49,68
7114,0,0,29.5,1,1,28
7115,0,0,49,1,1,26
7116,0,0,69,1,1,494
7117,1,16.5,407.9,12,144,74
7118,0,57.5,49,1,1,394
7119,0,0,0,2,4,514
7120,0,0,121.45,3,9,489
7121,0,0,69.9,2,4,486
7122,1,95,34.5,1,1,390
7123,0,14.95,64,1,1,17
7124,1,0,157,3,9,10
7125,1,248,221,6,36,424
7126,1,0,141.85,4,16,103
7127,1,342.95,658.5,13,169,22
7128,1,0,88,2,4,410
7129,1,0,355.5,9,81,9
7130,1,0,374.5,13,169,133
7131,0,0,654.95,21,441,313
7132,1,103,64,2,4,556
7133,0,39.5,49,1,1,511
7134,1,0,2081.3,42,1764,128
7135,0,0,36,2,4,398
7136,0,0,29,1,1,29
7137,0,0,91.5,2,4,61
7138,0,0,105.95,3,9,548
7139,0,0,49.95,1,1,475
7140,0,0,192.5,6,36,9
7141,1,0,148.45,4,16,76
7142,0,0,48,1,1,328
7143,0,99.95,159,2,4,19
7144,0,0,368,10,100,15
7145,0,0,96,3,9,383
7146,0,0,233.5,12,144,24
7147,0,0,507,3,9,346
7148,0,0,160,4,16,569
7149,1,0,240,4,16,377
7150,0,0,69.85,3,9,501
7151,0,0,39.5,2,4,143
7152,1,0,30,2,4,287
7153,1,216.95,347.45,6,36,360
7154,0,0,13.95,1,1,12
7155,0,0,137.8,5,25,410
7156,1,38,356.5,3,9,368
7157,1,0,69.95,1,1,147
7158,0,0,310.5,9,81,442
7159,1,0,104.85,7,49,125
7160,0,0,319,5,25,95
7161,0,0,39,1,1,488
7162,1,49.5,162.5,8,64,33
7163,0,0,153.5,5,25,22
7164,1,0,234.5,7,49,36
7165,0,0,103.8,5,25,176
7166,1,64.5,503,8,64,253
7167,0,0,39.95,1,1,535
7168,1,0,95,3,9,555
7169,0,78.45,640,19,361,21
7170,1,0,794,11,121,41
7171,1,181.45,1661.7,45,2025,1
7172,1,0,166.85,5,25,512
7173,1,55,481.9,20,400,9
7174,0,0,98,2,4,243
7175,1,0,39.5,2,4,136
7176,1,0,36,1,1,594
7177,1,0,132,4,16,42
7178,1,0,118,5,25,267
7179,0,0,69,1,1,27
7180,0,0,270.8,7,49,131
7181,0,0,286,4,16,29
7182,1,0,39.5,1,1,388
7183,0,0,53,2,4,25
7184,0,0,1005.85,31,961,8
7185,1,0,99,3,9,42
7186,1,0,254,3,9,343
7187,0,0,218.9,3,9,699
7188,0,0,374.6,8,64,514
7189,1,0,567.5,12,144,29
7190,0,0,249,4,16,468
7191,1,0,167,3,9,603
7192,1,0,49,1,1,147
7193,0,0,301.5,6,36,598
7194,0,0,102.95,7,49,618
7195,1,14.95,22.95,1,1,73
7196,1,129,109,2,4,380
7197,0,0,30,1,1,172
7198,0,0,324.5,10,100,20
7199,1,0,117.3,7,49,499
7200,0,29.5,369.45,8,64,10
7201,0,0,48,2,4,8
7202,1,0,122.5,3,9,5
7203,0,0,44,1,1,531
7204,0,88,475,8,64,11
7205,0,0,91,3,9,575
7206,0,0,256,7,49,118
7207,0,0,282.9,12,144,23
7208,0,0,307.2,6,36,15
7209,1,0,119.75,3,9,175
7210,0,0,49.5,3,9,143
7211,1,0,111.5,4,16,13
7212,1,0,38,1,1,485
7213,1,0,143,3,9,58
7214,0,0,152,6,36,1
7215,1,0,335,11,121,8
7216,1,0,114,3,9,386
7217,1,196.5,652.4,15,225,21
7218,0,0,109.95,1,1,330
7219,0,0,76.7,7,49,366
7220,1,0,697.6,25,625,66
7221,0,0,240,8,64,88
7222,0,0,24,1,1,380
7223,0,0,476.95,7,49,576
7224,1,0,92,3,9,13
7225,1,201,808.65,25,625,237
7226,0,0,92,2,4,649
7227,0,0,162,4,16,29
7228,1,0,192,5,25,397
7229,1,0,614.2,28,784,95
7230,1,39.5,299,5,25,83
7231,0,0,79,2,4,25
7232,1,0,75,3,9,386
7233,0,0,95,4,16,411
7234,0,0,24.5,1,1,185
7235,1,0,82,3,9,38
7236,1,0,89,1,1,424
7237,0,0,16.5,1,1,415
7238,1,0,329,9,81,537
7239,1,0,0,1,1,38
7240,0,0,116,4,16,18
7241,1,0,407.9,13,169,19
7242,1,0,186,3,9,611
7243,0,0,328.9,2,4,459
7244,0,0,223.9,9,81,187
7245,1,0,49,1,1,470
7246,0,0,262.65,7,49,177
7247,0,0,59,1,1,725
7248,1,98,1520.85,29,841,48
7249,1,0,347,8,64,26
7250,0,0,39.95,1,1,265
7251,0,0,192.5,6,36,29
7252,0,0,252.73,13,169,136
7253,0,0,24,1,1,394
7254,0,0,111.5,4,16,531
7255,1,0,246,7,49,441
7256,0,0,19.95,1,1,726
7257,0,0,693.2,16,256,182
7258,0,0,39.5,2,4,497
7259,0,0,39.5,2,4,532
7260,0,0,58.5,2,4,21
7261,0,0,168.5,4,16,41
7262,0,0,115,2,4,58
7263,0,0,24,1,1,29
7264,1,318.85,232.9,7,49,24
7265,0,0,29.95,1,1,450
7266,1,49.95,138,2,4,77
7267,0,0,138.5,3,9,631
7268,1,0,59,2,4,100
7269,1,32,748.05,22,484,140
7270,1,0,29.9,2,4,725
7271,0,0,201,7,49,166
7272,0,0,27.5,1,1,29
7273,0,0,59,2,4,167
7274,0,0,49.5,1,1,388
7275,1,0,62.95,1,1,575
7276,0,0,19.95,1,1,609
7277,0,0,64.5,1,1,104
7278,0,0,151.9,2,4,595
7279,0,190,189,1,1,704
7280,0,0,462.9,12,144,616
7281,0,24.5,237,4,16,12
7282,0,0,872.95,14,196,406
7283,0,0,36,1,1,48
7284,1,103.45,566.85,18,324,11
7285,0,0,64,1,1,108
7286,1,0,49,1,1,500
7287,0,31.75,101.95,2,4,37
7288,0,0,488,8,64,103
7289,0,0,685,18,324,21
7290,1,92.5,39.5,1,1,386
7291,0,0,152.5,5,25,20
7292,0,0,277,5,25,401
7293,0,0,40,4,16,121
7294,0,0,352.5,8,64,144
7295,0,0,67.5,2,4,20
7296,0,0,70,3,9,390
7297,1,0,119,1,1,55
7298,0,0,26,1,1,453
7299,1,0,111,4,16,18
7300,0,0,84.95,3,9,27
7301,1,233.8,45,1,1,421
7302,0,0,29.5,1,1,29
7303,0,0,303.45,11,121,153
7304,0,62.9,528.45,15,225,181
7305,1,0,89,1,1,14
7306,0,0,215,6,36,32
7307,0,0,308.7,12,144,577
7308,0,0,103.5,4,16,163
7309,0,0,159,1,1,28
7310,0,0,182,4,16,41
7311,0,0,129,1,1,719
7312,0,0,61.5,2,4,452
7313,1,90,340.15,18,324,86
7314,1,0,329,7,49,134
7315,0,0,84,2,4,39
7316,1,125.5,410,8,64,23
7317,0,0,79,2,4,27
7318,1,0,257.5,6,36,348
7319,0,0,154.85,3,9,613
7320,1,0,192.5,4,16,103
7321,1,110.8,1382.85,46,2116,7
7322,0,69,52.95,2,4,546
7323,1,0,257,12,144,304
7324,0,174,230.3,10,100,528
7325,0,0,43.85,3,9,2
7326,0,9.5,55,1,1,307
7327,1,0,1016.35,22,484,12
7328,1,0,392,8,64,39
7329,0,0,69,1,1,331
7330,1,0,158,2,4,415
7331,1,0,299,4,16,72
7332,1,29.5,219,4,16,73
7333,1,0,20,1,1,176
7334,0,0,824.95,33,1089,306
7335,1,59.45,39.5,1,1,90
7336,1,0,247.95,3,9,448
7337,0,0,89,1,1,69
7338,1,0,194,6,36,15
7339,0,0,193,2,4,388
7340,0,0,69,1,1,29
7341,1,0,298.5,9,81,205
7342,0,0,65,1,1,16
7343,1,0,229,6,36,402
7344,0,0,178.95,6,36,392
7345,0,24,58,2,4,386
7346,1,0,108,3,9,360
7347,1,0,426.85,8,64,48
7348,0,0,39,1,1,390
7349,1,0,181,6,36,143
7350,0,0,83.95,2,4,403
7351,0,22.5,58,2,4,510
7352,0,0,114,3,9,15
7353,0,0,39.5,1,1,728
7354,0,0,108.5,2,4,43
7355,0,0,105.5,2,4,385
7356,0,0,31,1,1,408
7357,0,0,39.5,2,4,137
7358,1,0,636,4,16,36
7359,0,0,49,1,1,176
7360,0,0,188,4,16,229
7361,0,0,252.5,3,9,22
7362,0,0,635.95,17,289,437
7363,0,0,39.5,2,4,509
7364,1,0,188,3,9,41
7365,0,0,71.5,3,9,322
7366,0,0,162.5,6,36,247
7367,1,0,54,2,4,33
7368,0,0,50,2,4,347
7369,0,0,118,2,4,314
7370,0,12.95,331.95,12,144,290
7371,0,0,192,4,16,99
7372,0,0,29,1,1,397
7373,0,0,157,4,16,16
7374,0,0,171.5,5,25,46
7375,1,0,179,1,1,332
7376,0,0,104,2,4,482
7377,1,0,69.5,2,4,376
7378,0,0,118,2,4,29
7379,0,0,49,1,1,98
7380,0,0,113,3,9,335
7381,1,129.95,457.9,11,121,16
7382,0,0,68,2,4,458
7383,0,0,260,7,49,13
7384,0,0,80,2,4,536
7385,1,0,275.5,10,100,90
7386,0,0,88.5,3,9,2
7387,0,0,79,4,16,510
7388,0,0,52,2,4,8
7389,1,0,529.75,14,196,20
7390,1,228,205.9,6,36,40
7391,0,0,0,1,1,23
7392,1,0,178.95,7,49,491
7393,0,0,68.5,3,9,186
7394,0,0,177,5,25,225
7395,0,0,79,4,16,496
7396,1,0,772.55,21,441,10
7397,0,0,148,2,4,393
7398,0,0,200.5,3,9,39
7399,0,0,302.5,8,64,14
7400,1,185.2,733.65,26,676,10
7401,0,0,98.9,3,9,129
7402,1,68.95,160,2,4,392
7403,0,0,49,1,1,134
7404,0,0,135,4,16,25
7405,0,0,29,1,1,22
7406,0,0,56,1,1,484
7407,0,0,174.8,6,36,666
7408,0,0,39,1,1,316
7409,0,53,924.95,29,841,15
7410,1,0,267.9,17,289,123
7411,0,0,302.9,10,100,65
7412,0,0,74.5,3,9,499
7413,0,0,296,4,16,400
7414,0,0,44,1,1,23
7415,1,34,132,3,9,38
7416,0,0,74.5,2,4,392
7417,0,0,487.75,7,49,140
7418,0,0,186,6,36,381
7419,0,0,39.5,2,4,115
7420,0,23.45,29.95,1,1,512
7421,0,0,138,2,4,419
7422,1,0,436.9,6,36,577
7423,0,0,761.5,13,169,74
7424,0,0,90,1,1,114
7425,0,0,113,2,4,429
7426,0,107.25,49,2,4,16
7427,0,0,49,2,4,20
7428,1,0,63,2,4,314
7429,1,0,308,10,100,16
7430,1,0,200,6,36,227
7431,1,0,655.65,13,169,19
7432,0,0,501,5,25,519
7433,0,0,75,1,1,512
7434,0,0,38,2,4,163
7435,0,0,123.95,2,4,21
7436,0,0,273.35,9,81,27
7437,0,0,118,2,4,109
7438,0,0,59,1,1,725
7439,1,0,343,7,49,117
7440,1,0,60,1,1,480
7441,0,0,108,3,9,568
7442,0,0,48,2,4,388
7443,0,0,212,3,9,384
7444,0,0,74.3,14,196,292
7445,0,0,29.5,1,1,27
7446,0,0,124.95,3,9,637
7447,1,0,130,3,9,17
7448,0,0,108.4,5,25,272
7449,1,0,273.5,6,36,279
7450,1,0,344.9,8,64,432
7451,1,0,160.95,5,25,325
7452,1,0,30,2,4,392
7453,1,0,29,2,4,494
7454,0,0,42,1,1,510
7455,1,86,444.75,17,289,230
7456,0,29.5,191,5,25,89
7457,0,19.5,36,1,1,632
7458,0,0,547,12,144,204
7459,0,0,336.15,15,225,503
7460,0,0,69,2,4,16
7461,0,0,76,2,4,18
7462,0,0,69,1,1,283
7463,1,0,49,1,1,127
7464,1,0,34.95,1,1,605
7465,0,0,107.5,3,9,388
7466,1,44,203,2,4,43
7467,1,0,534.2,19,361,163
7468,1,0,49.5,1,1,374
7469,0,0,49.5,1,1,28
7470,0,0,214,9,81,85
7471,1,0,58,1,1,623
7472,1,45,176,5,25,20
7473,0,80,46,1,1,669
7474,0,0,99,1,1,674
7475,0,0,128,2,4,162
7476,0,26,59,1,1,32
7477,0,0,39,1,1,504
7478,0,18.5,40.9,3,9,699
7479,0,0,296.7,10,100,364
7480,1,0,155,4,16,385
7481,1,0,33.9,1,1,119
7482,0,0,45,1,1,389
7483,0,0,116.9,3,9,576
7484,1,0,399,1,1,160
7485,0,0,51,1,1,402
7486,0,0,29.5,1,1,395
7487,0,88,329,1,1,616
7488,1,0,180,5,25,40
7489,1,0,162,3,9,260
7490,1,119,179,3,9,22
7491,0,0,107,2,4,634
7492,0,0,141.5,4,16,243
7493,1,95.5,198,6,36,230
7494,0,0,73.45,3,9,413
7495,0,0,26.95,1,1,172
7496,0,29,45,1,1,322
7497,1,31,64.95,1,1,491
7498,0,0,59,2,4,30
7499,0,0,33.99,2,4,31
7500,0,0,132.45,7,49,35
7501,1,0,49,1,1,395
7502,1,0,158,3,9,28
7503,0,0,141,2,4,485
7504,0,0,39,1,1,542
7505,0,0,710.4,14,196,191
7506,0,0,315,8,64,49
7507,0,0,64,1,1,418
7508,1,0,73,3,9,47
7509,0,0,44,1,1,74
7510,0,0,56,1,1,514
7511,0,0,128,2,4,24
7512,1,44,97,3,9,618
7513,0,0,44,1,1,397
7514,0,0,78,2,4,17
7515,0,0,199,1,1,20
7516,1,242,545,12,144,17
7517,1,0,242,3,9,494
7518,0,0,348,2,4,392
7519,0,39.5,39.5,1,1,23
7520,0,0,137,3,9,30
7521,0,0,147.95,3,9,319
7522,1,0,266,9,81,63
7523,0,0,85,2,4,699
7524,0,0,289.85,8,64,304
7525,0,29,123.5,3,9,434
7526,0,0,49,1,1,518
7527,1,0,280.5,11,121,644
7528,0,0,25,2,4,503
7529,1,0,175,3,9,197
7530,0,0,99,2,4,729
7531,1,0,463.14,17,289,162
7532,1,15,646.85,15,225,58
7533,0,0,39.5,1,1,28
7534,1,0,46,2,4,382
7535,1,0,281,7,49,334
7536,1,0,12,1,1,295
7537,0,0,99.5,5,25,158
7538,0,0,5.5,1,1,295
7539,0,0,40,2,4,499
7540,0,0,388.45,6,36,391
7541,0,0,75,1,1,342
7542,0,0,103,2,4,711
7543,0,44,189,6,36,17
7544,1,0,337,10,100,45
7545,0,0,39.5,2,4,494
7546,1,0,629.3,19,361,20
7547,0,0,56,1,1,696
7548,1,0,162,3,9,390
7549,0,0,115,2,4,516
7550,0,0,181,4,16,392
7551,0,0,151.5,4,16,19
7552,1,0,834,24,576,28
7553,0,0,111,6,36,589
7554,0,0,24.85,3,9,563
7555,0,0,114.5,2,4,410
7556,0,0,52,1,1,395
7557,1,65.5,616.8,20,400,294
7558,0,0,29,1,1,31
7559,0,0,44,1,1,381
7560,0,0,89,1,1,711
7561,0,0,32,1,1,23
7562,1,0,1462.5,46,2116,2
7563,1,0,860.95,33,1089,40
7564,0,0,97,3,9,450
7565,1,98.89,559.35,23,529,14
7566,1,59,657.5,15,225,21
7567,1,29.95,605.65,22,484,14
7568,0,0,272.9,9,81,379
7569,0,0,150,5,25,78
7570,0,0,496.3,8,64,51
7571,0,0,53,1,1,662
7572,0,0,187.5,4,16,508
7573,0,0,148,2,4,426
7574,0,0,107,3,9,229
7575,0,67,423.9,5,25,359
7576,0,153.9,425.45,9,81,33
7577,0,27.5,280.9,9,81,89
7578,0,0,39.5,1,1,19
7579,0,0,44.5,3,9,157
7580,1,0,437,2,4,676
7581,1,286.7,236.9,9,81,27
7582,1,0,285.4,7,49,28
7583,0,0,335,3,9,432
7584,0,0,66,2,4,250
7585,0,29,398.5,8,64,10
7586,0,0,88,4,16,27
7587,0,0,159,1,1,120
7588,0,0,34.25,3,9,583
7589,1,0,284,6,36,122
7590,1,0,18,1,1,132
7591,0,0,68,2,4,71
7592,1,0,83,2,4,96
7593,0,0,204,10,100,323
7594,0,0,205.85,4,16,613
7595,0,218.7,293.5,8,64,385
7596,0,166,240.5,8,64,17
7597,0,0,49.5,1,1,385
7598,1,0,101.75,5,25,599
7599,0,0,29,1,1,470
7600,0,0,167,4,16,106
7601,0,0,78.95,2,4,445
7602,1,0,83.5,5,25,68
7603,0,0,78,4,16,55
7604,1,0,493.5,13,169,335
7605,0,0,47.8,4,16,312
7606,0,0,175.9,8,64,145
7607,0,0,103.5,3,9,27
7608,0,0,88,2,4,392
7609,1,0,469.5,13,169,16
7610,1,0,148,5,25,69
7611,0,32,316.6,11,121,4
7612,1,34,137.95,5,25,433
7613,1,0,83,2,4,56
7614,0,0,76,4,16,492
7615,0,0,320.05,19,361,109
7616,1,0,98.5,2,4,40
7617,0,0,158.45,3,9,78
7618,0,0,311,5,25,70
7619,0,0,291.9,5,25,408
7620,1,0,59.8,4,16,725
7621,0,0,1082,4,16,122
7622,0,0,710,18,324,30
7623,1,0,378,7,49,78
7624,0,0,69,1,1,506
7625,0,0,180.75,8,64,378
7626,1,0,565,12,144,15
7627,1,0,561.8,5,25,436
7628,1,0,72,3,9,368
7629,0,0,121.5,5,25,8
7630,1,0,164.5,8,64,26
7631,1,0,420,1,1,723
7632,1,0,173.75,7,49,224
7633,0,0,163.5,3,9,24
7634,1,0,39.5,1,1,78
7635,0,0,64,2,4,164
7636,0,0,128,2,4,85
7637,1,0,81,5,25,25
7638,1,0,167.55,9,81,487
7639,1,0,281,6,36,383
7640,0,0,153,4,16,19
7641,1,0,171.75,9,81,108
7642,0,0,104.85,3,9,706
7643,0,145.5,801.45,18,324,13
7644,0,0,684.75,23,529,27
7645,1,49,63,3,9,414
7646,0,0,29,1,1,27
7647,0,0,39.5,1,1,19
7648,0,0,39.5,2,4,405
7649,0,44,25,1,1,192
7650,0,0,59,1,1,354
7651,0,0,78,2,4,396
7652,1,0,150,1,1,388
7653,0,0,280,7,49,11
7654,0,0,111,2,4,667
7655,0,0,78,2,4,30
7656,1,229,256,8,64,356
7657,0,0,335.9,6,36,12
7658,1,63.5,29.5,1,1,265
7659,0,0,69,1,1,139
7660,1,0,229,6,36,388
7661,0,0,83,2,4,32
7662,1,0,216,4,16,68
7663,0,0,69,1,1,665
7664,0,0,39.5,1,1,31
7665,0,0,49,1,1,525
7666,0,0,269,10,100,21
7667,1,0,292,4,16,19
7668,1,0,142,3,9,101
7669,0,117.85,139,1,1,2
7670,1,0,24.95,1,1,483
7671,0,0,39.5,2,4,127
7672,0,0,39,1,1,724
7673,0,0,27,2,4,199
7674,1,0,77,3,9,60
7675,0,0,235,6,36,20
7676,0,0,81,3,9,32
7677,0,0,159,3,9,22
7678,1,99,122,4,16,69
7679,0,0,165.5,5,25,31
7680,0,0,68,2,4,125
7681,0,0,378,9,81,139
7682,0,0,48,2,4,21
7683,0,128.9,122.5,5,25,159
7684,0,0,40,1,1,414
7685,0,68,234,5,25,66
7686,1,0,231,8,64,385
7687,0,0,15,1,1,139
7688,0,0,94,2,4,27
7689,0,0,148,4,16,413
7690,0,85.95,14.9,2,4,596
7691,1,29,152.8,6,36,170
7692,1,0,1073.35,30,900,253
7693,0,0,138.85,5,25,548
7694,1,0,566.5,15,225,378
7695,0,0,171.5,8,64,20
7696,0,0,81,3,9,573
7697,0,104,283.65,10,100,186
7698,0,0,37,1,1,683
7699,0,0,207,4,16,17
7700,0,0,294,5,25,21
7701,0,0,58,2,4,402
7702,0,0,172.95,3,9,23
7703,0,0,49.5,1,1,32
7704,0,0,191.95,4,16,25
7705,0,0,68,2,4,24
7706,0,0,175,1,1,401
7707,0,0,36,2,4,19
7708,1,24.9,85.85,4,16,1
7709,0,0,89,1,1,50
7710,0,0,52.9,4,16,705
7711,0,0,101.95,3,9,90
7712,1,0,78,2,4,378
7713,0,49,67.5,2,4,27
7714,1,0,49.5,2,4,136
7715,0,0,127,3,9,392
7716,1,0,103,2,4,11
7717,0,0,146.5,4,16,2
7718,0,0,203.25,10,100,12
7719,1,0,218,8,64,22
7720,0,99.95,163.9,4,16,350
7721,1,0,75,1,1,380
7722,1,0,24.95,1,1,550
7723,0,185.65,198.95,7,49,140
7724,1,0,264.9,11,121,306
7725,1,0,134,2,4,671
7726,1,0,151.8,10,100,200
7727,1,0,121.5,4,16,66
7728,0,0,169,2,4,25
7729,0,0,81,2,4,157
7730,0,0,29,1,1,83
7731,1,0,246,6,36,39
7732,0,0,269,7,49,16
7733,1,0,56,2,4,523
7734,1,0,203.8,10,100,383
7735,1,0,122,4,16,37
7736,1,0,383,9,81,225
7737,0,0,44,1,1,400
7738,1,0,25,1,1,208
7739,0,61.45,136.5,4,16,681
7740,0,0,49,1,1,457
7741,1,41.5,862.35,36,1296,32
7742,1,0,819.4,24,576,23
7743,0,0,321.85,10,100,473
7744,0,0,29,1,1,288
7745,1,0,234,11,121,10
7746,0,0,137,3,9,379
7747,0,0,39.5,2,4,456
7748,0,0,70,2,4,511
7749,1,0,160,8,64,390
7750,1,0,129,1,1,580
7751,1,0,278,8,64,447
7752,0,752.95,227.4,5,25,157
7753,1,0,295.5,9,81,18
7754,1,0,1804.46,28,784,32
7755,1,0,209.3,12,144,151
7756,0,0,175,3,9,402
7757,1,0,152.5,8,64,12
7758,0,0,39.5,1,1,86
7759,1,0,127,3,9,168
7760,1,0,107.95,3,9,69
7761,0,0,158.8,5,25,548
7762,0,0,73,2,4,13
7763,1,0,117,3,9,54
7764,1,0,39.5,1,1,343
7765,1,0,340,8,64,396
7766,0,0,837.45,19,361,29
7767,0,0,106,3,9,97
7768,0,0,122,3,9,77
7769,0,0,59,2,4,592
7770,1,0,69,1,1,511
7771,1,0,34.95,1,1,467
7772,1,0,236.5,7,49,26
7773,0,0,56,1,1,533
7774,0,0,258,2,4,33
7775,1,29.5,420.55,19,361,7
7776,1,0,77.5,4,16,448
7777,1,78,145.5,6,36,35
7778,0,0,169,2,4,376
7779,1,0,30,1,1,470
7780,1,0,29,1,1,386
7781,0,0,88.5,3,9,25
7782,1,0,227,6,36,239
7783,1,0,34.95,1,1,704
7784,0,0,35,2,4,161
7785,1,0,224.95,6,36,626
7786,1,0,29,1,1,223
7787,0,0,183.75,6,36,451
7788,0,0,225,3,9,51
7789,0,0,49.5,3,9,521
7790,1,0,191,3,9,485
7791,0,0,125,1,1,719
7792,0,0,562.5,12,144,87
7793,0,0,205,5,25,88
7794,1,0,56,1,1,129
7795,1,0,34,2,4,392
7796,0,0,49.95,1,1,530
7797,0,0,241,6,36,152
7798,0,0,50,2,4,657
7799,0,24.95,273.8,11,121,46
7800,1,0,224.6,9,81,391
7801,1,79,461,11,121,146
7802,0,0,109,1,1,50
7803,0,0,214,8,64,29
7804,1,0,275,8,64,87
7805,0,0,68,2,4,583
7806,0,0,69,1,1,393
7807,0,0,203.95,5,25,4
7808,1,0,138,4,16,42
7809,0,0,88.5,2,4,22
7810,0,0,64.5,4,16,62
7811,1,0,272,4,16,86
7812,1,0,98,3,9,385
7813,0,0,26,1,1,590
7814,0,0,202,3,9,332
7815,0,0,56,1,1,491
7816,1,0,491,13,169,14
7817,0,0,129,1,1,18
7818,0,0,211.9,5,25,51
7819,0,0,119,1,1,476
7820,1,0,49.5,3,9,264
7821,0,0,273.9,7,49,2
7822,1,0,336.5,6,36,70
7823,0,0,88,2,4,436
7824,1,0,176.6,7,49,77
7825,1,0,393,11,121,110
7826,0,0,170.5,8,64,1
7827,0,0,29,1,1,60
7828,1,0,226.5,3,9,163
7829,1,0,69.5,1,1,37
7830,0,47,984.95,23,529,46
7831,0,0,44,2,4,252
7832,0,53.5,1363.4,38,1444,81
7833,0,0,28,1,1,358
7834,1,0,324.48,23,529,17
7835,1,0,36,1,1,490
7836,1,116,460,12,144,148
7837,0,0,69,1,1,548
7838,1,0,124,2,4,13
7839,1,0,56,1,1,377
7840,1,0,102.5,4,16,80
7841,0,0,24,1,1,386
7842,1,0,59,1,1,674
7843,0,0,53,2,4,141
7844,1,0,146,3,9,77
7845,1,0,137.5,3,9,152
7846,0,0,79,1,1,633
7847,1,287,243.9,6,36,135
7848,0,0,69,1,1,454
7849,1,0,184,4,16,35
7850,0,0,88,2,4,524
7851,0,0,98.5,2,4,262
7852,0,0,122,4,16,25
7853,1,42.5,98,4,16,129
7854,1,0,78.95,2,4,237
7855,1,0,145,2,4,493
7856,1,0,36,2,4,513
7857,0,0,204,3,9,41
7858,0,0,50.15,3,9,224
7859,0,0,477.35,19,361,22
7860,1,0,970,14,196,13
7861,0,0,39,1,1,443
7862,1,0,266.5,7,49,25
7863,0,0,43,2,4,19
7864,0,0,88.5,3,9,149
7865,0,0,167,3,9,396
7866,0,0,136,4,16,21
7867,1,0,59,2,4,473
7868,0,0,0,2,4,33
7869,0,0,120,4,16,28
7870,1,0,26,1,1,413
7871,0,0,49,1,1,14
7872,0,0,232,5,25,551
7873,0,9.5,810,20,400,18
7874,0,0,38,1,1,295
7875,1,0,102.8,4,16,339
7876,1,0,59,1,1,60
7877,1,0,244.65,7,49,47
7878,0,0,59,1,1,16
7879,0,0,466.95,13,169,8
7880,0,48.5,88,2,4,71
7881,1,0,560.95,12,144,3
7882,0,0,45,3,9,27
7883,1,217,649.7,17,289,39
7884,0,0,254,8,64,18
7885,1,0,168,3,9,385
7886,0,0,401.3,20,400,35
7887,1,0,120.9,4,16,202
7888,0,0,91.5,3,9,26
7889,0,0,88,2,4,1
7890,1,0,69,1,1,412
7891,0,0,70,1,1,316
7892,0,0,69.5,3,9,22
7893,0,0,70,1,1,409
7894,0,0,98,4,16,432
7895,1,0,115.75,4,16,56
7896,1,0,507.95,11,121,77
7897,1,0,225.75,8,64,36
7898,0,0,230,6,36,376
7899,1,69,162,5,25,264
7900,0,0,0,1,1,21
7901,0,0,44,1,1,22
7902,0,168,209.5,12,144,235
7903,0,0,25,2,4,529
7904,1,0,51,2,4,647
7905,1,0,339,9,81,391
7906,0,0,0,1,1,23
7907,0,0,171,4,16,437
7908,0,0,47.99,2,4,3
7909,0,0,76.9,2,4,163
7910,0,0,22,1,1,57
7911,0,0,0,1,1,15
7912,0,0,48,2,4,374
7913,1,0,149,1,1,729
7914,0,0,54.5,4,16,137
7915,1,179.5,561.45,9,81,39
7916,1,0,398,6,36,33
7917,0,0,98.5,2,4,402
7918,1,0,187,2,4,424
7919,0,0,190.84,11,121,112
7920,1,44.85,589.65,26,676,52
7921,0,0,51.95,2,4,718
7922,1,0,91.4,3,9,32
7923,0,0,208,2,4,464
7924,0,0,89,1,1,13
7925,0,0,317.4,8,64,194
7926,0,0,183,7,49,141
7927,0,0,59,1,1,390
7928,0,34.95,255.4,8,64,1
7929,1,0,82.2,7,49,389
7930,0,0,69,1,1,399
7931,0,0,338,4,16,708
7932,0,0,29,1,1,334
7933,0,0,236.5,3,9,17
7934,0,0,49.5,3,9,138
7935,0,0,138,2,4,28
7936,0,0,75,1,1,73
7937,1,0,178,2,4,33
7938,0,44,44,1,1,23
7939,0,0,200.45,6,36,126
7940,0,0,120,3,9,416
7941,0,0,39,1,1,387
7942,1,0,224.5,4,16,382
7943,1,133,725.5,20,400,47
7944,0,0,82,2,4,390
7945,1,0,254.95,4,16,166
7946,0,0,115.25,6,36,465
7947,0,0,83,2,4,54
7948,0,0,132,3,9,23
7949,1,0,569,13,169,262
7950,1,0,310.5,9,81,45
7951,1,0,193.5,9,81,381
7952,0,0,90,2,4,12
7953,0,0,73,2,4,67
7954,1,0,154,6,36,23
7955,1,0,24.95,1,1,707
7956,0,0,309,6,36,466
7957,0,95.5,122,5,25,17
7958,0,0,479.9,17,289,28
7959,1,108,457,15,225,29
7960,0,0,109.5,4,16,139
7961,0,69,228.5,3,9,336
7962,0,0,553,5,25,26
7963,0,0,40,1,1,469
7964,0,0,117.3,6,36,132
7965,0,0,147,4,16,32
7966,0,0,51,3,9,386
7967,0,0,434,10,100,118
7968,0,0,402,8,64,125
7969,0,0,0,1,1,448
7970,0,0,168.95,2,4,308
7971,1,0,60,1,1,505
7972,0,0,89,1,1,24
7973,0,0,256,7,49,644
7974,0,0,335,10,100,650
7975,0,0,58,2,4,17
7976,0,63.95,382,10,100,83
7977,1,0,706.95,25,625,1
7978,0,0,98.5,3,9,25
7979,0,0,147.5,3,9,22
7980,0,0,408,7,49,16
7981,1,0,356,4,16,28
7982,1,0,111,4,16,14
7983,1,0,159,1,1,99
7984,1,0,39,1,1,471
7985,0,0,19,1,1,381
7986,0,0,30,2,4,2
7987,1,0,189,1,1,699
7988,0,0,23,2,4,144
7989,0,0,0,1,1,7
7990,0,0,79,1,1,71
7991,1,0,481.45,14,196,52
7992,1,0,199,1,1,409
7993,1,0,77,3,9,23
7994,0,45,255,6,36,31
7995,1,0,30,1,1,67
7996,1,0,88,2,4,109
7997,0,114.5,378.5,9,81,401
7998,1,0,79,1,1,403
7999,1,0,373.5,10,100,1
8000,0,0,30,1,1,20
8001,1,0,111,2,4,82
8002,0,0,483.5,7,49,45
8003,0,0,49.5,1,1,715
8004,1,0,455.65,15,225,25
8005,0,0,50,2,4,321
8006,1,0,29,1,1,264
8007,1,0,176,5,25,393
8008,0,0,630.95,14,196,566
8009,0,0,37,1,1,408
8010,0,0,50,2,4,381
8011,1,0,29.5,1,1,404
8012,0,60,230.95,7,49,2
8013,0,0,69,2,4,84
8014,0,19.5,330,14,196,17
8015,1,0,80,2,4,321
8016,1,0,118,2,4,129
8017,0,0,105,2,4,381
8018,1,0,82.5,4,16,53
8019,0,0,663.1,19,361,42
8020,0,0,363.45,6,36,32
8021,0,0,139,1,1,393
8022,1,0,112.5,3,9,31
8023,0,0,84,3,9,380
8024,0,0,151,5,25,5
8025,0,0,29.45,2,4,2
8026,0,0,59,1,1,141
8027,0,0,175,5,25,634
8028,0,0,80,2,4,379
8029,1,0,426.5,10,100,24
8030,0,0,69,1,1,490
8031,0,0,133,5,25,23
8032,1,88,95,2,4,632
8033,0,0,74.9,3,9,566
8034,0,0,44,1,1,636
8035,0,0,83.95,2,4,720
8036,0,0,125.5,5,25,9
8037,0,0,50,1,1,26
8038,0,0,38,1,1,392
8039,1,0,317,3,9,76
8040,0,0,432,4,16,471
8041,1,81.95,45,1,1,381
8042,0,0,54,1,1,719
8043,0,0,82,2,4,586
8044,1,0,938.5,23,529,42
8045,0,0,68,2,4,491
8046,1,19.95,446.4,12,144,4
8047,0,0,53,2,4,385
8048,1,0,158,2,4,67
8049,1,0,99.95,2,4,448
8050,1,49,273,11,121,102
8051,0,0,49.5,1,1,390
8052,0,0,635,7,49,11
8053,0,0,25.9,2,4,666
8054,1,0,285,5,25,172
8055,0,0,161.85,3,9,316
8056,0,0,64,2,4,196
8057,1,0,297.95,6,36,388
8058,1,0,102,3,9,382
8059,0,0,129,1,1,14
8060,0,0,39.95,1,1,367
8061,1,0,828.6,21,441,10
8062,1,0,162,5,25,112
8063,1,0,54,2,4,408
8064,0,0,44,1,1,31
8065,1,0,244.5,5,25,27
8066,0,0,49,1,1,135
8067,0,0,78,3,9,405
8068,1,68,275.85,11,121,191
8069,1,0,197.5,6,36,14
8070,1,0,277,7,49,60
8071,0,0,366.5,12,144,284
8072,0,89,23,1,1,18
8073,0,0,59,1,1,130
8074,0,0,193,7,49,30
8075,1,0,389,7,49,311
8076,0,0,170,7,49,292
8077,1,0,490.5,6,36,386
8078,1,112.9,89,3,9,392
8079,1,0,232.9,4,16,350
8080,0,0,69,2,4,75
8081,1,0,70,2,4,695
8082,0,0,228.85,6,36,554
8083,0,0,323,10,100,142
8084,0,0,28,1,1,586
8085,0,0,78.5,2,4,21
8086,1,0,324.8,12,144,174
8087,1,0,235.8,7,49,2
8088,0,0,149.95,5,25,21
8089,0,0,39,1,1,111
8090,0,0,68,2,4,41
8091,1,0,59,1,1,683
8092,1,0,48,1,1,164
8093,1,0,39.5,2,4,119
8094,0,58,58,2,4,321
8095,0,39.5,29,1,1,109
8096,0,109,143.9,3,9,325
8097,0,0,62.75,4,16,191
8098,0,0,67,2,4,661
8099,1,0,117,3,9,660
8100,0,0,97.5,3,9,331
8101,0,0,39.5,2,4,167
8102,1,0,58.95,2,4,34
8103,1,0,98,2,4,33
8104,0,0,129,1,1,356
8105,0,0,67.5,2,4,10
8106,0,0,72,1,1,587
8107,1,0,69,1,1,282
8108,1,46,97,3,9,15
8109,0,0,203,3,9,8
8110,1,0,99,2,4,304
8111,0,0,59.95,1,1,493
8112,0,0,461.7,11,121,97
8113,0,0,41,1,1,452
8114,0,0,21.25,1,1,340
8115,0,0,49,1,1,540
8116,1,0,45,3,9,83
8117,1,0,1984.8,41,1681,239
8118,0,0,32,1,1,580
8119,1,0,19,1,1,469
8120,0,0,129,1,1,391
8121,1,0,73.5,3,9,392
8122,0,0,29.5,1,1,663
8123,0,184,162,5,25,14
8124,0,59,261.5,5,25,9
8125,1,0,88.5,3,9,98
8126,0,0,30,4,16,485
8127,0,0,67.5,3,9,25
8128,1,0,834.85,20,400,5
8129,1,29,135.5,4,16,50
8130,1,0,179,7,49,79
8131,0,0,154.45,4,16,85
8132,0,0,92,4,16,382
8133,0,0,64,1,1,80
8134,1,0,154,5,25,473
8135,0,0,227.5,5,25,446
8136,0,0,329.95,8,64,393
8137,0,0,165.35,6,36,461
8138,0,0,179,3,9,383
8139,1,0,158,3,9,384
8140,1,0,103,3,9,376
8141,1,52.8,427.45,6,36,40
8142,1,0,125,3,9,186
8143,0,0,239.3,6,36,1
8144,1,0,59,1,1,246
8145,1,0,935.5,14,196,114
8146,0,0,77.5,2,4,23
8147,1,0,1238.4,31,961,45
8148,0,0,49.5,1,1,696
8149,0,0,20,2,4,381
8150,1,183.9,226.95,6,36,139
8151,1,0,155.5,6,36,19
8152,0,0,40,1,1,403
8153,1,0,159,5,25,390
8154,1,0,502.6,13,169,30
8155,1,0,192,2,4,47
8156,0,0,102.5,3,9,31
8157,1,0,78,2,4,405
8158,1,0,310.5,7,49,433
8159,1,254.48,416,10,100,406
8160,1,0,339,10,100,21
8161,1,36.9,144.8,5,25,687
8162,1,0,485,17,289,314
8163,1,0,155,3,9,38
8164,0,0,68,2,4,305
8165,0,0,188.9,4,16,21
8166,1,0,94.5,5,25,132
8167,0,0,207.9,6,36,25
8168,1,0,318.9,11,121,394
8169,0,0,403,8,64,93
8170,0,0,70,2,4,712
8171,1,66,135,5,25,442
8172,0,0,39.5,1,1,92
8173,0,44,44,1,1,103
8174,1,0,382,4,16,52
8175,0,29.5,253,9,81,9
8176,1,0,1374,21,441,155
8177,0,0,135,5,25,389
8178,0,0,143,4,16,51
8179,1,0,53,2,4,13
8180,0,0,99,1,1,442
8181,1,0,59,1,1,505
8182,1,0,82,3,9,32
8183,1,0,213,6,36,159
8184,1,0,283,5,25,245
8185,0,0,189,2,4,277
8186,1,0,101.45,3,9,723
8187,1,0,138.5,3,9,141
8188,0,0,452,14,196,12
8189,0,0,192,3,9,694
8190,0,0,48,2,4,46
8191,0,0,44,1,1,439
8192,0,0,245,11,121,22
8193,0,0,49.5,1,1,20
8194,0,0,305,5,25,392
8195,1,0,69.5,3,9,381
8196,1,0,144,5,25,16
8197,0,0,101,2,4,571
8198,0,0,79,2,4,391
8199,0,0,29.5,2,4,27
8200,1,10.75,120.75,9,81,120
8201,0,0,196.75,6,36,545
8202,0,0,50.5,2,4,84
8203,0,0,325,7,49,380
8204,1,0,164.5,6,36,13
8205,0,0,189.95,5,25,516
8206,0,0,219.45,5,25,32
8207,1,69,98,2,4,229
8208,1,0,820.45,10,100,49
8209,0,0,104,5,25,146
8210,1,35.5,423.95,7,49,22
8211,1,66,134,6,36,484
8212,1,0,39.5,2,4,505
8213,0,0,109,3,9,14
8214,1,0,240.85,11,121,1
8215,0,0,18.85,3,9,566
8216,0,0,65,1,1,35
8217,1,0,55,3,9,145
8218,1,91,411.9,10,100,109
8219,0,0,108.5,5,25,66
8220,0,0,29.5,1,1,392
8221,1,346,74.95,2,4,521
8222,0,0,52,2,4,617
8223,0,0,58.95,2,4,51
8224,1,0,264.5,7,49,21
8225,0,0,39,2,4,532
8226,0,0,28,2,4,426
8227,1,0,59,1,1,415
8228,0,0,81.45,2,4,72
8229,0,0,23.5,1,1,23
8230,0,39,45,8,64,13
8231,1,0,283.5,7,49,380
8232,0,0,40,1,1,490
8233,0,0,1706.9,34,1156,31
8234,0,0,69,2,4,23
8235,1,0,333.45,5,25,26
8236,0,64,167,3,9,17
8237,0,0,190,5,25,28
8238,0,0,38,1,1,5
8239,0,0,98.5,5,25,500
8240,0,0,218,6,36,421
8241,0,59,113,2,4,392
8242,0,0,149,1,1,19
8243,0,0,24,1,1,463
8244,0,0,68,1,1,466
8245,0,0,741,20,400,22
8246,1,0,313.5,8,64,16
8247,1,0,285.5,5,25,51
8248,1,0,66,3,9,553
8249,0,0,370.85,11,121,21
8250,0,0,177.95,5,25,119
8251,0,0,134,4,16,387
8252,0,0,74.5,2,4,138
8253,1,0,1133.2,33,1089,24
8254,0,0,98,3,9,443
8255,0,0,216.45,5,25,14
8256,1,0,98,3,9,56
8257,1,0,384,4,16,20
8258,0,108,101.5,3,9,86
8259,0,0,32.95,2,4,116
8260,0,0,115,3,9,18
8261,1,0,397.2,16,256,23
8262,0,0,289.5,7,49,13
8263,1,163,578,15,225,16
8264,0,0,193,8,64,390
8265,1,0,293,5,25,29
8266,0,0,545.7,10,100,679
8267,1,342.35,2496.65,88,7744,66
8268,0,0,33.9,2,4,81
8269,0,0,38,1,1,709
8270,0,0,24,1,1,385
8271,0,0,23,1,1,237
8272,1,0,1131.75,14,196,155
8273,1,0,203.45,4,16,158
8274,0,0,44,1,1,598
8275,1,0,185.5,3,9,23
8276,1,0,262.5,11,121,304
8277,1,0,168,6,36,242
8278,0,0,39,1,1,291
8279,1,0,39.9,2,4,190
8280,0,0,437,9,81,408
8281,0,0,42,2,4,581
8282,0,0,78.5,2,4,38
8283,1,0,374.75,11,121,23
8284,0,29.5,241.5,9,81,94
8285,1,0,145,5,25,128
8286,1,0,122.5,6,36,652
8287,0,0,219.45,6,36,124
8288,0,0,111,3,9,11
8289,1,0,177,3,9,32
8290,0,0,469.7,7,49,410
8291,0,0,590.8,17,289,235
8292,1,0,310,8,64,657
8293,0,0,152.95,9,81,25
8294,1,50,137.95,6,36,163
8295,0,0,104,3,9,213
8296,0,67.5,44,1,1,106
8297,1,0,84.9,2,4,335
8298,1,15,148.95,7,49,54
8299,1,0,470,8,64,53
8300,0,0,49.5,1,1,399
8301,0,0,44,2,4,4
8302,0,0,525,7,49,386
8303,0,0,84.85,3,9,616
8304,0,0,78.5,3,9,130
8305,1,263,589.5,18,324,113
8306,0,0,112,2,4,25
8307,0,0,69.95,1,1,364
8308,1,0,239.5,2,4,415
8309,0,0,73,3,9,433
8310,0,0,36,1,1,414
8311,0,0,34,1,1,54
8312,1,0,161.25,5,25,19
8313,1,0,138,2,4,128
8314,1,0,39.5,1,1,385
8315,0,0,29,1,1,427
8316,0,0,119,1,1,414
8317,1,93,2046.47,57,3249,16
8318,1,0,293,10,100,203
8319,0,0,122,3,9,18
8320,1,0,907.95,19,361,10
8321,0,0,127.5,5,25,138
8322,0,0,44,1,1,24
8323,0,0,117,2,4,312
8324,0,0,285,7,49,399
8325,0,0,127,4,16,568
8326,0,0,642,18,324,29
8327,0,0,49.5,1,1,389
8328,1,0,168,2,4,420
8329,0,0,241,7,49,386
8330,0,0,45,1,1,17
8331,0,0,68,2,4,593
8332,1,0,61.5,2,4,385
8333,0,0,39.75,3,9,300
8334,0,0,69,1,1,437
8335,0,0,300,7,49,19
8336,0,0,178,2,4,23
8337,0,29.5,54,1,1,650
8338,1,0,90.5,6,36,9
8339,0,0,89,1,1,119
8340,0,0,69,1,1,38
8341,0,0,99,2,4,424
8342,0,0,79,1,1,382
8343,1,0,44,2,4,615
8344,1,217.5,1449.5,8,64,27
8345,0,0,59,1,1,106
8346,0,0,81,2,4,67
8347,1,0,493.5,8,64,43
8348,0,0,816,22,484,454
8349,0,39.45,161.5,3,9,25
8350,0,0,55,1,1,433
8351,0,0,85.5,2,4,18
8352,1,0,69.9,2,4,422
8353,0,0,39.5,1,1,320
8354,0,0,79,4,16,158
8355,0,0,0,1,1,19
8356,0,49.5,150.5,3,9,92
8357,0,0,24,1,1,15
8358,0,0,29,1,1,394
8359,0,0,39.5,2,4,143
8360,0,0,26.9,2,4,21
8361,0,0,49.5,3,9,442
8362,0,65.95,601,5,25,13
8363,0,0,167,3,9,20
8364,0,0,39.5,2,4,533
8365,1,0,193.5,5,25,73
8366,1,0,214.5,6,36,16
8367,0,0,174.7,6,36,215
8368,1,0,433,19,361,20
8369,0,0,58.5,2,4,56
8370,0,0,317,10,100,53
8371,0,0,46,2,4,378
8372,1,0,279,9,81,329
8373,1,0,42.5,3,9,138
8374,1,0,381.25,16,256,33
8375,0,0,79,2,4,533
8376,0,0,247,3,9,12
8377,0,0,39.5,1,1,655
8378,0,0,90,4,16,692
8379,1,0,205.5,6,36,282
8380,0,0,29.5,1,1,14
8381,0,0,49.5,1,1,30
8382,1,0,198,4,16,243
8383,0,0,119.62,10,100,17
8384,1,0,221,2,4,259
8385,1,0,89,1,1,385
8386,0,0,117,4,16,44
8387,0,0,79,4,16,134
8388,1,0,271.9,3,9,230
8389,1,0,443,10,100,285
8390,0,0,118.4,4,16,29
8391,0,0,64,3,9,13
8392,0,0,69,1,1,387
8393,0,0,34,1,1,335
8394,0,0,340.55,10,100,186
8395,1,0,121,4,16,23
8396,1,0,221,6,36,26
8397,0,0,507.85,13,169,234
8398,0,30,34,2,4,399
8399,0,14,32,1,1,514
8400,1,0,63.5,2,4,43
8401,1,0,715,11,121,43
8402,0,0,0,1,1,89
8403,0,0,137,3,9,388
8404,0,0,29.5,1,1,8
8405,0,0,82.95,5,25,31
8406,1,0,838.95,24,576,13
8407,0,0,58.95,2,4,10
8408,1,0,27,1,1,64
8409,1,0,25,1,1,697
8410,1,0,49.95,1,1,595
8411,1,0,98.5,2,4,26
8412,0,0,295.95,8,64,22
8413,0,0,134.95,2,4,648
8414,1,0,436.5,15,225,13
8415,0,0,127,4,16,307
8416,0,0,24.9,2,4,693
8417,0,19,178.5,5,25,413
8418,0,0,102,3,9,426
8419,0,0,230,7,49,228
8420,1,0,323,14,196,15
8421,0,0,39,1,1,395
8422,1,0,54.95,2,4,185
8423,1,0,63,2,4,200
8424,1,282.5,310.5,10,100,48
8425,0,29.5,29.5,1,1,29
8426,0,0,10,1,1,447
8427,0,0,102,1,1,104
8428,1,588,709.85,13,169,83
8429,0,0,147,3,9,560
8430,0,0,38,1,1,4
8431,1,0,444,16,256,72
8432,1,0,117,4,16,45
8433,0,0,39,1,1,28
8434,1,93.95,409.95,11,121,5
8435,1,0,392,4,16,154
8436,1,285.9,50.9,3,9,84
8437,0,0,0,2,4,29
8438,0,0,35,1,1,372
8439,0,0,61.8,4,16,219
8440,0,0,241.9,8,64,55
8441,0,0,74,2,4,539
8442,0,0,35,1,1,170
8443,1,81,136,4,16,115
8444,0,0,39.5,2,4,482
8445,0,0,214.5,7,49,47
8446,0,29,219.95,9,81,3
8447,0,0,22,1,1,505
8448,0,0,46.45,2,4,177
8449,0,76,149,1,1,410
8450,1,0,357.95,7,49,149
8451,0,0,56,1,1,532
8452,1,0,301.35,8,64,13
8453,0,0,0,1,1,369
8454,1,0,153,6,36,108
8455,1,0,59,1,1,38
8456,0,0,39.5,2,4,159
8457,0,0,42,1,1,430
8458,0,0,199.5,7,49,113
8459,0,0,24.95,1,1,352
8460,0,0,31,1,1,400
8461,0,0,39.5,2,4,139
8462,0,0,99,1,1,679
8463,1,0,29.5,1,1,12
8464,0,0,56,1,1,531
8465,0,0,29.5,1,1,17
8466,0,0,21,1,1,47
8467,0,0,93,2,4,27
8468,0,61,295,5,25,17
8469,1,0,38,3,9,574
8470,0,0,22,1,1,382
8471,0,0,65,2,4,441
8472,0,0,120.5,3,9,88
8473,0,0,48,3,9,16
8474,0,73,108,3,9,362
8475,1,0,119,3,9,48
8476,0,39,131,4,16,56
8477,0,28,697,27,729,286
8478,1,0,74.5,2,4,29
8479,0,0,144,7,49,23
8480,0,0,198,2,4,99
8481,0,0,154,4,16,8
8482,1,0,368.6,13,169,68
8483,0,0,51.5,2,4,15
8484,0,0,32,1,1,13
8485,0,0,115.5,4,16,187
8486,0,0,44,1,1,323
8487,1,44,717.3,18,324,290
8488,0,0,64,2,4,24
8489,0,0,113,3,9,31
8490,0,0,371,5,25,83
8491,0,51,178.5,4,16,474
8492,0,0,368,13,169,49
8493,0,0,93,2,4,23
8494,0,140,255,6,36,509
8495,0,92.5,375.5,9,81,45
8496,0,69,838.25,25,625,9
8497,0,0,100,2,4,390
8498,1,0,65.5,3,9,499
8499,1,0,137,6,36,450
8500,0,0,237.5,4,16,499
8501,0,0,184,8,64,98
8502,1,0,137.5,6,36,75
8503,0,0,132,3,9,562
8504,1,0,88,2,4,364
8505,0,0,108.5,5,25,389
8506,0,0,75,1,1,384
8507,0,0,92,4,16,150
8508,0,0,252.4,9,81,123
8509,1,0,371.5,6,36,267
8510,1,0,63,2,4,46
8511,0,82,202,6,36,394
8512,0,0,129,3,9,55
8513,0,0,82,4,16,217
8514,0,0,234.5,9,81,16
8515,1,0,124,4,16,308
8516,0,127,68,2,4,267
8517,0,0,93.5,2,4,21
8518,1,0,268,4,16,484
8519,0,0,133.35,6,36,167
8520,1,0,355.49,12,144,17
8521,1,0,53.5,2,4,378
8522,1,232.5,555.95,23,529,36
8523,1,0,39.5,2,4,536
8524,0,22,278.7,7,49,542
8525,1,10,39.5,2,4,142
8526,0,0,316.7,23,529,9
8527,1,0,60.85,3,9,552
8528,0,0,59,2,4,247
8529,0,118,62.5,3,9,23
8530,1,0,101,4,16,387
8531,0,0,95,2,4,15
8532,1,0,178,2,4,87
8533,0,0,124,5,25,478
8534,0,0,58,2,4,137
8535,0,0,225,1,1,11
8536,0,0,74,1,1,32
8537,1,0,243,7,49,15
8538,0,0,86,3,9,701
8539,0,0,208,2,4,421
8540,0,0,108.5,2,4,390
8541,1,0,695,8,64,51
8542,0,0,245.95,4,16,655
8543,0,0,39,1,1,157
8544,1,0,223.45,7,49,55
8545,0,68,78,4,16,66
8546,1,16.95,63,3,9,424
8547,0,0,37,2,4,161
8548,0,0,31,1,1,50
8549,0,23,480.85,20,400,26
8550,1,0,207.9,4,16,175
8551,1,0,69,4,16,135
8552,1,0,193,7,49,104
8553,1,0,289,7,49,260
8554,1,0,15,1,1,131
8555,1,0,63.5,2,4,60
8556,0,0,0,2,4,12
8557,0,0,39.5,1,1,118
8558,0,0,801.95,19,361,142
8559,1,258,29.5,1,1,407
8560,1,0,93,2,4,394
8561,0,0,59,1,1,313
8562,0,0,69,1,1,45
8563,0,0,132,3,9,370
8564,0,0,179,1,1,715
8565,0,0,69,1,1,380
8566,1,0,64.5,1,1,5
8567,1,0,39,1,1,23
8568,0,0,55,2,4,29
8569,1,65.9,1241.25,32,1024,25
8570,0,0,44,2,4,391
8571,0,0,114,2,4,328
8572,1,156,1116.45,19,361,27
8573,1,0,87,3,9,386
8574,0,39,306.5,7,49,484
8575,0,0,348.5,9,81,9
8576,0,0,531,10,100,408
8577,1,0,45,1,1,489
8578,0,0,28.95,1,1,580
8579,0,0,588,6,36,14
8580,0,0,65,2,4,16
8581,0,0,117,2,4,18
8582,0,0,59.95,1,1,580
8583,0,0,59.95,1,1,417
8584,0,0,48,2,4,25
8585,0,0,248.45,12,144,10
8586,1,0,268,2,4,25
8587,0,0,23,1,1,305
8588,1,0,1022.7,42,1764,159
8589,0,0,99,1,1,498
8590,0,0,119,1,1,25
8591,0,0,194.5,5,25,15
8592,1,464.45,1537.4,45,2025,24
8593,0,0,65,1,1,389
8594,1,50.7,592.18,13,169,1
8595,0,0,234.95,6,36,561
8596,1,0,534,9,81,18
8597,0,0,128,4,16,27
8598,0,0,128.95,3,9,26
8599,0,0,49,1,1,9
8600,0,0,591,16,256,142
8601,0,0,218,3,9,12
8602,0,0,29,1,1,626
8603,0,0,529.85,13,169,49
8604,0,0,336.5,13,169,19
8605,1,0,39.5,1,1,42
8606,0,0,37.9,2,4,709
8607,0,0,39,1,1,267
8608,0,0,166.75,6,36,173
8609,0,0,44,1,1,320
8610,0,0,29.5,1,1,633
8611,1,0,31,2,4,26
8612,0,0,60,1,1,133
8613,0,0,103,6,36,23
8614,1,0,214,3,9,35
8615,1,0,103,3,9,42
8616,0,0,381.05,22,484,165
8617,1,0,465.5,9,81,100
8618,0,0,94.95,3,9,387
8619,1,272.7,830.65,14,196,52
8620,0,0,26,1,1,482
8621,1,73,1093.35,27,729,1
8622,1,0,36,1,1,392
8623,1,0,464.5,6,36,29
8624,1,39.5,105.45,4,16,373
8625,0,0,98.5,2,4,46
8626,1,0,53.95,2,4,383
8627,0,0,68,2,4,242
8628,0,63,89,1,1,404
8629,0,0,18,1,1,380
8630,1,171.5,99,2,4,23
8631,0,59,60.85,3,9,554
8632,0,0,222,5,25,380
8633,0,0,59.5,3,9,82
8634,0,0,50,2,4,148
8635,0,0,76.5,3,9,2
8636,0,0,89,1,1,11
8637,0,0,150.5,5,25,10
8638,0,0,79,3,9,128
8639,1,0,649.85,20,400,469
8640,1,0,199,2,4,224
8641,1,0,151.95,6,36,279
8642,0,0,364,13,169,20
8643,0,0,73.5,3,9,402
8644,0,0,64,3,9,476
8645,1,0,1949,40,1600,153
8646,1,101,55,1,1,491
8647,0,0,274,13,169,9
8648,1,83,398.75,9,81,241
8649,0,37,63,2,4,10
8650,1,0,191.5,7,49,380
8651,0,0,244,7,49,315
8652,1,0,142,4,16,310
8653,1,0,597.95,13,169,106
8654,0,0,1052.85,24,576,39
8655,1,0,24,1,1,224
8656,0,34,42,1,1,449
8657,0,0,45.5,2,4,23
8658,0,0,526,4,16,247
8659,0,0,177,2,4,379
8660,0,0,139,1,1,380
8661,0,0,62,2,4,111
8662,1,0,138.5,2,4,24
8663,0,0,44,1,1,25
8664,1,0,131.95,4,16,29
8665,0,0,44,1,1,712
8666,0,0,60,4,16,21
8667,0,0,76,3,9,67
8668,0,0,398.5,13,169,25
8669,1,0,213,3,9,25
8670,1,0,118,5,25,249
8671,1,0,383.95,12,144,23
8672,1,76.25,216,5,25,461
8673,0,0,228,5,25,18
8674,0,0,48,2,4,386
8675,1,0,29,1,1,102
8676,1,59,503.95,3,9,333
8677,0,0,163.5,4,16,26
8678,0,0,347.75,10,100,5
8679,0,0,126.25,2,4,430
8680,0,0,129,1,1,30
8681,0,0,12,1,1,166
8682,0,0,118.5,3,9,18
8683,0,0,639,7,49,256
8684,1,0,46,2,4,335
8685,0,49,911.98,20,400,14
8686,0,0,208.85,7,49,404
8687,0,0,125,1,1,77
8688,0,0,79,4,16,498
8689,0,0,98.5,2,4,45
8690,1,0,473,12,144,89
8691,0,0,1062.8,15,225,50
8692,1,0,138,2,4,155
8693,1,0,121,3,9,424
8694,0,0,59,1,1,35
8695,0,0,39.5,2,4,496
8696,0,244.2,30,2,4,663
8697,1,0,39,1,1,402
8698,0,0,39,1,1,274
8699,0,0,30,2,4,119
8700,0,0,79,4,16,509
8701,0,0,177.5,7,49,41
8702,1,0,199.95,4,16,21
8703,1,0,112.95,4,16,427
8704,0,24,625.7,22,484,14
8705,1,0,72.9,3,9,259
8706,1,0,118.95,3,9,26
8707,0,0,54,1,1,639
8708,1,0,96,4,16,348
8709,1,110.75,352.9,10,100,201
8710,0,0,59,2,4,15
8711,1,0,18,1,1,437
8712,0,103,102,5,25,168
8713,0,0,417.25,16,256,52
8714,1,0,59,5,25,29
8715,0,0,69,1,1,500
8716,0,36,86,3,9,32
8717,1,0,150,6,36,392
8718,0,0,440,5,25,85
8719,0,0,72,4,16,249
8720,1,0,229.5,7,49,12
8721,0,0,35,1,1,145
8722,1,0,184.95,5,25,179
8723,0,0,50,2,4,189
8724,0,0,36.5,1,1,388
8725,1,0,69,1,1,126
8726,0,0,39.5,2,4,531
8727,1,0,272,5,25,94
8728,0,0,25,1,1,640
8729,1,146,521,10,100,113
8730,1,0,289,7,49,521
8731,0,0,98.5,2,4,469
8732,0,0,170,3,9,30
8733,0,0,738.9,25,625,169
8734,1,0,416,7,49,378
8735,0,0,55,2,4,397
8736,1,0,20,1,1,227
8737,1,0,424.5,6,36,36
8738,0,0,255,12,144,175
8739,0,0,168,3,9,382
8740,0,0,469.4,11,121,488
8741,0,0,102.5,4,16,138
8742,1,0,317,8,64,53
8743,0,0,743,17,289,217
8744,1,0,275.5,3,9,69
8745,1,0,19.95,1,1,484
8746,0,0,39.5,1,1,377
8747,0,0,144.85,3,9,221
8748,1,0,78,2,4,326
8749,0,0,270,6,36,25
8750,1,0,196,5,25,47
8751,1,0,59,2,4,224
8752,1,0,186.5,4,16,27
8753,1,0,506.35,12,144,41
8754,0,0,48.65,12,144,66
8755,1,0,116,4,16,50
8756,0,0,29.5,1,1,50
8757,0,0,200,4,16,12
8758,1,0,179,3,9,388
8759,1,0,89,1,1,58
8760,1,0,556.9,16,256,21
8761,0,0,130,3,9,35
8762,1,0,65,1,1,400
8763,0,0,196.9,5,25,456
8764,1,0,131.5,5,25,30
8765,0,0,88,2,4,10
8766,1,0,84,3,9,470
8767,1,34,376.5,8,64,35
8768,0,0,28,2,4,159
8769,0,0,245,4,16,304
8770,1,0,25,2,4,14
8771,0,0,46.95,1,1,29
8772,1,77.95,255,5,25,458
8773,1,0,467.5,11,121,85
8774,0,0,563.5,15,225,9
8775,0,0,121,2,4,85
8776,0,0,213,5,25,22
8777,0,0,77.5,4,16,394
8778,1,0,343.3,14,196,149
8779,0,0,515,7,49,24
8780,0,0,34,2,4,394
8781,0,0,129,2,4,140
8782,0,0,38,1,1,450
8783,0,0,99,1,1,77
8784,1,0,24.95,1,1,685
8785,1,0,177,2,4,80
8786,0,0,101,4,16,54
8787,1,0,130,2,4,367
8788,1,0,861,8,64,1
8789,0,0,69,1,1,392
8790,0,0,57,3,9,159
8791,0,0,390,8,64,17
8792,0,0,119.5,6,36,18
8793,0,0,29.5,1,1,501
8794,0,0,522,15,225,378
8795,0,29,223,8,64,9
8796,1,97.95,357.95,10,100,15
8797,1,0,105.95,4,16,28
8798,0,0,138.9,8,64,134
8799,0,0,245,5,25,23
8800,1,0,705.5,18,324,1
8801,0,0,146,3,9,395
8802,1,0,118,2,4,76
8803,0,0,360.5,12,144,29
8804,0,0,157.5,5,25,24
8805,0,0,42.45,2,4,5
8806,0,0,119,1,1,9
8807,1,0,161,6,36,306
8808,1,35,45,2,4,413
8809,0,0,99,3,9,59
8810,0,0,150,6,36,140
8811,1,0,239,5,25,334
8812,0,115.5,455,11,121,36
8813,0,0,133.5,3,9,124
8814,1,0,160,4,16,70
8815,0,0,134,3,9,68
8816,1,0,510,14,196,65
8817,0,0,26,1,1,699
8818,1,0,147.5,4,16,429
8819,0,0,297.5,10,100,149
8820,0,1284.7,6104.65,253,64009,17
8821,1,0,88,2,4,92
8822,0,0,113,3,9,21
8823,1,0,233.45,7,49,18
8824,0,0,98,2,4,146
8825,0,0,84,2,4,389
8826,0,0,0,3,9,130
8827,1,0,309,8,64,379
8828,1,0,269.2,11,121,13
8829,0,0,65,1,1,418
8830,0,0,162,3,9,104
8831,1,48.25,592,5,25,416
8832,0,0,64,1,1,433
8833,0,0,42.85,3,9,676
8834,0,0,52.45,2,4,9
8835,0,0,12,1,1,600
8836,1,0,98.5,3,9,21
8837,1,0,51.8,2,4,189
8838,0,0,54,2,4,19
8839,0,0,34.9,2,4,9
8840,0,0,661.5,18,324,522
8841,1,0,574.8,8,64,11
8842,1,621.85,566.55,15,225,26
8843,1,0,135,4,16,99
8844,0,0,240,7,49,23
8845,1,0,25,1,1,679
8846,0,0,129,1,1,387
8847,1,0,344,10,100,17
8848,0,395,1049.3,15,225,29
8849,0,0,69,1,1,461
8850,1,0,616,7,49,385
8851,1,0,49,1,1,383
8852,1,0,204.3,5,25,384
8853,1,0,29,1,1,195
8854,0,0,193.5,6,36,11
8855,1,0,96,3,9,390
8856,1,0,77.95,2,4,348
8857,1,0,338,9,81,99
8858,0,0,27.5,1,1,530
8859,0,58,193,5,25,23
8860,0,0,56,2,4,31
8861,0,0,115.4,4,16,594
8862,0,0,213,5,25,14
8863,0,0,305,5,25,30
8864,1,0,556,17,289,171
8865,0,0,0,1,1,11
8866,0,0,37,2,4,598
8867,1,0,269,12,144,112
8868,0,0,129,1,1,281
8869,0,0,227.45,10,100,22
8870,1,0,342,8,64,60
8871,0,0,28,1,1,11
8872,0,0,208,8,64,164
8873,1,0,211,3,9,21
8874,1,0,44,1,1,469
8875,0,20.9,462.4,15,225,23
8876,1,44,540,11,121,17
8877,0,0,180.5,5,25,23
8878,0,0,151.8,5,25,599
8879,1,0,127.95,3,9,505
8880,0,0,96,3,9,10
8881,1,0,91,7,49,381
8882,1,0,276.95,7,49,112
8883,1,0,59,1,1,57
8884,0,0,19.5,1,1,197
8885,1,0,81,3,9,220
8886,1,0,75.95,3,9,24
8887,1,0,203.45,8,64,14
8888,1,0,72,2,4,656
8889,0,0,99,1,1,11
8890,0,0,118.5,3,9,542
8891,0,0,15,1,1,120
8892,0,0,232.45,8,64,149
8893,1,0,49.9,3,9,136
8894,0,0,72,4,16,383
8895,1,59,118.2,6,36,146
8896,0,0,44,1,1,269
8897,1,0,245.45,8,64,33
8898,0,0,954.14,34,1156,9
8899,0,0,25,1,1,403
8900,1,0,474.5,12,144,15
8901,1,0,140.35,5,25,17
8902,1,55.9,276.95,8,64,2
8903,1,0,122,3,9,599
8904,0,0,299,1,1,12
8905,1,0,79,1,1,337
8906,0,0,234.8,5,25,192
8907,0,0,17,1,1,385
8908,1,296,629.5,19,361,655
8909,1,0,166.5,5,25,26
8910,0,34,1161.4,19,361,88
8911,0,0,54.9,2,4,568
8912,0,0,12.95,1,1,1
8913,1,0,450.85,9,81,78
8914,0,0,188.5,2,4,389
8915,1,0,19.5,1,1,309
8916,0,0,246,8,64,563
8917,1,0,152,3,9,20
8918,0,56,119,3,9,16
8919,0,0,48,2,4,221
8920,0,0,99,2,4,20
8921,1,49,641.5,20,400,5
8922,1,0,78,2,4,411
8923,0,0,29,1,1,266
8924,0,0,205.85,10,100,188
8925,0,0,248,6,36,418
8926,0,0,99,4,16,216
8927,1,0,22.95,1,1,489
8928,0,0,114,3,9,29
8929,1,0,143.5,4,16,380
8930,0,0,0,1,1,298
8931,0,0,304,9,81,700
8932,0,0,193,6,36,26
8933,0,0,98.95,2,4,531
8934,1,0,78,4,16,382
8935,1,0,475,11,121,65
8936,0,0,64,4,16,23
8937,1,0,333,7,49,82
8938,0,0,95,3,9,21
8939,0,0,22,1,1,379
8940,1,0,24,1,1,390
8941,0,0,10,1,1,509
8942,0,0,109,3,9,33
8943,1,89,83,2,4,146
8944,0,0,29.5,1,1,13
8945,0,0,99,1,1,13
8946,0,0,59,1,1,62
8947,0,0,128.5,3,9,28
8948,0,0,220,7,49,408
8949,0,0,28,1,1,32
8950,1,0,299.1,10,100,551
8951,0,9.95,419.35,12,144,277
8952,0,0,224,6,36,480
8953,0,0,173,3,9,28
8954,0,0,178.8,6,36,369
8955,0,0,36,2,4,523
8956,0,0,132,3,9,413
8957,1,0,147.5,5,25,405
8958,0,0,248,3,9,337
8959,0,0,160.15,7,49,23
8960,0,0,347.8,7,49,360
8961,1,0,166,5,25,18
8962,0,0,78,1,1,647
8963,0,0,58,2,4,281
8964,1,0,118,2,4,44
8965,0,0,134.5,5,25,12
8966,0,0,76,3,9,143
8967,1,0,127,4,16,267
8968,0,0,400,7,49,32
8969,1,0,40,1,1,729
8970,0,0,64,1,1,25
8971,0,0,182,6,36,343
8972,0,0,74.5,2,4,13
8973,0,0,119,1,1,470
8974,0,0,88,2,4,441
8975,1,0,104,2,4,394
8976,0,0,192,5,25,448
8977,0,0,69,1,1,436
8978,1,0,118,2,4,58
8979,0,148,58,2,4,87
8980,1,0,169,3,9,716
8981,0,0,528.9,7,49,382
8982,1,0,134.5,5,25,13
8983,1,0,110,3,9,614
8984,0,0,154,2,4,391
8985,0,0,198,4,16,23
8986,0,0,17.4,5,25,60
8987,0,0,35,2,4,125
8988,0,0,49.5,1,1,380
8989,0,151.5,140,3,9,15
8990,0,0,68,2,4,26
8991,0,0,39,1,1,346
8992,1,0,229,1,1,81
8993,0,0,59,1,1,16
8994,0,0,44,1,1,16
8995,0,0,59,1,1,380
8996,1,0,98.5,3,9,17
8997,0,0,55,2,4,410
8998,0,0,97,2,4,384
8999,0,0,174,5,25,5
9000,0,0,114,4,16,409
9001,0,0,39.5,1,1,566
9002,0,0,0,2,4,7
9003,0,0,39.5,2,4,134
9004,0,0,121,6,36,24
9005,0,0,314.5,3,9,14
9006,1,0,124,7,49,61
9007,0,0,236.5,7,49,30
9008,0,0,26,1,1,635
9009,1,0,990.9,27,729,30
9010,0,139,39.5,2,4,139
9011,0,0,26,1,1,323
9012,0,0,0,2,4,5
9013,1,0,147.5,5,25,299
9014,1,0,320.9,11,121,71
9015,0,0,117,3,9,609
9016,0,0,58,2,4,457
9017,0,0,69.5,1,1,729
9018,0,0,327,8,64,13
9019,0,0,64,2,4,381
9020,1,0,541.35,10,100,65
9021,0,0,288.95,5,25,701
9022,1,0,30,1,1,505
9023,1,0,59,1,1,387
9024,0,0,166,5,25,21
9025,1,0,39.5,1,1,390
9026,1,56,68,2,4,391
9027,1,0,39,1,1,407
9028,0,0,172,4,16,93
9029,0,0,239,4,16,119
9030,0,0,134.95,4,16,4
9031,1,153.5,291.95,16,256,267
9032,0,72,65.5,2,4,110
9033,1,379,877.2,26,676,56
9034,0,0,58,2,4,27
9035,0,0,176.5,5,25,18
9036,0,0,0,3,9,372
9037,0,0,42,1,1,502
9038,1,0,358.95,12,144,488
9039,1,73,224,7,49,304
9040,0,0,133,3,9,21
9041,1,156,142.95,4,16,187
9042,0,0,0,1,1,615
9043,0,0,30,2,4,43
9044,0,0,30,2,4,12
9045,0,0,72,2,4,528
9046,1,0,227,5,25,15
9047,0,0,108.5,3,9,507
9048,0,39,273,4,16,40
9049,0,0,44,1,1,382
9050,1,0,174,5,25,369
9051,1,49,137.5,3,9,4
9052,0,0,541,16,256,61
9053,0,0,132,3,9,381
9054,0,0,143,2,4,18
9055,0,0,258,2,4,443
9056,1,0,311.2,6,36,20
9057,1,0,299.5,8,64,48
9058,1,0,57,3,9,331
9059,0,29,150.45,4,16,52
9060,0,0,129,1,1,105
9061,1,0,701.95,6,36,595
9062,0,0,0,1,1,20
9063,0,63.95,69.95,2,4,114
9064,0,0,100.9,5,25,691
9065,0,0,220.5,10,100,82
9066,1,0,73,2,4,32
9067,0,414.5,61.5,6,36,7
9068,0,0,162.9,7,49,18
9069,1,0,180.9,4,16,359
9070,1,0,706,5,25,405
9071,1,0,116,2,4,647
9072,0,0,140.5,5,25,23
9073,0,0,67,3,9,403
9074,1,0,305.45,9,81,50
9075,1,0,59,1,1,514
9076,1,0,123.5,5,25,208
9077,1,0,345.5,8,64,86
9078,1,59,177,3,9,84
9079,0,0,28.89,4,16,387
9080,0,0,151.75,8,64,357
9081,0,0,105.75,6,36,74
9082,1,84,66,3,9,14
9083,0,0,19,1,1,484
9084,1,0,69,1,1,90
9085,0,27.5,65,1,1,291
9086,0,0,74,2,4,464
9087,0,0,22,1,1,467
9088,0,0,974.5,24,576,183
9089,0,0,238,4,16,20
9090,1,0,113.95,3,9,278
9091,0,0,111.5,6,36,522
9092,1,0,121,5,25,206
9093,1,0,146,5,25,11
9094,0,0,119,3,9,23
9095,1,0,279,3,9,325
9096,1,258,1649.4,46,2116,109
9097,1,0,132.93,4,16,504
9098,0,0,59,1,1,188
9099,0,0,69,1,1,612
9100,0,0,44,1,1,63
9101,1,0,97.95,5,25,22
9102,0,0,89,1,1,120
9103,0,0,128,4,16,400
9104,0,0,702.95,24,576,79
9105,1,0,39.5,2,4,496
9106,0,0,100,3,9,21
9107,0,65,65,1,1,22
9108,1,0,196.5,8,64,75
9109,0,0,240.75,7,49,14
9110,0,0,41,2,4,22
9111,1,199,283.5,7,49,14
9112,0,0,363,9,81,26
9113,1,0,50,2,4,137
9114,0,0,69,1,1,707
9115,1,36,75,2,4,711
9116,1,0,249.9,4,16,386
9117,0,0,305.35,13,169,11
9118,0,49,382.45,9,81,28
9119,0,86,39.5,1,1,23
9120,1,0,210,10,100,98
9121,0,87,116,4,16,384
9122,1,0,88,1,1,715
9123,0,0,59.9,2,4,552
9124,1,0,54.95,1,1,370
9125,0,0,106.5,3,9,18
9126,0,0,159,3,9,155
9127,1,32.5,478.9,13,169,39
9128,0,62.5,237.95,6,36,175
9129,0,82.5,120,4,16,9
9130,1,0,786.95,12,144,93
9131,0,0,39.5,2,4,499
9132,0,0,199,1,1,19
9133,0,0,0,1,1,16
9134,0,0,49,1,1,151
9135,0,0,162.75,3,9,424
9136,1,0,78,3,9,58
9137,0,0,16,1,1,26
9138,0,0,149.95,4,16,11
9139,0,0,459.1,19,361,1
9140,1,0,287,7,49,167
9141,0,0,74,1,1,27
9142,0,0,93.5,3,9,20
9143,1,39,219.5,7,49,27
9144,0,0,79,1,1,477
9145,0,0,138.45,6,36,526
9146,0,0,186.5,5,25,129
9147,0,0,438.4,14,196,65
9148,1,0,240.55,11,121,184
9149,1,0,284.5,7,49,20
9150,1,0,143.95,2,4,332
9151,0,0,39.5,3,9,477
9152,0,0,39.95,1,1,172
9153,0,0,123.95,3,9,141
9154,0,0,49,1,1,114
9155,1,0,49.5,1,1,28
9156,1,273.85,515,14,196,21
9157,0,0,335,8,64,18
9158,0,0,327,3,9,50
9159,1,0,89,1,1,472
9160,1,0,191,5,25,48
9161,1,0,226.6,11,121,148
9162,0,0,79,1,1,384
9163,0,0,39,1,1,386
9164,0,0,146.5,4,16,154
9165,0,0,487,14,196,35
9166,0,0,103,4,16,43
9167,0,0,40,2,4,666
9168,0,0,24,1,1,169
9169,1,0,379.45,21,441,2
9170,1,209.5,189,5,25,186
9171,0,0,108,3,9,460
9172,0,0,53,2,4,380
9173,0,0,36,1,1,311
9174,0,0,641.5,18,324,171
9175,0,0,19,1,1,406
9176,1,0,10,1,1,107
9177,0,0,326.95,11,121,100
9178,0,0,87,2,4,27
9179,0,0,49,1,1,714
9180,0,0,69,1,1,383
9181,1,0,369.65,9,81,36
9182,0,0,59,1,1,727
9183,0,0,40,1,1,660
9184,0,25.95,162,12,144,14
9185,1,0,29,1,1,11
9186,1,0,354.95,7,49,111
9187,0,44,362.45,6,36,384
9188,0,118,685.95,15,225,32
9189,0,0,54.9,2,4,201
9190,1,0,117,3,9,632
9191,1,0,157.5,4,16,30
9192,1,57.45,150.5,10,100,210
9193,0,78,88,2,4,353
9194,0,0,251.9,10,100,391
9195,0,0,29.5,2,4,228
9196,1,0,390,7,49,408
9197,1,0,187.5,3,9,17
9198,1,0,118.35,5,25,361
9199,1,0,74.5,2,4,392
9200,0,0,92,3,9,23
9201,1,0,146.5,4,16,19
9202,0,0,69,2,4,391
9203,0,0,580.85,33,1089,10
9204,0,0,110.5,4,16,114
9205,0,65.74,52.95,2,4,552
9206,1,659.2,5496.4,142,20164,23
9207,1,0,138,2,4,78
9208,1,0,228.65,4,16,95
9209,0,0,143.95,2,4,377
9210,0,0,131,4,16,16
9211,0,0,0,4,16,9
9212,0,0,99,1,1,368
9213,0,0,64,2,4,240
9214,0,0,89,1,1,635
9215,1,99,141.65,7,49,20
9216,0,0,88,1,1,701
9217,0,0,330.95,7,49,18
9218,0,0,89,1,1,99
9219,1,0,113.3,5,25,173
9220,0,0,137,4,16,390
9221,1,29.5,99,4,16,13
9222,0,0,662.8,12,144,32
9223,0,0,59,2,4,58
9224,0,0,246,8,64,9
9225,1,0,355,6,36,213
9226,1,64.9,242.35,8,64,31
9227,1,0,588,17,289,65
9228,1,12,36,2,4,98
9229,0,0,34,1,1,14
9230,0,41.5,339,6,36,7
9231,0,0,139,1,1,354
9232,0,0,59,1,1,29
9233,1,0,655.5,27,729,157
9234,0,0,145,3,9,376
9235,1,0,94.9,2,4,353
9236,1,0,189,4,16,701
9237,0,0,28,1,1,277
9238,1,0,118,3,9,62
9239,1,0,79,1,1,457
9240,1,0,167,7,49,424
9241,1,0,39.5,2,4,133
9242,0,0,98,2,4,198
9243,0,0,92,2,4,36
9244,1,0,171.45,5,25,48
9245,1,121.45,228.9,9,81,22
9246,0,179,297,7,49,62
9247,0,0,88.5,3,9,402
9248,0,0,59,1,1,28
9249,0,0,81.95,6,36,146
9250,0,0,37,1,1,19
9251,1,0,138,4,16,25
9252,1,0,1375.5,23,529,138
9253,0,0,192,4,16,11
9254,1,0,205.5,4,16,122
9255,1,0,228,2,4,653
9256,0,0,231,6,36,21
9257,1,0,69,3,9,377
9258,0,89.9,376.35,15,225,200
9259,1,0,109.45,2,4,286
9260,1,0,145,4,16,393
9261,0,0,0,2,4,18
9262,1,0,32,1,1,11
9263,0,15,941.9,11,121,26
9264,0,0,243.9,13,169,13
9265,0,0,83.5,2,4,387
9266,1,0,220,1,1,368
9267,1,0,90,4,16,21
9268,0,0,132,7,49,393
9269,0,119.45,54.5,2,4,29
9270,0,0,528.95,29,841,21
9271,0,0,416,4,16,377
9272,1,60,542,21,441,52
9273,0,0,59,1,1,688
9274,0,0,105,2,4,32
9275,1,0,90,2,4,171
9276,1,49,192,4,16,21
9277,1,0,36,1,1,330
9278,0,0,29.5,1,1,19
9279,0,0,22.95,1,1,573
9280,0,0,19.25,2,4,32
9281,0,0,120,3,9,421
9282,0,0,69,1,1,566
9283,0,69,264.5,5,25,42
9284,1,0,64,2,4,365
9285,1,34.5,114,2,4,392
9286,1,0,1341.45,34,1156,17
9287,0,0,59,1,1,49
9288,1,0,26,2,4,381
9289,0,0,129.95,1,1,77
9290,1,0,44,1,1,57
9291,0,0,241,6,36,11
9292,1,0,59.95,1,1,486
9293,0,0,83,2,4,21
9294,1,0,1038.7,30,900,5
9295,1,0,165.5,3,9,12
9296,1,0,92.8,4,16,170
9297,0,0,103,6,36,88
9298,1,29,98,3,9,154
9299,1,49.95,493.65,21,441,29
9300,0,0,102,6,36,136
9301,1,0,98.95,3,9,379
9302,0,0,56,1,1,406
9303,1,0,145,2,4,500
9304,0,0,190,6,36,587
9305,0,0,29.5,1,1,449
9306,0,0,29,1,1,12
9307,1,0,215.95,5,25,241
9308,0,0,44,1,1,4
9309,1,0,113.5,3,9,10
9310,1,0,137,5,25,417
9311,0,0,362,3,9,32
9312,1,0,314.5,10,100,135
9313,1,0,798,2,4,620
9314,0,0,212,3,9,412
9315,0,78,229,6,36,26
9316,0,0,471,5,25,484
9317,0,0,216,7,49,19
9318,1,0,308,3,9,12
9319,0,0,138,2,4,383
9320,0,0,586,6,36,31
9321,0,0,455,8,64,30
9322,0,0,265.45,6,36,30
9323,1,0,471.4,13,169,282
9324,0,0,95,1,1,449
9325,1,0,19.95,1,1,706
9326,1,135.85,323.55,14,196,57
9327,0,0,168.5,6,36,12
9328,1,0,237.5,6,36,140
9329,1,0,120,5,25,391
9330,0,0,83,3,9,207
9331,1,0,49,2,4,25
9332,0,0,419.5,10,100,1
9333,0,0,78,2,4,674
9334,1,0,182,3,9,622
9335,1,99.95,326.15,10,100,1
9336,0,0,56,1,1,17
9337,1,70.5,392,5,25,51
9338,0,49.5,103.95,2,4,90
9339,1,0,433.95,13,169,24
9340,0,0,941.75,14,196,13
9341,1,0,701.85,13,169,14
9342,0,0,39,1,1,566
9343,1,179,543.9,16,256,32
9344,1,0,1767.35,66,4356,28
9345,0,0,412,6,36,25
9346,1,257,559,9,81,20
9347,1,0,68,4,16,497
9348,0,254.7,448.5,14,196,19
9349,0,0,147,4,16,721
9350,0,16.85,49.5,1,1,352
9351,1,0,269,7,49,23
9352,0,0,34,1,1,458
9353,1,0,258.45,10,100,240
9354,0,0,99,2,4,707
9355,0,0,127,4,16,475
9356,0,0,17,1,1,43
9357,1,81.5,247,5,25,417
9358,0,0,156,5,25,16
9359,0,38.85,59.85,3,9,592
9360,1,0,60,4,16,54
9361,1,216,1337,33,1089,16
9362,0,49.5,52,1,1,379
9363,0,0,547.5,13,169,379
9364,1,0,53,2,4,390
9365,0,0,69,1,1,704
9366,0,0,55,2,4,295
9367,0,0,204,2,4,647
9368,0,0,114,2,4,526
9369,0,0,49,1,1,21
9370,0,0,566,18,324,23
9371,1,0,344.8,12,144,535
9372,1,0,39.5,1,1,380
9373,0,0,29,1,1,149
9374,0,0,154,2,4,420
9375,0,0,38,1,1,389
9376,1,29.5,109.5,5,25,142
9377,1,267,833,12,144,37
9378,0,299.25,321,5,25,141
9379,0,0,64,1,1,22
9380,0,0,20.5,2,4,85
9381,1,0,148.5,3,9,41
9382,1,29,109,1,1,52
9383,0,0,37,1,1,38
9384,1,0,214,2,4,379
9385,1,0,39,1,1,711
9386,0,0,132,3,9,29
9387,0,0,92.95,3,9,275
9388,0,0,90,1,1,446
9389,0,0,103.9,3,9,225
9390,0,0,81.45,4,16,395
9391,0,66,86,2,4,91
9392,0,0,201.35,8,64,147
9393,1,0,134,2,4,383
9394,0,0,58,2,4,379
9395,1,0,40,1,1,629
9396,1,0,328,12,144,287
9397,0,0,86,2,4,10
9398,0,0,361,9,81,13
9399,0,0,39.5,2,4,513
9400,1,0,0,1,1,389
9401,0,0,39.5,2,4,516
9402,1,0,176,6,36,17
9403,1,0,183,9,81,403
9404,1,0,163,3,9,215
9405,0,0,64,2,4,20
9406,1,177.5,158,5,25,62
9407,0,0,69,1,1,103
9408,0,0,57.5,3,9,114
9409,0,0,79,1,1,617
9410,0,0,29.5,1,1,26
9411,1,0,219.5,6,36,18
9412,1,0,225,6,36,30
9413,1,182.95,289.8,6,36,224
9414,0,0,14,1,1,379
9415,0,0,44,1,1,412
9416,0,0,63,3,9,417
9417,1,0,126,4,16,404
9418,1,0,78,2,4,392
9419,1,45.5,670.5,19,361,81
9420,0,0,170,5,25,98
9421,1,0,98.5,4,16,28
9422,1,0,316,9,81,31
9423,0,0,92.35,4,16,326
9424,1,0,238,5,25,330
9425,1,0,58,1,1,64
9426,0,0,186.95,4,16,84
9427,0,0,132.5,3,9,389
9428,0,0,98,2,4,413
9429,1,210.45,45.5,1,1,388
9430,1,0,633,9,81,20
9431,1,0,198.85,5,25,693
9432,1,0,59,1,1,23
9433,0,99,55,1,1,433
9434,1,0,49.9,2,4,728
9435,1,0,297,8,64,429
9436,1,0,153.9,4,16,339
9437,1,0,147.5,5,25,107
9438,0,0,29.5,1,1,21
9439,0,0,29.9,2,4,502
9440,0,0,138,5,25,23
9441,1,146,68.5,2,4,402
9442,0,0,28,2,4,141
9443,1,29.5,694.5,14,196,20
9444,0,0,168,2,4,625
9445,0,0,48,3,9,155
9446,0,0,99,2,4,19
9447,1,0,244.5,6,36,383
9448,0,0,189,1,1,425
9449,0,0,107.5,3,9,46
9450,1,0,72.9,3,9,341
9451,0,0,154.7,3,9,641
9452,0,69,117.5,3,9,396
9453,0,0,176.95,4,16,29
9454,0,0,377,13,169,21
9455,0,0,263,7,49,21
9456,0,0,318,2,4,356
9457,0,0,79,1,1,427
9458,0,0,29,1,1,23
9459,0,0,68.5,2,4,433
9460,0,58,292.7,11,121,219
9461,1,0,516.95,8,64,427
9462,1,43,306.6,12,144,29
9463,1,0,49,1,1,384
9464,0,0,59,1,1,377
9465,0,0,88,2,4,26
9466,0,0,28,1,1,661
9467,0,0,194,5,25,24
9468,1,0,49,1,1,722
9469,0,0,273,10,100,14
9470,0,29,507.95,10,100,25
9471,0,0,20,1,1,691
9472,1,0,146.85,6,36,60
9473,1,0,157.35,10,100,79
9474,1,0,69,1,1,342
9475,1,0,1107.95,20,400,1
9476,1,0,49,1,1,501
9477,1,0,29.5,1,1,381
9478,1,0,218.5,7,49,35
9479,0,0,91,4,16,15
9480,1,0,186.45,6,36,16
9481,1,0,252.5,3,9,52
9482,1,0,88.5,3,9,503
9483,0,0,39.5,2,4,136
9484,0,0,35,2,4,379
9485,1,0,237.7,10,100,16
9486,0,0,91,4,16,145
9487,0,0,50,2,4,385
9488,0,0,177,3,9,288
9489,0,0,49.95,3,9,718
9490,0,705,1102.4,13,169,382
9491,0,0,29,1,1,726
9492,1,0,34,1,1,313
9493,1,446.65,916.7,21,441,38
9494,0,0,60.99,2,4,130
9495,0,0,39.5,2,4,152
9496,0,0,56,1,1,110
9497,0,0,29,1,1,459
9498,0,0,89,1,1,727
9499,1,99,300.45,9,81,40
9500,1,0,186.45,6,36,60
9501,0,308.9,411.4,13,169,19
9502,1,0,157,3,9,485
9503,0,88.5,262,10,100,20
9504,0,0,613.7,7,49,2
9505,0,0,89,2,4,382
9506,0,0,47,1,1,711
9507,0,0,39.5,2,4,526
9508,0,0,79,4,16,524
9509,0,0,109,2,4,148
9510,0,0,109.5,8,64,421
9511,0,0,226,7,49,314
9512,0,0,48.9,3,9,397
9513,0,0,122.5,4,16,18
9514,1,0,226,8,64,91
9515,0,0,42,1,1,503
9516,0,0,71,3,9,106
9517,0,0,100,4,16,132
9518,0,0,39.5,2,4,518
9519,0,0,39.5,2,4,397
9520,0,0,49,1,1,123
9521,0,0,73,2,4,28
9522,0,0,88.5,3,9,305
9523,1,0,127.5,2,4,21
9524,0,0,129,1,1,30
9525,1,0,58,2,4,93
9526,0,0,52,2,4,518
9527,0,0,88,2,4,726
9528,0,0,127.5,5,25,144
9529,0,0,79,4,16,506
9530,0,0,12,1,1,422
9531,0,0,79,1,1,392
9532,0,0,97.5,3,9,22
9533,0,0,75,2,4,95
9534,0,0,44,1,1,84
9535,0,0,88.5,3,9,128
9536,0,0,0,1,1,57
9537,1,0,108.5,4,16,258
9538,0,0,287,5,25,418
9539,0,0,44.5,3,9,496
9540,0,0,319.5,8,64,26
9541,0,0,49.5,1,1,400
9542,1,0,388.25,11,121,383
9543,0,0,39.5,1,1,329
9544,0,103,517.4,16,256,17
9545,1,0,97.85,4,16,161
9546,0,0,81.9,3,9,564
9547,0,0,49,1,1,118
9548,1,347,522.2,13,169,52
9549,0,0,1592.3,39,1521,501
9550,1,22,192.5,4,16,26
9551,0,0,38,1,1,645
9552,0,0,160.75,3,9,673
9553,0,0,361.45,13,169,18
9554,1,0,181.7,8,64,15
9555,0,0,187.5,4,16,19
9556,0,0,958.5,35,1225,10
9557,0,0,136,8,64,12
9558,1,0,438.8,9,81,30
9559,1,0,102,4,16,7
9560,0,0,29,1,1,272
9561,0,0,188.9,4,16,87
9562,0,0,43,1,1,130
9563,0,0,50,1,1,75
9564,0,63,965.6,28,784,166
9565,1,0,156,2,4,38
9566,0,20.5,269.9,10,100,17
9567,1,0,59,1,1,127
9568,1,0,88.5,2,4,390
9569,0,0,125,2,4,405
9570,0,0,0,6,36,10
9571,0,0,29.5,1,1,27
9572,0,0,44.5,3,9,499
9573,1,0,128,4,16,643
9574,0,0,59,1,1,388
9575,0,0,97,3,9,12
9576,0,0,76,2,4,260
9577,0,0,231,6,36,22
9578,0,0,26.95,2,4,200
9579,1,0,34.95,1,1,501
9580,1,0,418.9,10,100,8
9581,0,0,44,1,1,119
9582,1,0,163,4,16,274
9583,1,0,81,3,9,155
9584,0,0,63.88,5,25,31
9585,1,0,16.95,1,1,691
9586,1,0,564.15,12,144,9
9587,0,0,0,1,1,444
9588,0,0,202.5,6,36,144
9589,0,0,65.5,2,4,56
9590,0,0,108.5,2,4,62
9591,0,0,35,1,1,506
9592,0,0,56,1,1,497
9593,0,49.4,69.9,3,9,108
9594,0,0,217.5,4,16,149
9595,1,0,459.5,12,144,21
9596,0,0,23.15,3,9,606
9597,1,70.75,92,5,25,159
9598,0,0,60,2,4,324
9599,1,0,347.5,8,64,62
9600,0,39.75,145.45,4,16,20
9601,0,0,39.5,1,1,303
9602,0,0,99,1,1,487
9603,0,0,26,1,1,520
9604,1,0,1647.95,30,900,13
9605,1,0,2363.45,65,4225,47
9606,0,0,441,12,144,15
9607,0,0,95,3,9,35
9608,1,0,88.5,3,9,30
9609,1,0,196,4,16,218
9610,0,0,327,10,100,121
9611,0,0,27,1,1,261
9612,0,0,68,4,16,27
9613,0,0,65,1,1,438
9614,0,0,159,2,4,41
9615,0,0,24,1,1,475
9616,1,0,58,2,4,82
9617,0,0,49,1,1,382
9618,1,0,59.5,2,4,131
9619,0,0,36,1,1,404
9620,1,0,34,1,1,58
9621,0,48.95,29.5,1,1,14
9622,1,0,271.1,9,81,215
9623,1,0,259.7,8,64,536
9624,0,0,386,9,81,130
9625,1,0,2507.95,16,256,347
9626,0,0,199,2,4,435
9627,0,0,371.35,21,441,80
9628,1,0,63.5,2,4,18
9629,0,0,0,1,1,383
9630,0,212.5,58,2,4,383
9631,0,0,29,1,1,24
9632,0,0,295.5,13,169,12
9633,0,148.4,238.5,9,81,25
9634,0,0,29,1,1,638
9635,1,0,201.45,10,100,385
9636,1,29,1268,31,961,30
9637,0,0,111.5,4,16,12
9638,0,0,28.9,2,4,665
9639,1,0,112.5,3,9,27
9640,1,301,598,13,169,71
9641,0,169,79,1,1,416
9642,0,0,89,5,25,16
9643,1,0,49.5,3,9,515
9644,0,0,96.5,9,81,385
9645,0,0,27.85,3,9,161
9646,0,0,212.95,4,16,4
9647,0,0,137.5,6,36,383
9648,0,0,163.5,5,25,403
9649,1,0,144,3,9,33
9650,0,0,143,2,4,436
9651,0,0,55,1,1,726
9652,1,0,425.95,14,196,65
9653,0,0,49,1,1,389
9654,0,0,59,1,1,426
9655,1,0,360.3,13,169,19
9656,1,0,35,1,1,127
9657,1,0,50,2,4,136
9658,1,0,42,2,4,18
9659,1,0,434,7,49,348
9660,0,0,12.5,1,1,9
9661,0,0,29.95,1,1,711
9662,0,616,93,2,4,26
9663,0,0,24,1,1,390
9664,0,0,29,1,1,392
9665,0,0,242.5,7,49,28
9666,0,66,148,3,9,328
9667,0,0,96,3,9,105
9668,0,0,14.3,6,36,15
9669,1,0,83,3,9,383
9670,1,0,149.5,6,36,265
9671,1,0,666,8,64,414
9672,0,122.5,66,3,9,466
9673,0,0,74.95,1,1,392
9674,1,0,69.9,2,4,192
9675,1,422.85,882.45,26,676,10
9676,0,0,64.9,3,9,684
9677,1,0,120.95,3,9,16
9678,0,0,39.5,3,9,158
9679,0,0,134.5,7,49,532
9680,0,0,88.95,2,4,123
9681,0,171.5,39,1,1,665
9682,1,0,138,4,16,28
9683,1,0,99,3,9,148
9684,0,0,119,1,1,699
9685,1,0,36.5,1,1,386
9686,0,95.5,110,3,9,13
9687,1,0,109,3,9,26
9688,0,97,556.45,16,256,222
9689,0,0,123.9,4,16,375
9690,0,0,195.95,5,25,378
9691,0,30,254.95,6,36,48
9692,0,0,78,2,4,446
9693,1,0,50,2,4,157
9694,0,0,93.5,6,36,185
9695,0,0,98.5,2,4,68
9696,1,0,335,9,81,162
9697,1,0,800.44,23,529,23
9698,0,0,59,1,1,385
9699,0,0,94,4,16,15
9700,1,0,44,1,1,52
9701,1,0,253.85,7,49,44
9702,0,0,154.85,3,9,554
9703,1,38,142.85,5,25,191
9704,0,0,170.5,7,49,4
9705,0,0,49.5,1,1,686
9706,1,0,182,4,16,64
9707,1,94.85,448.95,16,256,13
9708,1,0,272.5,9,81,38
9709,0,0,104.5,2,4,481
9710,1,0,386,4,16,39
9711,0,0,31,1,1,11
9712,0,0,79,3,9,429
9713,0,0,271.5,8,64,25
9714,1,0,38,1,1,350
9715,0,0,29,1,1,14
9716,0,0,129,1,1,425
9717,1,0,59,1,1,220
9718,0,0,109,5,25,85
9719,0,0,45,1,1,377
9720,1,0,84,2,4,142
9721,1,0,112.5,4,16,136
9722,0,169,387.5,11,121,78
9723,0,0,228.5,2,4,447
9724,0,0,59.85,3,9,154
9725,0,0,29,2,4,639
9726,0,0,76,3,9,578
9727,0,0,39.5,2,4,408
9728,0,0,44,1,1,673
9729,0,0,133.5,3,9,21
9730,0,0,50,1,1,680
9731,1,0,158,2,4,282
9732,0,0,105.5,2,4,279
9733,0,0,15,1,1,9
9734,1,0,255,9,81,27
9735,0,0,320,12,144,267
9736,0,0,114,3,9,61
9737,1,0,465.95,5,25,4
9738,0,0,153.9,6,36,300
9739,0,0,19.5,1,1,534
9740,0,0,176,4,16,84
9741,1,0,637.95,17,289,33
9742,0,0,270.15,14,196,23
9743,0,0,0,1,1,340
9744,0,0,49,1,1,109
9745,0,0,156.5,5,25,81
9746,0,0,284.5,8,64,526
9747,0,0,92,2,4,136
9748,0,0,369.5,8,64,33
9749,0,0,186.95,5,25,392
9750,1,0,179.5,5,25,21
9751,0,0,131.5,5,25,10
9752,0,0,327,4,16,393
9753,1,0,118,2,4,59
9754,0,0,204,4,16,97
9755,0,0,39,1,1,38
9756,0,0,39.5,2,4,136
9757,0,0,62,2,4,23
9758,0,105.95,348.5,7,49,31
9759,0,0,207.95,5,25,612
9760,1,0,257,3,9,120
9761,1,0,339.5,7,49,72
9762,0,0,180.5,5,25,305
9763,0,0,127.75,5,25,524
9764,0,0,61,3,9,505
9765,0,0,19.95,1,1,409
9766,0,0,194.95,9,81,51
9767,0,0,30,1,1,467
9768,0,291,111.95,5,25,424
9769,1,29,262.7,9,81,46
9770,0,0,69,1,1,639
9771,1,110.4,277.9,7,49,36
9772,0,0,102.7,4,16,234
9773,0,0,278.45,9,81,217
9774,0,0,263,8,64,13
9775,1,0,602,16,256,63
9776,1,0,129,1,1,363
9777,0,126,1080.5,18,324,2
9778,0,0,170,8,64,154
9779,1,0,60,3,9,140
9780,1,0,88,2,4,454
9781,0,0,0,1,1,208
9782,0,0,321.5,6,36,160
9783,0,0,19.95,1,1,435
9784,0,0,248,6,36,123
9785,0,0,199,1,1,438
9786,0,53.7,1390.24,103,10609,23
9787,1,0,382,5,25,59
9788,0,0,49,1,1,714
9789,0,0,349.5,6,36,53
9790,0,0,22,1,1,500
9791,1,0,317,6,36,628
9792,1,0,0,1,1,390
9793,0,0,49,1,1,589
9794,0,0,77.5,3,9,29
9795,0,0,26,1,1,529
9796,0,0,42,1,1,26
9797,1,0,518,18,324,203
9798,1,0,316,9,81,35
9799,0,0,108.5,3,9,126
9800,1,0,79,2,4,395
9801,0,0,147.5,5,25,25
9802,1,0,322.5,9,81,92
9803,1,0,45,1,1,477
9804,0,0,100.5,3,9,267
9805,1,75.5,65,1,1,388
9806,1,213.45,157,5,25,328
9807,0,36,149.8,6,36,499
9808,0,0,169,1,1,708
9809,1,0,19,1,1,665
9810,0,0,60,3,9,586
9811,0,0,22,1,1,319
9812,0,0,140.5,6,36,498
9813,1,0,19.95,1,1,462
9814,0,0,208,3,9,22
9815,0,0,99,1,1,403
9816,0,0,93.5,3,9,88
9817,1,0,246.5,6,36,270
9818,0,0,271.95,12,144,26
9819,0,0,120.5,5,25,511
9820,0,0,95.75,9,81,160
9821,0,0,36.95,2,4,422
9822,0,0,39.5,2,4,487
9823,0,0,271.5,7,49,30
9824,1,0,487,12,144,46
9825,0,0,69,1,1,520
9826,0,0,105,5,25,413
9827,0,0,732.5,15,225,424
9828,0,0,138,3,9,650
9829,1,0,184,3,9,443
9830,0,0,29,1,1,263
9831,0,0,58.5,3,9,262
9832,0,0,8.9,2,4,512
9833,0,358,222.95,7,49,431
9834,0,0,125.49,7,49,15
9835,1,65,59,2,4,28
9836,1,0,510.65,16,256,183
9837,0,0,355.95,8,64,431
9838,0,0,410.5,8,64,321
9839,0,0,130.85,2,4,675
9840,0,0,60,1,1,127
9841,0,0,221,4,16,48
9842,0,0,89,1,1,15
9843,0,0,101,2,4,725
9844,0,0,447.9,14,196,161
9845,0,0,89.5,4,16,160
9846,0,0,906.5,25,625,19
9847,0,0,26.95,1,1,4
9848,0,0,168.5,5,25,21
9849,0,0,34.95,1,1,400
9850,0,0,231,7,49,22
9851,1,0,334.5,8,64,380
9852,0,0,49,1,1,385
9853,1,0,58,2,4,390
9854,0,53.95,334,6,36,29
9855,0,0,85,1,1,360
9856,1,0,138,3,9,105
9857,1,349,388,9,81,427
9858,1,238.25,250.45,8,64,32
9859,1,0,158.45,3,9,58
9860,1,0,233.95,6,36,275
9861,0,69,537.35,12,144,12
9862,0,0,49,1,1,378
9863,0,0,39,1,1,141
9864,0,0,64.5,1,1,11
9865,1,0,45,2,4,42
9866,0,34,73,2,4,43
9867,1,0,75,3,9,310
9868,0,0,117,4,16,589
9869,0,0,442.9,6,36,66
9870,1,0,619,16,256,87
9871,0,0,606.5,14,196,412
9872,0,0,68,1,1,406
9873,0,0,153,4,16,21
9874,1,0,372,7,49,337
9875,0,0,294,6,36,54
9876,0,0,114.95,4,16,211
9877,0,0,128.5,5,25,378
9878,0,0,68,4,16,406
9879,0,0,89,1,1,21
9880,1,0,210,7,49,53
9881,0,0,94,4,16,20
9882,0,0,44,1,1,15
9883,0,0,30,2,4,524
9884,0,0,103.95,3,9,410
9885,1,0,49.95,2,4,188
9886,1,0,529.5,11,121,13
9887,0,0,199,1,1,385
9888,0,0,79,4,16,500
9889,0,0,44,1,1,420
9890,1,0,255.4,10,100,25
9891,0,0,82,2,4,18
9892,0,0,46,1,1,21
9893,0,0,99,1,1,418
9894,0,0,49.5,1,1,386
9895,1,0,511,13,169,72
9896,0,0,147,4,16,26
9897,0,0,99,1,1,384
9898,0,0,129,1,1,104
9899,0,0,416,7,49,389
9900,0,0,14.95,1,1,477
9901,1,0,173,5,25,45
9902,0,0,32,1,1,397
9903,0,0,373.85,6,36,31
9904,0,0,176.5,4,16,19
9905,0,0,108.5,3,9,126
9906,0,0,142,3,9,395
9907,1,0,748,15,225,17
9908,0,0,39.5,2,4,504
9909,1,0,34,1,1,610
9910,0,0,69,2,4,693
9911,0,0,49,2,4,373
9912,1,0,464.5,14,196,65
9913,1,0,627.5,6,36,25
9914,1,0,228,6,36,31
9915,1,0,166.95,6,36,114
9916,0,53.8,713.1,28,784,12
9917,0,0,191,5,25,72
9918,0,0,127,4,16,140
9919,0,0,0,1,1,13
9920,0,0,159.25,7,49,466
9921,1,0,149.5,7,49,141
9922,1,0,610.95,9,81,165
9923,0,0,83.95,2,4,452
9924,1,0,62.95,3,9,541
9925,0,0,65,1,1,404
9926,0,0,34.95,1,1,727
9927,1,0,1110,5,25,387
9928,1,68,196,5,25,19
9929,0,0,19.95,1,1,106
9930,1,0,307.95,8,64,406
9931,0,0,109,1,1,652
9932,0,0,291,7,49,446
9933,0,0,44,1,1,694
9934,0,0,0,1,1,382
9935,0,0,73.95,2,4,82
9936,0,0,367,9,81,21
9937,0,0,16,1,1,505
9938,1,0,75.5,2,4,33
9939,0,321,431,10,100,23
9940,0,0,198,2,4,23
9941,1,0,115.45,4,16,354
9942,1,0,89,1,1,69
9943,0,0,73,2,4,383
9944,1,0,256.4,6,36,337
9945,0,0,115,3,9,389
9946,1,0,211.5,5,25,35
9947,0,0,289,6,36,440
9948,0,0,28,1,1,51
9949,0,0,448,2,4,401
9950,1,0,87,3,9,183
9951,1,0,377,9,81,53
9952,1,0,175.85,9,81,13
9953,0,0,291.5,6,36,193
9954,0,0,51,3,9,432
9955,0,0,342.95,4,16,466
9956,1,0,296,7,49,14
9957,0,0,68,2,4,400
9958,0,0,362,7,49,417
9959,1,54,357,7,49,77
9960,1,0,253.2,11,121,24
9961,0,0,51,1,1,37
9962,0,0,149,1,1,706
9963,1,0,852,21,441,23
9964,0,0,69,1,1,464
9965,0,0,427.7,14,196,185
9966,0,54.65,29,1,1,58
9967,0,29,250,2,4,117
9968,0,0,138,2,4,98
9969,1,0,180,5,25,400
9970,0,0,185.5,7,49,26
9971,1,0,355.5,9,81,92
9972,0,0,461,3,9,22
9973,0,0,199,1,1,367
9974,1,0,29.5,1,1,30
9975,0,69,85.5,4,16,153
9976,1,29,303.5,7,49,1
9977,1,0,698.8,7,49,42
9978,0,0,19.5,1,1,256
9979,0,0,59,2,4,32
9980,0,0,198,6,36,412
9981,0,0,64,3,9,25
9982,0,0,166.45,11,121,146
9983,1,0,353,12,144,388
9984,0,0,39.95,2,4,480
9985,0,0,29.95,1,1,728
9986,1,0,638.45,24,576,17
9987,0,0,38,1,1,390
9988,0,171,189.5,3,9,14
9989,0,0,59,2,4,19
9990,1,0,159.9,2,4,453
9991,1,0,445,13,169,45
9992,1,0,85,3,9,26
9993,0,0,183.6,11,121,370
9994,0,0,73,3,9,529
9995,1,29.95,422.5,10,100,13
9996,1,0,405,12,144,33
9997,1,0,49,1,1,35
9998,0,0,0,1,1,614
9999,1,0,38,1,1,317
10000,1,0,210,12,144,32
10001,1,34,117,4,16,26
10002,0,0,29,1,1,26
10003,1,0,818.2,27,729,16
10004,1,0,25,1,1,378
10005,0,0,19,1,1,481
10006,0,0,29.9,3,9,384
10007,0,44.85,209.6,8,64,550
10008,0,0,109,1,1,718
10009,0,0,30,1,1,151
10010,1,59,153,4,16,22
10011,0,0,29,1,1,506
10012,1,0,198.5,6,36,483
10013,1,0,531.9,22,484,20
10014,0,0,79.9,3,9,167
10015,0,0,358.9,11,121,5
10016,0,0,38,1,1,437
10017,0,0,136,8,64,41
10018,0,0,44,1,1,405
10019,0,119.85,717.9,22,484,15
10020,0,0,417,16,256,240
10021,0,0,108,2,4,578
10022,0,0,104.45,3,9,5
10023,0,0,41.2,3,9,528
10024,1,0,281.2,10,100,23
10025,1,0,64,2,4,41
10026,0,0,251.5,8,64,28
10027,0,40,155,5,25,7
10028,1,0,268.95,5,25,92
10029,0,0,56,1,1,508
10030,0,0,34.5,1,1,10
10031,1,42.9,67.5,5,25,503
10032,0,0,467.8,19,361,32
10033,0,0,203,4,16,382
10034,1,0,195,1,1,717
10035,0,0,510.85,16,256,33
10036,0,0,47,2,4,7
10037,0,0,105.5,2,4,391
10038,1,89.5,428.45,8,64,17
10039,1,0,483.95,10,100,436
10040,0,0,438.5,12,144,21
10041,1,0,265.95,5,25,35
10042,1,0,118,5,25,56
10043,0,0,93.5,2,4,394
10044,0,0,69.5,7,49,328
10045,1,0,60,2,4,57
10046,0,0,29,1,1,402
10047,0,59,148,2,4,282
10048,0,0,205.8,9,81,287
10049,0,0,39.5,2,4,513
10050,0,0,0,2,4,17
10051,1,0,380,13,169,51
10052,0,0,59.99,5,25,60
10053,1,0,80,4,16,397
10054,0,0,173,5,25,138
10055,0,45,264,9,81,73
10056,1,44,500.9,12,144,5
10057,0,0,211,3,9,71
10058,0,0,199,5,25,184
10059,0,0,302.75,8,64,14
10060,1,0,247,5,25,95
10061,1,0,307.25,8,64,28
10062,0,0,344,7,49,200
10063,0,0,129.5,4,16,241
10064,1,0,152.85,4,16,47
10065,1,0,496,7,49,18
10066,0,0,216.9,3,9,394
10067,0,0,29.75,7,49,9
10068,1,0,273.5,7,49,79
10069,1,0,227.75,9,81,10
10070,0,0,236.9,10,100,421
10071,0,0,94,2,4,16
10072,0,36,181.5,6,36,28
10073,0,0,29,1,1,13
10074,0,0,73,2,4,327
10075,1,0,590,10,100,150
10076,0,0,59.95,1,1,105
10077,1,0,10,1,1,502
10078,0,0,0,1,1,18
10079,0,0,146,5,25,403
10080,1,0,172.9,7,49,186
10081,0,0,85,2,4,634
10082,1,0,106,2,4,121
10083,0,0,301,4,16,46
10084,0,237.5,109.5,4,16,22
10085,0,265,92,4,16,19
10086,1,0,278.45,9,81,33
10087,0,0,51,2,4,468
10088,1,0,170,5,25,569
10089,0,0,61.5,2,4,29
10090,0,0,49.5,2,4,54
10091,0,0,39,1,1,376
10092,0,0,60,1,1,512
10093,0,0,108,3,9,20
10094,1,0,126.95,3,9,85
10095,0,368,227,3,9,18
10096,0,0,64.5,3,9,468
10097,0,0,12.5,1,1,611
10098,0,24,37,1,1,37
10099,0,0,88,2,4,391
10100,0,0,133,2,4,11
10101,0,0,308.95,7,49,252
10102,1,214.85,720,12,144,41
10103,1,29.5,103.5,2,4,61
10104,0,0,8.95,1,1,598
10105,1,0,138,3,9,114
10106,0,0,182,5,25,16
10107,0,0,216,10,100,21
10108,0,0,44,1,1,19
10109,0,0,29,1,1,25
10110,0,0,49,1,1,60
10111,1,0,206.45,7,49,204
10112,1,0,125,1,1,335
10113,1,0,44,1,1,22
10114,0,0,60,2,4,387
10115,1,0,159.75,6,36,547
10116,1,0,216,7,49,190
10117,0,0,1045,11,121,11
10118,0,0,38,1,1,391
10119,1,0,69,1,1,219
10120,1,0,83.5,2,4,410
10121,1,0,767.75,20,400,94
10122,1,0,95,1,1,84
10123,1,0,255.9,3,9,551
10124,1,0,192,3,9,22
10125,1,0,125,1,1,422
10126,0,0,109,5,25,38
10127,0,0,239.55,11,121,237
10128,0,42,25,1,1,586
10129,1,0,59,2,4,380
10130,1,0,233.5,6,36,10
10131,0,0,29,1,1,17
10132,1,0,338.5,9,81,246
10133,1,248.5,99,1,1,80
10134,0,0,226.5,7,49,335
10135,0,0,94,3,9,640
10136,1,0,266,4,16,381
10137,0,0,34,1,1,30
10138,0,0,495.95,8,64,71
10139,0,0,197.5,9,81,140
10140,0,88.95,609.55,20,400,18
10141,1,93,17,1,1,638
10142,1,0,89,3,9,279
10143,1,35,46,2,4,432
10144,0,0,134.5,5,25,107
10145,0,0,167,3,9,415
10146,0,0,499,14,196,168
10147,0,0,44,1,1,249
10148,1,0,22,1,1,386
10149,0,0,59,1,1,673
10150,0,0,264,6,36,51
10151,1,0,157,4,16,34
10152,0,0,59,1,1,374
10153,0,304.75,362.95,14,196,5
10154,0,0,158.45,3,9,21
10155,0,0,49,1,1,400
10156,1,0,129,3,9,362
10157,0,165,217,3,9,485
10158,0,0,113.95,4,16,25
10159,0,0,362.6,14,196,27
10160,0,0,32.95,1,1,553
10161,1,0,59,2,4,141
10162,1,0,387.95,5,25,32
10163,0,175,425.85,9,81,181
10164,0,0,223.3,5,25,303
10165,0,0,114.95,3,9,27
10166,1,0,73,2,4,119
10167,1,0,339.5,6,36,21
10168,0,0,59,1,1,26
10169,0,0,44,1,1,412
10170,1,0,59,1,1,211
10171,0,0,29.5,1,1,456
10172,0,0,49,4,16,10
10173,0,22.95,77.9,3,9,127
10174,0,0,50,2,4,402
10175,1,0,576.3,27,729,492
10176,1,0,85,2,4,82
10177,1,0,386,3,9,392
10178,0,0,175.25,4,16,704
10179,1,63,1697.5,31,961,17
10180,1,0,418,2,4,693
10181,1,0,19,1,1,493
10182,1,0,88,3,9,29
10183,0,0,210.9,4,16,56
10184,0,0,27.5,2,4,26
10185,0,0,0,1,1,381
10186,0,0,30,1,1,468
10187,1,0,59,1,1,379
10188,0,389.5,253.85,4,16,337
10189,0,0,39.5,2,4,508
10190,1,0,169,1,1,387
10191,1,0,59,2,4,22
10192,1,0,24.95,1,1,38
10193,0,0,69,1,1,526
10194,1,0,83,2,4,25
10195,0,0,34.95,1,1,66
10196,1,0,54.9,2,4,360
10197,1,0,232.95,4,16,366
10198,1,0,85,3,9,207
10199,0,0,218,6,36,20
10200,0,0,68,2,4,148
10201,1,0,91,3,9,64
10202,1,0,1594.4,24,576,12
10203,0,0,84.9,5,25,610
10204,0,0,31.85,7,49,75
10205,1,0,235,5,25,131
10206,0,0,58,2,4,381
10207,0,0,41,1,1,395
10208,0,15,794.25,21,441,33
10209,1,0,1023.4,15,225,615
10210,0,0,59,1,1,721
10211,1,58,1032.75,31,961,8
10212,0,0,115.85,3,9,490
10213,1,0,485,12,144,82
10214,0,0,58.99,2,4,30
10215,0,0,132,5,25,39
10216,0,0,25.71,2,4,660
10217,0,0,254.5,8,64,20
10218,1,0,290.5,9,81,11
10219,1,41.95,529.95,16,256,28
10220,1,0,314,4,16,136
10221,0,0,34,1,1,435
10222,1,0,223,5,25,389
10223,0,0,84,2,4,428
10224,0,0,495,14,196,85
10225,0,0,77,3,9,385
10226,0,0,155.7,5,25,76
10227,0,0,101,4,16,335
10228,0,0,48,1,1,414
10229,1,0,406.6,14,196,15
10230,0,0,227.5,6,36,11
10231,1,277,477.95,13,169,15
10232,1,0,561.5,16,256,14
10233,0,0,108,2,4,79
10234,1,0,29,1,1,385
10235,0,0,184.95,5,25,263
10236,0,0,22,1,1,620
10237,0,0,91,2,4,26
10238,0,0,139,1,1,358
10239,0,0,57.5,2,4,50
10240,0,0,91,5,25,46
10241,0,91,117.95,3,9,463
10242,0,0,154,5,25,146
10243,0,0,73,2,4,383
10244,1,0,775.9,15,225,28
10245,0,0,74,2,4,471
10246,0,0,652.1,14,196,69
10247,0,0,187,4,16,434
10248,1,0,332.95,14,196,2
10249,1,0,30,1,1,499
10250,1,0,87,3,9,378
10251,0,0,49.5,1,1,411
10252,0,0,398,2,4,3
10253,1,0,59,2,4,609
10254,1,0,86.9,5,25,436
10255,0,0,715,9,81,52
10256,0,0,49,1,1,105
10257,0,56,31,1,1,27
10258,0,0,79,2,4,671
10259,0,0,278.5,8,64,12
10260,0,0,138.85,4,16,291
10261,0,171.5,109,4,16,493
10262,0,0,74.9,2,4,361
10263,0,0,105,4,16,242
10264,0,0,51,3,9,721
10265,1,0,226,4,16,337
10266,1,19.95,183.9,5,25,9
10267,0,0,39,2,4,45
10268,1,0,775,17,289,19
10269,0,251.45,803.94,25,625,90
10270,0,0,53,2,4,26
10271,0,0,137,7,49,13
10272,0,0,134,4,16,86
10273,1,77.5,15,2,4,40
10274,1,98,671.85,20,400,30
10275,0,0,159,1,1,438
10276,0,0,160,2,4,345
10277,0,0,195,6,36,384
10278,0,0,119,1,1,128
10279,0,0,103,2,4,115
10280,1,0,27.15,3,9,461
10281,1,0,44,1,1,37
10282,0,0,144,4,16,18
10283,1,0,893,23,529,14
10284,0,0,321.9,5,25,482
10285,1,0,208,7,49,16
10286,0,0,111.01,7,49,19
10287,1,0,277.5,3,9,543
10288,1,0,72,2,4,259
10289,0,24.5,591.1,21,441,1
10290,0,19,66,2,4,395
10291,0,0,44,1,1,331
10292,0,0,35,1,1,296
10293,0,0,134.5,3,9,15
10294,0,0,49,1,1,413
10295,1,0,97.5,5,25,206
10296,1,0,327,5,25,39
10297,1,410.6,340.2,12,144,26
10298,1,59.95,353.45,12,144,140
10299,0,0,137,3,9,241
10300,1,0,22,1,1,385
10301,1,0,142.5,3,9,376
10302,1,0,303,5,25,50
10303,0,0,44,2,4,397
10304,1,0,109,1,1,118
10305,0,29,108,2,4,103
10306,0,114.5,270,11,121,25
10307,1,0,404,12,144,26
10308,0,0,89,1,1,16
10309,1,55.4,313,13,169,12
10310,0,0,108,2,4,268
10311,0,0,140.15,3,9,5
10312,0,0,192.4,7,49,30
10313,0,0,97.5,4,16,208
10314,0,0,69,1,1,90
10315,1,0,44,1,1,42
10316,0,0,356,7,49,26
10317,1,0,39,1,1,615
10318,0,0,36,1,1,21
10319,0,0,68,3,9,148
10320,0,0,29.5,1,1,336
10321,1,94.5,88.9,3,9,365
10322,1,89,531.5,11,121,67
10323,1,0,507.9,9,81,23
10324,0,0,44,1,1,413
10325,1,0,129,1,1,384
10326,1,0,58,2,4,387
10327,0,0,265,1,1,720
10328,0,0,59,1,1,514
10329,0,44,293.45,6,36,26
10330,0,0,90,1,1,666
10331,0,0,382,8,64,219
10332,0,0,202.8,6,36,679
10333,0,0,176,4,16,1
10334,1,0,141,5,25,27
10335,0,0,291,10,100,22
10336,1,0,373.45,12,144,243
10337,1,0,277,7,49,245
10338,0,0,264,8,64,16
10339,0,0,198.9,5,25,221
10340,1,0,328,10,100,240
10341,0,72.9,94,2,4,46
10342,0,49.5,406,7,49,278
10343,1,0,89,2,4,336
10344,0,104.95,49,1,1,57
10345,0,0,105,2,4,586
10346,0,0,94,2,4,562
10347,1,0,39,1,1,87
10348,0,0,123.95,4,16,13
10349,1,130.4,2296.15,35,1225,15
10350,0,0,96,2,4,381
10351,1,0,467.9,16,256,1
10352,1,0,174.5,5,25,392
10353,0,0,117.5,4,16,387
10354,0,0,51,2,4,260
10355,1,0,49.95,1,1,701
10356,0,0,138.5,4,16,662
10357,0,0,78,1,1,669
10358,1,0,56.5,2,4,25
10359,1,0,129,4,16,53
10360,1,0,199,2,4,613
10361,1,0,435,11,121,24
10362,1,0,500.5,14,196,32
10363,0,0,39.75,7,49,161
10364,0,0,172,7,49,9
10365,0,0,266.55,11,121,3
10366,0,0,39.5,2,4,150
10367,1,35,46,1,1,420
10368,1,129,671.8,15,225,95
10369,1,312,267,8,64,98
10370,1,0,103,2,4,611
10371,1,0,159.5,6,36,86
10372,0,0,56,1,1,134
10373,0,0,64,2,4,428
10374,0,0,283.5,9,81,385
10375,1,0,277,6,36,43
10376,1,0,49,1,1,158
10377,0,0,88.5,3,9,50
10378,0,0,39.5,2,4,169
10379,1,0,36,1,1,401
10380,1,0,88.5,3,9,89
10381,0,96,188.95,5,25,406
10382,0,0,291.65,11,121,127
10383,1,0,96.85,3,9,359
10384,1,0,168.5,5,25,28
10385,0,0,99.4,4,16,648
10386,0,0,58,2,4,58
10387,1,0,44,3,9,15
10388,0,58.99,388.45,14,196,369
10389,0,0,89.95,4,16,629
10390,0,0,152.5,5,25,95
10391,0,0,55,1,1,241
10392,0,0,126.25,6,36,189
10393,0,0,371.47,23,529,132
10394,1,0,103.95,4,16,367
10395,1,0,385,7,49,1
10396,1,0,416,10,100,154
10397,1,0,333.5,8,64,1
10398,1,76,423.35,13,169,134
10399,1,0,31.9,2,4,491
10400,0,0,30.5,2,4,43
10401,1,32,82.85,5,25,195
10402,0,0,63,2,4,603
10403,0,0,263,8,64,484
10404,1,0,369,5,25,207
10405,0,0,137,4,16,715
10406,1,0,68,2,4,411
10407,0,0,194.9,5,25,30
10408,0,0,26,1,1,393
10409,0,0,82,3,9,13
10410,1,0,44,1,1,104
10411,1,0,782.85,25,625,21
10412,0,0,375,6,36,304
10413,1,44,321.85,10,100,184
10414,0,0,53,4,16,265
10415,1,0,0,1,1,368
10416,0,0,49,1,1,262
10417,0,0,103,3,9,224
10418,1,0,159,1,1,696
10419,1,0,173.5,8,64,15
10420,0,0,26.85,3,9,525
10421,0,36.5,505.75,17,289,64
10422,1,0,74.5,3,9,133
10423,1,29,138,3,9,15
10424,0,274.98,235.3,6,36,39
10425,0,0,0,1,1,376
10426,0,0,45,1,1,166
10427,1,0,138.5,3,9,37
10428,1,0,32,1,1,700
10429,1,0,123.95,2,4,514
10430,0,0,18,1,1,531
10431,0,0,39.5,2,4,153
10432,0,0,81,2,4,31
10433,1,0,178.7,6,36,80
10434,1,19.95,209.5,5,25,301
10435,1,0,241,9,81,212
10436,0,0,24,1,1,388
10437,1,39.9,726.5,11,121,345
10438,0,0,121,3,9,101
10439,0,0,157.5,4,16,5
10440,0,0,169,1,1,391
10441,0,0,197.5,3,9,172
10442,0,0,35,1,1,42
10443,0,0,19,1,1,25
10444,0,61,224,3,9,7
10445,1,0,95,3,9,380
10446,0,0,78,5,25,712
10447,0,0,19.95,1,1,350
10448,0,0,69,1,1,167
10449,0,0,118,2,4,28
10450,0,0,64,2,4,336
10451,1,0,127,3,9,76
10452,0,0,29,1,1,41
10453,0,0,44,1,1,23
10454,0,0,194.5,6,36,219
10455,0,0,178,6,36,386
10456,1,0,545,6,36,464
10457,0,0,163.85,5,25,4
10458,0,0,86,4,16,475
10459,1,0,55,2,4,392
10460,0,38,199,1,1,383
10461,1,0,114,4,16,628
10462,1,0,161,5,25,60
10463,0,0,39.5,2,4,521
10464,1,0,53,2,4,295
10465,1,0,1047,12,144,423
10466,0,0,29.95,2,4,3
10467,0,0,124,4,16,482
10468,0,0,126.75,5,25,383
10469,0,0,35,1,1,510
10470,0,0,69,1,1,516
10471,1,0,399.5,4,16,103
10472,1,0,110,2,4,396
10473,1,0,88,2,4,82
10474,0,0,159,1,1,695
10475,0,0,405.9,8,64,394
10476,0,0,229.95,5,25,415
10477,0,0,24.2,4,16,125
10478,0,0,63,2,4,30
10479,1,0,85,2,4,1
10480,1,0,370,7,49,21
10481,0,0,39.5,1,1,104
10482,0,0,69,1,1,409
10483,1,0,84.95,1,1,228
10484,1,0,214.5,7,49,24
10485,0,92.5,262.5,7,49,419
10486,1,0,98,3,9,295
10487,0,0,226,4,16,635
10488,1,0,59.5,1,1,407
10489,1,29,139,3,9,327
10490,0,0,65,2,4,143
10491,0,0,68.95,3,9,353
10492,0,0,101.9,4,16,492
10493,0,0,24.5,1,1,168
10494,1,0,59,1,1,197
10495,0,0,49,1,1,293
10496,0,0,29.95,1,1,445
10497,0,0,435,5,25,31
10498,0,0,29,1,1,30
10499,0,0,200,6,36,155
10500,0,0,74,1,1,60
10501,1,0,312.5,6,36,1
10502,0,0,39.5,1,1,32
10503,1,129.95,739,16,256,8
10504,0,0,38,1,1,616
10505,0,0,164,2,4,119
10506,0,48.45,52.95,4,16,229
10507,1,79.5,987,30,900,23
10508,1,59,120.8,4,16,364
10509,1,0,142.5,4,16,32
10510,0,0,39.5,2,4,415
10511,1,0,138,2,4,393
10512,0,0,478,7,49,99
10513,0,0,93.5,3,9,11
10514,0,0,42.85,3,9,681
10515,1,0,656,28,784,82
10516,0,0,39.5,2,4,394
10517,0,0,376.45,17,289,135
10518,0,29.5,39.5,2,4,501
10519,1,0,142.95,3,9,174
10520,1,0,60,1,1,135
10521,0,0,44.5,2,4,152
10522,1,0,173,2,4,78
10523,0,83,128,2,4,110
10524,0,0,808.9,18,324,12
10525,1,0,215.5,6,36,108
10526,0,0,86,3,9,11
10527,0,88,198,2,4,24
10528,0,0,101,2,4,251
10529,0,0,85,1,1,633
10530,0,0,211.5,5,25,219
10531,1,0,324,7,49,103
10532,1,42.75,85,4,16,380
10533,0,0,75,1,1,23
10534,1,0,399.5,20,400,268
10535,0,0,26,2,4,519
10536,0,0,79,3,9,520
10537,0,0,548,11,121,252
10538,0,0,233,9,81,127
10539,0,0,416,11,121,13
10540,0,0,315.5,8,64,317
10541,0,0,83,2,4,18
10542,0,0,193.4,4,16,672
10543,0,44,633.4,12,144,29
10544,1,0,185.85,4,16,187
10545,1,0,136,2,4,270
10546,0,0,74,2,4,500
10547,0,0,110,4,16,257
10548,0,0,169,1,1,517
10549,0,0,32,1,1,168
10550,1,0,65,1,1,410
10551,1,0,275.45,6,36,653
10552,0,0,452.45,17,289,653
10553,0,0,89.8,4,16,24
10554,0,0,39,1,1,498
10555,0,0,49,1,1,718
10556,0,33,326.95,9,81,28
10557,1,0,100.5,5,25,162
10558,0,0,38,1,1,420
10559,0,29,237,5,25,1
10560,0,0,129,6,36,135
10561,0,0,84.95,5,25,57
10562,0,0,69,1,1,518
10563,1,0,144,4,16,250
10564,0,0,122.5,3,9,20
10565,0,0,1093,29,841,22
10566,1,0,56,1,1,340
10567,0,0,44,1,1,392
10568,0,0,1090.9,36,1296,8
10569,0,0,123,2,4,430
10570,0,171.4,562.5,15,225,77
10571,0,0,92,4,16,516
10572,1,0,231.5,9,81,148
10573,1,0,427.4,6,36,10
10574,0,19.9,432.3,21,441,170
10575,0,0,74,1,1,492
10576,1,0,781.44,28,784,16
10577,0,0,109,1,1,422
10578,0,0,39.5,2,4,519
10579,0,0,39.5,2,4,477
10580,0,0,29,1,1,395
10581,0,0,69,1,1,124
10582,0,0,35,2,4,139
10583,1,0,143.5,5,25,156
10584,0,0,42,1,1,493
10585,0,0,105,2,4,529
10586,0,0,227,5,25,21
10587,0,39,232,7,49,11
10588,0,0,56.9,2,4,726
10589,0,0,314.35,8,64,2
10590,0,0,39,1,1,726
10591,0,0,25,2,4,551
10592,0,0,70,2,4,25
10593,0,0,245,5,25,429
10594,1,94,167,5,25,62
10595,0,0,98,2,4,28
10596,0,0,522,13,169,101
10597,1,0,142,6,36,42
10598,1,0,109.5,5,25,23
10599,0,0,44,1,1,10
10600,0,0,19.5,1,1,26
10601,1,0,85.3,5,25,369
10602,0,0,39.5,1,1,289
10603,1,0,843,27,729,29
10604,1,0,274.95,6,36,93
10605,0,0,79,4,16,506
10606,0,0,139.5,5,25,143
10607,0,0,71,2,4,392
10608,0,0,99.95,3,9,363
10609,0,0,88,2,4,70
10610,0,0,58,2,4,264
10611,0,0,19.95,1,1,491
10612,0,0,168,6,36,163
10613,0,0,88,2,4,394
10614,0,0,18,1,1,482
10615,0,0,112,2,4,500
10616,0,0,178,2,4,1
10617,0,0,99,1,1,2
10618,0,0,22,1,1,11
10619,0,0,54,1,1,25
10620,0,0,16.5,2,4,526
10621,0,0,0,1,1,392
10622,1,0,27,1,1,221
10623,0,0,63.5,2,4,101
10624,1,0,144,2,4,145
10625,0,26.9,116.5,4,16,35
10626,1,0,152.8,8,64,88
10627,0,0,39.5,2,4,520
10628,0,0,74,3,9,22
10629,1,0,591.65,22,484,264
10630,1,0,401,9,81,50
10631,0,0,75,1,1,656
10632,0,0,61.5,2,4,625
10633,0,0,99,1,1,420
10634,0,0,79,4,16,138
10635,1,0,398.5,10,100,70
10636,1,203.65,1041.2,35,1225,80
10637,0,0,88,2,4,266
10638,1,181,1971,46,2116,55
10639,0,0,49.5,1,1,21
10640,1,0,112,4,16,41
10641,0,0,76.5,2,4,28
10642,0,0,38,2,4,719
10643,0,0,39.5,2,4,512
10644,0,0,26,1,1,388
10645,0,0,106.5,4,16,168
10646,0,88,242.5,10,100,37
10647,0,0,44,1,1,61
10648,0,0,200.85,6,36,17
10649,1,0,114,2,4,47
10650,1,0,263.4,9,81,153
10651,1,0,323.75,6,36,277
10652,0,0,59,2,4,16
10653,0,0,79.95,3,9,435
10654,0,0,32,1,1,51
10655,0,0,34,1,1,148
10656,0,0,221.9,6,36,31
10657,1,0,213.5,7,49,15
10658,0,0,444.95,12,144,26
10659,1,19.95,378.3,14,196,26
10660,0,0,126.75,3,9,301
10661,1,0,119.9,2,4,389
10662,1,0,233,7,49,161
10663,1,0,34,1,1,624
10664,0,0,79,4,16,531
10665,1,0,712.6,13,169,521
10666,0,0,109,1,1,536
10667,0,0,44,2,4,27
10668,0,71.9,194.5,8,64,24
10669,0,0,275,9,81,394
10670,0,0,110,1,1,245
10671,1,0,192.5,5,25,39
10672,0,0,49.5,1,1,5
10673,0,49,145.5,3,9,13
10674,1,0,52.85,3,9,408
10675,0,0,432.2,16,256,307
10676,1,79,899.4,27,729,69
10677,0,0,39.5,2,4,501
10678,0,0,163.5,5,25,460
10679,1,0,79,4,16,521
10680,0,0,75,1,1,521
10681,0,0,68.5,2,4,25
10682,0,0,521,17,289,190
10683,0,0,162,3,9,109
10684,0,0,202.85,5,25,24
10685,0,0,12.95,1,1,173
10686,0,0,121.45,4,16,389
10687,0,0,127,3,9,138
10688,0,0,320.9,8,64,64
10689,1,0,50,2,4,392
10690,0,0,95,2,4,30
10691,0,0,129.5,3,9,120
10692,1,0,60.8,5,25,19
10693,1,0,450,9,81,20
10694,0,0,95,1,1,674
10695,1,0,355.5,7,49,30
10696,0,0,76,2,4,547
10697,1,0,923.1,24,576,37
10698,0,0,24,1,1,112
10699,1,0,83.5,3,9,243
10700,0,0,45,3,9,137
10701,0,0,213,8,64,399
10702,0,0,94,2,4,145
10703,1,0,154,5,25,68
10704,0,0,39.5,2,4,112
10705,0,33.25,429.45,11,121,79
10706,1,57,164.7,8,64,10
10707,1,0,62,2,4,421
10708,0,0,29.5,1,1,18
10709,1,0,25,1,1,106
10710,0,0,158,2,4,102
10711,0,0,69.9,2,4,159
10712,0,25,644.95,22,484,73
10713,0,0,346.5,10,100,221
10714,0,0,177.65,4,16,70
10715,1,0,149.45,5,25,152
10716,0,0,294.9,10,100,187
10717,0,0,50.85,3,9,122
10718,0,0,194.85,6,36,27
10719,1,0,104,4,16,70
10720,0,0,170,2,4,475
10721,1,0,34,2,4,379
10722,1,0,422,9,81,100
10723,0,29,174,4,16,427
10724,0,0,116.5,4,16,313
10725,0,16,113.95,3,9,94
10726,1,29.5,1904.6,69,4761,28
10727,1,0,1807.7,45,2025,479
10728,1,0,160.5,5,25,84
10729,0,0,99,6,36,106
10730,0,49.5,206,4,16,11
10731,0,0,38,1,1,24
10732,0,0,1639.65,52,2704,29
10733,0,0,154,5,25,494
10734,0,0,117,5,25,103
10735,1,0,237,4,16,102
10736,1,0,472.95,6,36,272
10737,0,0,237.5,8,64,14
10738,1,0,357,8,64,63
10739,1,0,123.95,2,4,378
10740,0,0,98,3,9,685
10741,0,0,159,1,1,397
10742,0,0,99,5,25,151
10743,0,1408.1,8187.45,202,40804,14
10744,0,0,89,1,1,601
10745,1,0,592.95,11,121,216
10746,0,0,151.9,8,64,94
10747,1,0,73,4,16,300
10748,1,138.95,362,10,100,81
10749,1,0,74.85,3,9,364
10750,0,0,109,3,9,263
10751,0,0,78,2,4,115
10752,0,0,136,4,16,373
10753,0,0,68.5,2,4,27
10754,1,0,108,3,9,402
10755,0,19,229,9,81,9
10756,0,0,184.1,11,121,118
10757,0,0,24,1,1,601
10758,0,0,378,3,9,427
10759,0,0,537,17,289,16
10760,1,599,44,1,1,101
10761,0,0,29,1,1,391
10762,1,0,112.95,5,25,151
10763,0,0,35,1,1,461
10764,1,0,71,2,4,69
10765,0,0,24,1,1,704
10766,0,16.95,76.25,3,9,12
10767,0,0,362.95,10,100,309
10768,0,0,44,1,1,15
10769,0,0,39,1,1,22
10770,1,0,255,8,64,27
10771,1,0,388,8,64,62
10772,0,0,45,1,1,718
10773,0,0,99,2,4,391
10774,1,0,1360.65,30,900,24
10775,0,0,448,21,441,134
10776,1,0,310.5,7,49,62
10777,0,0,278.1,8,64,26
10778,0,0,89,1,1,392
10779,0,0,53.95,2,4,666
10780,0,0,39.5,2,4,508
10781,0,0,46.5,2,4,406
10782,1,0,54.95,3,9,523
10783,1,69.45,538.45,19,361,67
10784,0,0,49,1,1,164
10785,0,0,34.5,1,1,19
10786,0,79,117,3,9,327
10787,0,0,349,8,64,29
10788,0,0,69,1,1,378
10789,0,0,157.2,6,36,206
10790,0,0,209.7,5,25,418
10791,0,80,107.95,3,9,13
10792,1,17,119,9,81,92
10793,0,0,166.5,3,9,13
10794,1,0,96.95,3,9,571
10795,0,0,17,1,1,623
10796,1,0,88,2,4,93
10797,0,0,79,1,1,29
10798,0,0,141,3,9,71
10799,1,0,105.5,6,36,484
10800,1,0,294.7,6,36,542
10801,1,97.5,191.29,9,81,488
10802,0,0,138,2,4,243
10803,1,0,157.5,3,9,385
10804,0,22,154.5,5,25,22
10805,1,0,126,3,9,259
10806,1,0,337,3,9,44
10807,0,0,0,1,1,377
10808,0,68,217.8,12,144,3
10809,1,0,59,1,1,392
10810,1,0,39,1,1,33
10811,1,0,190,6,36,12
10812,0,0,89,1,1,19
10813,0,79,289.5,5,25,29
10814,0,0,19,1,1,724
10815,1,0,725.1,24,576,179
10816,1,0,227,4,16,347
10817,1,49.5,944.85,31,961,81
10818,0,0,97,3,9,33
10819,0,0,99,2,4,387
10820,0,0,29,1,1,264
10821,0,0,158,2,4,467
10822,1,0,135,5,25,29
10823,0,0,135.5,4,16,24
10824,0,57,222,4,16,19
10825,1,0,198,5,25,348
10826,0,109.85,489.5,13,169,73
10827,0,0,69,1,1,379
10828,0,0,88,2,4,147
10829,1,160,1815.95,53,2809,1
10830,1,0,402.45,5,25,357
10831,0,0,74,1,1,24
10832,0,0,230,5,25,368
10833,0,49.5,108.5,2,4,13
10834,0,0,126,4,16,329
10835,0,15,895.35,24,576,113
10836,1,280.45,1007.5,23,529,413
10837,0,0,29.5,1,1,393
10838,0,44,238.5,11,121,26
10839,0,0,102,2,4,429
10840,0,172.5,220.95,12,144,313
10841,0,0,38,2,4,388
10842,0,0,595,15,225,21
10843,0,104,63,2,4,24
10844,1,0,168.9,6,36,145
10845,1,87,221.85,5,25,394
10846,0,44,194.5,5,25,15
10847,1,0,32,1,1,288
10848,0,0,516.5,14,196,14
10849,0,0,221,4,16,17
10850,0,0,225.45,6,36,67
10851,0,0,103.95,2,4,554
10852,1,0,87,3,9,36
10853,1,0,108,5,25,53
10854,0,0,103,5,25,22
10855,0,0,589.95,13,169,23
10856,0,67,16.5,3,9,20
10857,0,0,115.35,6,36,316
10858,0,0,160.45,4,16,39
10859,1,0,69.45,3,9,189
10860,0,0,34,1,1,33
10861,0,0,201,6,36,4
10862,1,0,298,2,4,313
10863,0,94.9,2049.85,54,2916,29
10864,1,0,87.5,3,9,70
10865,0,0,200.5,5,25,138
10866,1,0,186.75,7,49,19
10867,1,51.5,368.5,9,81,27
10868,1,0,267,7,49,32
10869,0,0,135,4,16,395
10870,0,0,75,2,4,681
10871,0,0,20,1,1,218
10872,0,0,158.9,3,9,201
10873,0,0,74.5,3,9,25
10874,1,0,422,6,36,95
10875,0,0,82,3,9,44
10876,1,0,0,2,4,37
10877,0,0,44,1,1,30
10878,1,0,49,1,1,68
10879,0,59,1504.5,50,2500,165
10880,0,133.8,37,2,4,431
10881,0,0,59,1,1,408
10882,0,0,230,5,25,413
10883,0,0,99,2,4,392
10884,1,0,248.95,6,36,169
10885,0,49,112,6,36,69
10886,0,39.5,46,1,1,43
10887,0,0,50,1,1,413
10888,0,0,200,6,36,422
10889,0,68.5,338,6,36,15
10890,0,277.95,134,2,4,67
10891,0,0,98.95,2,4,552
10892,0,21,60,2,4,25
10893,1,0,73,2,4,546
10894,0,0,91.8,4,16,553
10895,1,0,79,2,4,414
10896,0,4.95,38,1,1,396
10897,0,129,471,10,100,11
10898,0,41.5,669.95,26,676,14
10899,0,0,76,3,9,431
10900,1,0,170,6,36,48
10901,1,0,122.95,3,9,60
10902,0,0,195.5,4,16,406
10903,0,14,243,9,81,21
10904,1,0,139,4,16,31
10905,0,0,99,1,1,457
10906,0,0,115.5,3,9,18
10907,0,0,64,4,16,20
10908,0,0,111.85,4,16,2
10909,0,0,319.4,10,100,302
10910,0,0,76.5,2,4,110
10911,0,0,138.95,2,4,397
10912,0,0,177,2,4,442
10913,0,0,49.5,1,1,17
10914,0,0,22.95,1,1,65
10915,1,0,111.99,4,16,157
10916,1,0,70,4,16,157
10917,0,0,15,1,1,67
10918,0,0,73,2,4,390
10919,0,0,90,1,1,407
10920,1,0,249.5,9,81,365
10921,0,0,106.9,5,25,140
10922,0,0,63.4,4,16,200
10923,0,0,210,6,36,11
10924,0,85.95,228.5,6,36,22
10925,1,0,486.95,18,324,383
10926,0,15,629.75,25,625,121
10927,0,0,75,1,1,408
10928,0,0,186,3,9,12
10929,0,0,652.75,17,289,22
10930,1,0,258,3,9,391
10931,1,109,411.45,11,121,21
10932,1,0,265.8,24,576,172
10933,0,0,218,2,4,29
10934,0,0,39.2,4,16,32
10935,0,0,283,3,9,382
10936,0,0,116,3,9,583
10937,0,63,39,1,1,48
10938,0,0,25,1,1,534
10939,0,0,296,10,100,620
10940,1,0,428,9,81,199
10941,1,0,277,11,121,56
10942,1,0,664,13,169,24
10943,1,0,219,4,16,151
10944,1,75,210,4,16,137
10945,0,28.95,404.95,8,64,92
10946,0,0,44,1,1,22
10947,1,0,256,9,81,29
10948,0,0,88,3,9,13
10949,1,0,354.45,8,64,64
10950,0,0,112,4,16,122
10951,1,0,196,3,9,119
10952,0,0,69,1,1,529
10953,0,0,69,1,1,527
10954,0,0,189,1,1,43
10955,0,0,85,2,4,57
10956,0,0,22,1,1,20
10957,0,0,82,3,9,22
10958,0,0,69.45,3,9,15
10959,1,0,224,10,100,1
10960,0,0,69,1,1,711
10961,0,0,49.5,1,1,435
10962,0,0,199,1,1,21
10963,0,0,29,1,1,434
10964,0,0,22.95,1,1,713
10965,0,0,249,9,81,25
10966,0,0,105.5,3,9,16
10967,1,0,98.5,3,9,44
10968,0,0,131.95,4,16,387
10969,0,0,63,3,9,150
10970,1,0,99,2,4,30
10971,0,0,117,3,9,461
10972,0,0,0,2,4,347
10973,0,0,298,9,81,30
10974,0,0,332.85,10,100,214
10975,0,0,49,1,1,677
10976,0,0,30,2,4,73
10977,1,0,394.9,7,49,285
10978,0,0,258.95,5,25,26
10979,1,0,62,2,4,645
10980,1,0,128,2,4,336
10981,0,0,137,3,9,21
10982,0,0,250,5,25,13
10983,0,0,58.5,2,4,347
10984,0,0,215.5,5,25,501
10985,0,0,198,6,36,386
10986,1,0,88,2,4,396
10987,0,0,14.95,1,1,679
10988,1,73,268.5,7,49,27
10989,1,49,119,3,9,392
10990,0,0,69,1,1,387
10991,0,0,133,2,4,71
10992,0,0,215.65,8,64,208
10993,1,0,138.5,6,36,14
10994,1,0,177,5,25,48
10995,0,0,113,3,9,254
10996,1,0,230.5,7,49,16
10997,1,0,678,3,9,376
10998,0,0,40,1,1,433
10999,0,0,153.5,3,9,24
11000,0,0,83,2,4,402
11001,1,0,337,11,121,17
11002,1,0,132.5,3,9,28
11003,0,0,59,1,1,12
11004,0,0,174.5,4,16,380
11005,0,0,44.95,1,1,486
11006,1,0,59,2,4,380
11007,0,129,128.85,6,36,26
11008,1,0,39,1,1,276
11009,1,0,478.5,14,196,68
11010,1,0,430.45,6,36,20
11011,0,0,107,3,9,393
11012,1,28.95,29,1,1,471
11013,1,0,0,1,1,380
11014,1,0,79,4,16,394
11015,0,0,18.95,2,4,683
11016,0,0,69,1,1,139
11017,1,0,2148.25,43,1849,23
11018,1,0,140,4,16,156
11019,1,0,44,1,1,408
11020,1,79,246,6,36,31
11021,0,0,495.9,9,81,28
11022,1,49.45,867.5,26,676,14
11023,0,0,55,2,4,306
11024,0,0,304.65,10,100,150
11025,0,0,217.5,11,121,539
11026,0,0,52.45,3,9,134
11027,0,0,0,1,1,572
11028,1,29,761,19,361,18
11029,0,0,52,1,1,469
11030,1,0,106,3,9,576
11031,1,0,121.5,2,4,106
11032,1,0,60,1,1,458
11033,0,0,128,4,16,20
11034,0,0,29.95,1,1,703
11035,0,0,413.5,10,100,99
11036,0,0,182.35,6,36,429
11037,0,0,75,1,1,385
11038,0,0,67.5,2,4,25
11039,0,0,0,1,1,13
11040,1,0,447,12,144,29
11041,0,0,49.5,1,1,366
11042,0,0,147,4,16,385
11043,0,0,121,3,9,17
11044,0,0,338,13,169,304
11045,1,0,598.5,18,324,56
11046,1,0,227.5,5,25,128
11047,1,0,251,6,36,21
11048,0,0,232.8,6,36,94
11049,0,0,26,1,1,334
11050,0,0,49,1,1,383
11051,1,0,162,6,36,386
11052,0,0,69,1,1,22
11053,0,0,94.85,3,9,703
11054,0,0,22,1,1,402
11055,1,0,392,9,81,58
11056,0,0,500.85,21,441,14
11057,0,0,104.85,5,25,168
11058,0,0,44,1,1,100
11059,1,0,165,5,25,51
11060,1,0,159,7,49,21
11061,0,0,287.35,7,49,12
11062,0,0,83.5,3,9,73
11063,1,0,54.5,3,9,74
11064,1,0,248.8,8,64,23
11065,0,0,171,5,25,418
11066,1,0,86.4,3,9,313
11067,1,0,109,3,9,49
11068,0,0,293,6,36,59
11069,1,91,193.95,11,121,15
11070,1,0,173,4,16,21
11071,0,0,169,3,9,399
11072,1,149.9,365,9,81,14
11073,0,0,123.6,6,36,122
11074,0,0,83.5,3,9,63
11075,0,0,103,2,4,134
11076,1,0,118.75,4,16,64
11077,0,0,162.75,6,36,629
11078,0,0,67.95,2,4,214
11079,0,0,274,8,64,21
11080,1,0,264.45,9,81,8
11081,1,49.9,235.8,6,36,390
11082,0,0,99,2,4,401
11083,0,0,276.5,10,100,19
11084,0,0,56.75,6,36,168
11085,1,248,148,4,16,268
11086,0,0,128,2,4,24
11087,1,0,492.5,14,196,21
11088,0,287,187.95,7,49,228
11089,0,0,283,7,49,151
11090,1,0,58,2,4,623
11091,0,0,136,2,4,162
11092,0,0,75,1,1,195
11093,0,0,39.5,2,4,492
11094,0,0,82.5,3,9,19
11095,0,0,88.5,3,9,21
11096,1,69,152,3,9,327
11097,0,0,81,4,16,14
11098,0,0,29,1,1,127
11099,0,0,89,1,1,420
11100,1,0,206,4,16,400
11101,0,68.95,389.5,10,100,17
11102,1,0,91,3,9,20
11103,1,0,104.7,5,25,588
11104,0,0,120,4,16,261
11105,1,0,123.5,4,16,136
11106,1,0,118,2,4,154
11107,0,0,87.5,2,4,375
11108,0,0,29.5,1,1,15
11109,0,0,68.5,2,4,21
11110,0,0,39.5,2,4,502
11111,0,0,148,5,25,196
11112,0,0,42,1,1,494
11113,0,0,131,3,9,313
11114,1,0,126,3,9,67
11115,1,0,103,2,4,463
11116,1,0,258.95,10,100,76
11117,0,0,80,2,4,407
11118,1,0,103,7,49,20
11119,0,0,160.5,3,9,449
11120,0,0,324.8,5,25,333
11121,0,0,462,16,256,435
11122,1,0,139,6,36,20
11123,0,0,86,3,9,553
11124,0,0,59.5,1,1,408
11125,0,0,74,2,4,22
11126,0,0,39.5,2,4,518
11127,1,0,473.95,11,121,222
11128,1,0,29,1,1,313
11129,0,0,280.9,8,64,50
11130,0,0,115.75,5,25,180
11131,0,0,29,1,1,519
11132,1,0,0,1,1,385
11133,0,0,142,5,25,391
11134,0,208,241.9,4,16,357
11135,1,0,432.85,17,289,49
11136,1,0,138,4,16,32
11137,1,0,321,6,36,25
11138,0,0,353,10,100,32
11139,1,0,228,5,25,263
11140,0,0,24,1,1,722
11141,1,0,286,5,25,390
11142,1,0,68,2,4,88
11143,1,103.9,61,4,16,93
11144,0,0,32,2,4,14
11145,0,0,224,7,49,39
11146,0,0,39.5,2,4,479
11147,1,0,129,4,16,22
11148,1,0,22,1,1,51
11149,0,0,177.9,6,36,162
11150,0,0,99,1,1,88
11151,0,86,24.95,1,1,554
11152,0,0,59,2,4,337
11153,1,0,565.45,19,361,53
11154,1,0,124,3,9,182
11155,1,0,36,1,1,308
11156,0,0,162.15,6,36,532
11157,0,0,118,2,4,643
11158,1,0,24,2,4,55
11159,0,0,78,2,4,460
11160,1,0,159.5,5,25,195
11161,0,0,39.5,2,4,131
11162,0,0,0,1,1,13
11163,0,0,46,3,9,31
11164,0,0,89,1,1,463
11165,0,0,91,2,4,152
11166,1,0,237,3,9,56
11167,0,0,31.5,1,1,686
11168,1,0,59,2,4,56
11169,1,0,401,7,49,198
11170,1,0,251,4,16,19
11171,1,0,34,1,1,13
11172,0,0,77.5,2,4,710
11173,1,0,10,1,1,129
11174,0,49,64.85,3,9,543
11175,0,0,322.5,7,49,49
11176,0,29,130,5,25,488
11177,1,0,810,15,225,22
11178,0,0,0,1,1,491
11179,1,0,68,2,4,162
11180,1,0,245.9,7,49,53
11181,0,0,251,5,25,488
11182,0,0,57.5,2,4,372
11183,1,0,214,8,64,385
11184,1,0,53,2,4,62
11185,0,0,134.85,3,9,553
11186,0,3,178.5,5,25,53
11187,0,0,416.5,9,81,99
11188,0,0,57,2,4,638
11189,0,24.5,178.7,7,49,540
11190,1,0,119,4,16,22
11191,1,98.5,497.5,10,100,22
11192,0,0,166,5,25,652
11193,1,0,156,7,49,27
11194,1,0,267.5,8,64,21
11195,0,0,183.45,16,256,143
11196,0,0,456.7,10,100,3
11197,1,0,160,6,36,52
11198,1,0,89,3,9,499
11199,1,0,101.5,5,25,154
11200,1,105,207.55,8,64,337
11201,0,121.85,262,4,16,18
11202,0,0,84.9,2,4,622
11203,1,87.8,463.25,15,225,382
11204,1,138.5,906.45,24,576,187
11205,0,0,184,5,25,27
11206,0,0,32.9,2,4,179
11207,0,0,29,1,1,329
11208,0,0,49,1,1,24
11209,0,0,109.5,3,9,16
11210,0,0,59,1,1,624
11211,1,0,127,3,9,55
11212,1,0,453.95,17,289,20
11213,1,0,19.95,1,1,174
11214,1,0,61.9,3,9,42
11215,0,0,35,1,1,418
11216,0,0,422.5,11,121,10
11217,1,0,39.5,2,4,510
11218,0,0,290.95,10,100,147
11219,1,0,82,3,9,27
11220,0,0,470.75,20,400,83
11221,0,0,52,1,1,11
11222,1,0,229,2,4,407
11223,0,0,0,2,4,22
11224,0,0,44,1,1,403
11225,0,0,86.5,3,9,21
11226,0,0,19.95,1,1,520
11227,0,0,118,3,9,306
11228,0,0,49,1,1,381
11229,1,74.65,138,2,4,421
11230,0,0,45,1,1,57
11231,1,0,35,1,1,164
11232,0,0,113.5,4,16,275
11233,1,0,118,4,16,71
11234,0,0,162,3,9,161
11235,0,0,174.4,7,49,4
11236,0,15,105,3,9,63
11237,0,0,81,2,4,244
11238,0,163.45,996.8,21,441,9
11239,0,0,99,1,1,248
11240,1,0,261.25,9,81,3
11241,1,0,58,2,4,401
11242,1,0,30,1,1,665
11243,0,0,153.5,4,16,383
11244,0,187.5,120,1,1,395
11245,0,0,142,3,9,7
11246,1,0,69.5,4,16,47
11247,0,0,87,3,9,31
11248,1,95,1520.1,55,3025,16
11249,0,0,44,1,1,388
11250,1,0,313,12,144,295
11251,1,0,202,6,36,242
11252,0,0,64,1,1,215
11253,1,0,652,14,196,17
11254,0,0,139.5,4,16,30
11255,1,0,1084,28,784,35
11256,0,0,230.5,6,36,23
11257,1,0,70,3,9,391
11258,0,0,34,2,4,448
11259,0,75,319,8,64,293
11260,0,0,78.5,4,16,92
11261,0,0,44,1,1,248
11262,0,0,44.5,3,9,480
11263,0,0,68,1,1,687
11264,1,96,196,7,49,66
11265,0,0,49,1,1,81
11266,0,0,937,18,324,47
11267,0,89,19,1,1,263
11268,0,0,44.9,2,4,680
11269,0,0,17,1,1,544
11270,0,0,70,4,16,96
11271,1,133,69,1,1,52
11272,1,0,439.75,14,196,33
11273,0,0,79,4,16,132
11274,0,0,146,4,16,688
11275,1,127.8,123.45,3,9,89
11276,1,0,128,2,4,25
11277,0,0,172,7,49,243
11278,0,0,57.25,2,4,645
11279,1,0,229.65,9,81,595
11280,0,0,70.45,3,9,104
11281,1,194,606.95,19,361,528
11282,0,0,60.25,4,16,376
11283,1,0,39,1,1,368
11284,1,29.5,158,4,16,48
11285,1,0,126,4,16,18
11286,0,0,29.5,1,1,396
11287,0,0,58,2,4,382
11288,0,0,367,9,81,637
11289,1,0,147,3,9,469
11290,0,0,65.43,5,25,156
11291,1,0,123.3,7,49,133
11292,0,290.5,228.95,6,36,46
11293,0,0,39,1,1,416
11294,0,0,255,5,25,395
11295,0,0,277,3,9,576
11296,0,0,68,2,4,32
11297,0,0,585.85,17,289,17
11298,0,0,104.5,7,49,257
11299,0,0,217,8,64,16
11300,1,51.85,310,13,169,143
11301,1,99,133,2,4,21
11302,0,0,99,1,1,23
11303,0,0,20,1,1,652
11304,1,0,134.4,7,49,15
11305,1,0,118,2,4,389
11306,1,0,72,2,4,402
11307,1,155.9,337.75,17,289,2
11308,0,0,95,1,1,661
11309,0,0,78,2,4,5
11310,0,0,132.5,4,16,22
11311,0,0,14.75,3,9,207
11312,0,0,39,1,1,460
11313,1,0,631.45,35,1225,3
11314,0,44,68,2,4,614
11315,0,0,329.5,7,49,38
11316,1,0,38,1,1,627
11317,0,0,41.95,2,4,676
11318,0,0,146,3,9,74
11319,0,0,125,4,16,469
11320,0,0,82.5,3,9,378
11321,0,0,377,4,16,90
11322,0,0,24,1,1,380
11323,0,0,147.5,5,25,629
11324,1,29,351.45,14,196,27
11325,1,18,354.9,11,121,376
11326,0,0,44,1,1,274
11327,0,0,215,4,16,158
11328,0,52.95,68,2,4,414
11329,1,0,73,2,4,11
11330,0,0,67,2,4,304
11331,1,0,48,2,4,7
11332,1,0,75,3,9,51
11333,1,0,55.85,3,9,552
11334,0,0,44,1,1,384
11335,0,0,29,1,1,211
11336,0,0,55,1,1,8
11337,1,377,235.5,11,121,616
11338,0,0,48,3,9,13
11339,0,0,199,1,1,443
11340,0,0,140,4,16,15
11341,0,0,29.5,1,1,377
11342,0,0,30,1,1,24
11343,0,0,69,1,1,46
11344,1,0,1531.95,26,676,30
11345,0,0,28,2,4,518
11346,0,0,293.6,12,144,163
11347,1,29,526,11,121,374
11348,0,0,78.85,4,16,424
11349,0,0,39.5,2,4,489
11350,0,0,39.95,1,1,674
11351,1,0,481.2,10,100,291
11352,0,0,265.45,6,36,23
11353,1,215.5,220.15,12,144,100
11354,1,0,30,1,1,33
11355,0,0,20,1,1,476
11356,0,0,220,4,16,23
11357,0,0,152.5,4,16,20
11358,0,121.5,508,12,144,48
11359,1,0,133,6,36,62
11360,0,29,857.5,26,676,12
11361,1,84.95,858.4,24,576,42
11362,0,0,78,2,4,26
11363,1,0,159,1,1,345
11364,1,78.5,64.5,1,1,131
11365,1,19,93.5,2,4,36
11366,0,0,29,1,1,21
11367,0,0,81.35,12,144,43
11368,0,29,98.4,4,16,63
11369,1,0,88,2,4,385
11370,0,0,64,1,1,463
11371,0,0,94,3,9,217
11372,0,0,24,1,1,383
11373,0,0,197,3,9,19
11374,0,0,24,1,1,256
11375,1,267.95,3334,87,7569,28
11376,1,0,167,3,9,68
11377,0,29.5,322.15,10,100,137
11378,1,0,106,3,9,53
11379,1,359.95,1298.75,23,529,27
11380,1,0,69.95,1,1,368
11381,1,199,356,16,256,182
11382,1,0,263,7,49,421
11383,1,28.25,204,5,25,48
11384,0,0,149,1,1,462
11385,0,0,19,1,1,192
11386,1,0,384.88,13,169,17
11387,1,0,105,3,9,25
11388,1,289.3,108.9,3,9,247
11389,1,87.95,334.5,10,100,11
11390,1,0,69.45,2,4,349
11391,0,0,428.9,11,121,22
11392,1,55.25,660,12,144,44
11393,0,0,124.7,6,36,587
11394,1,0,123,3,9,40
11395,1,0,240,6,36,331
11396,1,0,68,1,1,377
11397,0,0,27.75,3,9,519
11398,0,0,44,1,1,11
11399,0,0,198.9,4,16,539
11400,1,0,88.95,4,16,147
11401,1,85,732,14,196,45
11402,1,0,540.85,5,25,552
11403,1,0,97.95,4,16,130
11404,0,0,298.8,9,81,279
11405,1,169,92,2,4,722
11406,1,0,159,4,16,89
11407,0,0,221.75,9,81,13
11408,0,0,107.95,2,4,210
11409,0,119,204.3,12,144,94
11410,1,0,39.7,3,9,472
11411,0,0,65.95,3,9,120
11412,0,29.5,58,2,4,577
11413,0,39,248,6,36,480
11414,0,0,70,2,4,391
11415,0,0,0,2,4,14
11416,0,0,29,1,1,382
11417,0,0,39.5,1,1,29
11418,0,0,112.9,4,16,19
11419,0,0,19,2,4,647
11420,0,75,16.95,1,1,383
11421,1,0,44,1,1,122
11422,0,0,15,1,1,134
11423,0,0,29.5,1,1,17
11424,0,104,123.5,4,16,17
11425,1,0,293.35,7,49,11
11426,0,0,192,7,49,162
11427,0,0,143,4,16,323
11428,1,0,377.45,14,196,35
11429,0,0,167.2,5,25,187
11430,1,100,908.2,34,1156,18
11431,0,0,99,1,1,14
11432,0,252,34,2,4,46
11433,0,0,101,4,16,633
11434,0,0,0,1,1,47
11435,1,0,169.5,4,16,435
11436,0,0,29.5,1,1,15
11437,1,29,229.95,8,64,220
11438,1,0,0,1,1,392
11439,0,0,365.7,9,81,236
11440,0,0,851.95,19,361,402
11441,1,0,261,9,81,29
11442,1,0,757,20,400,106
11443,0,0,184.95,9,81,525
11444,1,0,34.9,2,4,541
11445,1,0,159,1,1,395
11446,0,0,42,2,4,466
11447,1,0,57,2,4,497
11448,1,0,108.5,3,9,343
11449,1,0,69,4,16,378
11450,1,0,449.95,17,289,9
11451,1,0,224,8,64,35
11452,0,0,175,3,9,408
11453,0,0,164,4,16,31
11454,1,0,106.5,4,16,90
11455,0,0,49.5,1,1,13
11456,1,0,211,5,25,146
11457,0,0,92,2,4,365
11458,0,0,89,1,1,532
11459,0,0,34.95,1,1,726
11460,0,48.95,89.95,1,1,118
11461,0,0,76.95,3,9,416
11462,1,0,75,3,9,360
11463,0,0,25,1,1,590
11464,0,0,71,2,4,143
11465,0,0,826.58,17,289,1
11466,1,0,34.95,1,1,549
11467,1,0,529.95,12,144,310
11468,1,0,70.95,3,9,392
11469,1,0,194.5,6,36,22
11470,0,0,82.95,3,9,390
11471,1,0,257,6,36,207
11472,1,0,92,3,9,16
11473,0,0,123.5,6,36,26
11474,0,0,118,3,9,5
11475,1,16,138,3,9,484
11476,0,0,254,6,36,28
11477,1,0,132,2,4,385
11478,1,75,68.4,4,16,42
11479,0,0,133,3,9,714
11480,0,0,249,3,9,223
11481,1,0,49,1,1,709
11482,0,0,129,1,1,546
11483,0,0,44,1,1,405
11484,0,0,59,1,1,378
11485,1,0,261,4,16,22
11486,0,36,16.95,1,1,590
11487,1,0,349.9,13,169,234
11488,0,0,231.55,15,225,304
11489,0,0,403.7,10,100,484
11490,0,0,105.5,5,25,28
11491,0,0,69,1,1,728
11492,0,82.45,69,1,1,24
11493,0,0,119,1,1,307
11494,1,0,475,16,256,15
11495,1,0,264.5,7,49,24
11496,0,19,511.45,24,576,8
11497,0,0,82.8,4,16,632
11498,1,0,485,12,144,17
11499,0,0,148,4,16,1
11500,1,0,236.5,5,25,23
11501,0,0,0,2,4,383
11502,0,0,98,1,1,609
11503,0,0,359,13,169,410
11504,1,0,919.5,20,400,205
11505,1,0,211,4,16,16
11506,1,37.95,324.05,14,196,15
11507,1,0,466,12,144,15
11508,0,49.5,673.2,17,289,37
11509,0,0,29,1,1,714
11510,0,0,44,2,4,696
11511,1,0,65,3,9,23
11512,0,0,79,2,4,16
11513,1,0,140.5,5,25,382
11514,0,0,187,7,49,304
11515,1,0,246.25,9,81,84
11516,1,0,48,2,4,392
11517,1,0,381,5,25,82
11518,0,0,10.95,1,1,137
11519,0,0,544,6,36,26
11520,0,64.5,0,1,1,8
11521,0,0,109,1,1,423
11522,0,0,139,1,1,27
11523,0,0,187.5,3,9,24
11524,1,0,44,2,4,89
11525,0,0,49,1,1,157
11526,0,0,59,1,1,44
11527,0,0,311,10,100,23
11528,0,0,108,5,25,145
11529,1,0,59,1,1,22
11530,0,0,109,1,1,482
11531,0,0,270,7,49,384
11532,0,0,49.5,1,1,101
11533,0,138,75,1,1,504
11534,0,0,75.5,3,9,395
11535,0,0,173.95,2,4,332
11536,0,88,301.95,5,25,224
11537,0,0,36,1,1,98
11538,0,44,30,1,1,476
11539,1,0,75,1,1,420
11540,0,0,118.5,6,36,526
11541,0,104.95,39,1,1,387
11542,0,0,168,4,16,40
11543,0,0,29.5,1,1,400
11544,0,0,44.95,2,4,545
11545,0,0,10,1,1,488
11546,0,0,279,2,4,134
11547,0,18,65,2,4,718
11548,0,0,39.5,2,4,530
11549,0,0,56,1,1,391
11550,0,0,140.5,3,9,50
11551,0,0,39,1,1,702
11552,1,0,16.95,1,1,588
11553,1,0,26,1,1,173
11554,0,0,31.5,1,1,92
11555,1,0,861.5,24,576,25
11556,0,0,133.5,4,16,655
11557,0,0,69,1,1,709
11558,0,0,228.25,20,400,180
11559,1,0,100.25,11,121,387
11560,0,64,145,3,9,261
11561,0,0,236,6,36,5
11562,1,44,98,2,4,522
11563,1,0,306,4,16,401
11564,0,0,29.5,1,1,16
11565,1,0,146,5,25,16
11566,1,0,78,2,4,384
11567,1,0,347.9,7,49,172
11568,1,0,84,3,9,42
11569,0,0,69,2,4,136
11570,0,0,19,1,1,393
11571,1,0,50,2,4,48
11572,0,0,85,2,4,156
11573,0,0,39.95,1,1,729
11574,0,0,22.7,2,4,322
11575,0,0,79,4,16,519
11576,0,0,99.9,5,25,136
11577,0,0,44,1,1,392
11578,1,40,442,16,256,112
11579,0,0,69.9,2,4,701
11580,0,0,29.5,1,1,501
11581,1,0,51,1,1,468
11582,1,0,186,6,36,22
11583,1,855.65,447.75,10,100,147
11584,1,43,99,1,1,378
11585,0,59,568.2,14,196,2
11586,0,0,114.7,6,36,371
11587,1,0,34,1,1,233
11588,0,0,59.95,1,1,503
11589,1,15,158,4,16,25
11590,0,44,168,6,36,61
11591,0,0,475.85,14,196,9
11592,0,0,93,2,4,407
11593,0,0,84.5,2,4,392
11594,0,0,283.9,6,36,15
11595,1,0,117,3,9,379
11596,1,98,386.5,14,196,195
11597,1,0,59,2,4,44
11598,0,0,158.5,7,49,140
11599,0,0,70.95,2,4,170
11600,1,0,26.95,1,1,526
11601,1,0,1165.4,14,196,141
11602,0,0,89,1,1,52
11603,0,0,195.4,9,81,129
11604,0,0,476,19,361,233
11605,1,0,259.5,6,36,171
11606,1,179.8,362.3,12,144,16
11607,0,0,59,1,1,515
11608,0,118,114,4,16,151
11609,0,0,38,1,1,666
11610,0,0,19,1,1,360
11611,0,0,39.9,2,4,518
11612,0,69,39.5,2,4,128
11613,0,0,119.5,3,9,18
11614,1,0,76,4,16,221
11615,0,0,159,2,4,718
11616,0,0,128.5,2,4,395
11617,0,0,50,1,1,492
11618,0,0,112,2,4,366
11619,1,0,444.5,7,49,410
11620,1,0,19.5,1,1,46
11621,0,85,217,8,64,145
11622,1,0,83.75,6,36,393
11623,0,0,39,1,1,23
11624,0,0,251,7,49,105
11625,1,0,388.5,14,196,52
11626,1,0,45,2,4,333
11627,0,0,24,1,1,14
11628,0,0,484.5,11,121,419
11629,1,0,779.5,13,169,29
11630,0,78,124,4,16,10
11631,1,0,63.5,2,4,62
11632,0,0,107.95,3,9,704
11633,0,0,36,1,1,207
11634,0,0,453,15,225,15
11635,1,0,484.5,17,289,23
11636,1,0,281,7,49,88
11637,0,0,657.5,10,100,172
11638,1,0,168,3,9,162
11639,0,0,458.8,12,144,429
11640,0,0,70,5,25,19
11641,1,80,457.5,16,256,11
11642,1,0,148.65,10,100,358
11643,0,87,1094.15,37,1369,12
11644,1,0,29,1,1,443
11645,0,229.5,118,2,4,25
11646,0,0,75,1,1,668
11647,0,93,168.5,5,25,20
11648,0,0,34,1,1,235
11649,0,0,478.95,11,121,13
11650,0,0,29.5,1,1,116
11651,0,0,49,1,1,135
11652,0,0,79,4,16,151
11653,0,0,105,2,4,496
11654,0,0,75.5,4,16,515
11655,0,0,125,2,4,127
11656,0,0,73.5,4,16,490
11657,1,0,605,11,121,236
11658,0,0,39,1,1,394
11659,0,0,48,2,4,661
11660,0,0,49,1,1,125
11661,0,0,130.95,4,16,280
11662,0,0,91.95,2,4,141
11663,0,0,158,8,64,485
11664,0,0,79,1,1,114
11665,1,0,360.05,11,121,687
11666,0,0,36,1,1,415
11667,1,0,107.95,2,4,354
11668,1,0,272,12,144,53
11669,0,0,60,3,9,504
11670,0,0,38,3,9,518
11671,1,0,49,1,1,37
11672,0,0,276,10,100,66
11673,1,59,164,3,9,92
11674,1,0,20,1,1,100
11675,1,0,299,1,1,677
11676,0,0,79,4,16,493
11677,0,0,0,1,1,16
11678,0,59,107.94,4,16,343
11679,0,0,39.5,1,1,282
11680,1,0,63,2,4,33
11681,1,0,539,12,144,378
11682,0,0,416.5,12,144,39
11683,1,0,619.95,12,144,281
11684,0,0,127.5,3,9,7
11685,0,0,367,3,9,411
11686,0,0,39.5,1,1,624
11687,0,252.5,32.9,2,4,4
11688,0,0,96,3,9,513
11689,0,69,418.5,13,169,32
11690,1,0,453.4,12,144,384
11691,1,0,105.45,6,36,387
11692,0,0,97.7,3,9,228
11693,0,0,136.5,3,9,441
11694,1,0,97,2,4,95
11695,0,0,39.5,2,4,529
11696,1,0,246.85,10,100,365
11697,1,0,277.95,5,25,368
11698,1,0,89,3,9,144
11699,1,29.5,147.95,6,36,25
11700,0,0,19.95,1,1,167
11701,0,0,459.95,11,121,87
11702,0,0,49,1,1,24
11703,0,0,181.5,6,36,232
11704,0,0,39,1,1,32
11705,1,0,138,2,4,169
11706,0,0,277,8,64,293
11707,0,0,39.95,1,1,282
11708,0,48.5,231.5,7,49,11
11709,0,0,55,1,1,24
11710,0,0,142.95,3,9,669
11711,1,0,38,2,4,397
11712,1,0,304.35,12,144,10
11713,0,0,481,5,25,411
11714,0,0,78,2,4,449
11715,0,0,32,1,1,564
11716,0,0,36,1,1,454
11717,1,0,49,1,1,83
11718,0,101.95,1176.75,50,2500,11
11719,1,0,84.8,4,16,41
11720,1,0,59,2,4,429
11721,1,0,258.6,13,169,120
11722,0,0,146,4,16,362
11723,1,0,185.75,8,64,83
11724,1,0,257,6,36,141
11725,0,0,103,2,4,146
11726,0,0,19.95,1,1,553
11727,0,0,20,1,1,384
11728,0,0,117,3,9,28
11729,0,0,164,6,36,393
11730,1,0,59,2,4,27
11731,1,0,375,9,81,312
11732,0,0,99,1,1,23
11733,0,0,49,2,4,131
11734,1,0,222,3,9,29
11735,1,0,64,2,4,721
11736,0,0,26.5,2,4,515
11737,1,0,208,6,36,13
11738,0,0,148,2,4,549
11739,0,0,118,2,4,24
11740,0,0,29,1,1,539
11741,1,0,609.8,22,484,94
11742,1,0,17,1,1,438
11743,1,0,398.65,11,121,22
11744,0,29.5,29,1,1,391
11745,0,0,117,3,9,199
11746,0,0,49,1,1,480
11747,1,0,320.8,11,121,326
11748,0,0,88,5,25,11
11749,0,0,171.95,6,36,439
11750,1,0,34,2,4,291
11751,1,0,48,2,4,99
11752,1,0,179,1,1,33
11753,1,0,30,1,1,401
11754,0,0,39.5,2,4,508
11755,0,0,22.95,1,1,81
11756,0,0,293.5,10,100,14
11757,1,0,368,8,64,5
11758,0,0,63.5,2,4,14
11759,0,0,39.5,2,4,145
11760,0,0,29.5,1,1,414
11761,0,79,114,3,9,315
11762,0,0,44,2,4,85
11763,0,0,39.5,2,4,104
11764,0,0,39.5,2,4,512
11765,1,260,570.5,12,144,9
11766,0,0,249,4,16,30
11767,0,203.5,360,10,100,236
11768,0,0,126,5,25,67
11769,0,0,208,5,25,235
11770,0,0,197.1,15,225,180
11771,0,0,113,2,4,392
11772,0,50,103.9,3,9,2
11773,0,0,39.9,2,4,533
11774,0,0,39.5,2,4,140
11775,0,0,36,1,1,70
11776,1,0,306,4,16,46
11777,1,88,170,6,36,117
11778,0,0,638.9,10,100,4
11779,0,0,163.9,3,9,643
11780,0,0,197.5,6,36,355
11781,0,0,357,10,100,98
11782,1,0,129,3,9,389
11783,0,69,39.5,2,4,493
11784,1,0,42.5,2,4,31
11785,1,0,24,1,1,375
11786,0,0,156.5,3,9,25
11787,0,0,89.8,4,16,626
11788,0,0,71.95,2,4,596
11789,0,0,251,4,16,383
11790,0,0,129,1,1,209
11791,0,0,129,4,16,25
11792,0,0,0,1,1,11
11793,1,78,978.95,29,841,18
11794,0,0,283.5,8,64,29
11795,1,0,107,3,9,383
11796,0,39.5,39,1,1,45
11797,1,0,508.5,13,169,22
11798,1,89.8,246.9,5,25,141
11799,1,0,34,2,4,27
11800,1,0,109.5,4,16,119
11801,0,0,16,1,1,175
11802,1,0,79,4,16,152
11803,1,0,346.4,12,144,34
11804,0,0,44,1,1,387
11805,0,0,39.5,2,4,530
11806,1,0,69,2,4,28
11807,0,0,196,5,25,53
11808,0,0,61,2,4,542
11809,0,0,116.75,5,25,538
11810,1,0,219,3,9,125
11811,0,0,375.5,9,81,1
11812,0,0,71,3,9,682
11813,1,0,133.5,4,16,443
11814,0,0,29.5,1,1,20
11815,0,0,88,3,9,23
11816,0,0,66,2,4,173
11817,0,0,64,2,4,505
11818,0,0,128,2,4,435
11819,1,0,152,5,25,266
11820,0,46,39,1,1,684
11821,1,25,82.75,5,25,189
11822,1,0,498,10,100,349
11823,0,0,107,3,9,388
11824,1,0,127,3,9,139
11825,0,0,20,1,1,23
11826,0,0,1065.25,34,1156,5
11827,1,0,309.5,10,100,461
11828,0,0,183.49,10,100,214
11829,0,98.5,314,16,256,239
11830,1,0,178.5,6,36,25
11831,0,0,176,7,49,103
11832,0,0,87,3,9,265
11833,0,0,124.75,5,25,76
11834,0,8,90,6,36,16
11835,1,0,75.5,4,16,506
11836,0,0,34,2,4,404
11837,0,0,88,3,9,102
11838,0,0,125.5,2,4,251
11839,0,0,49,3,9,141
11840,0,0,185,3,9,212
11841,1,0,216.5,7,49,39
11842,0,259,37,1,1,50
11843,0,39.5,430,15,225,138
11844,0,0,59,1,1,101
11845,1,166.5,292.5,5,25,90
11846,0,14.95,407.5,8,64,417
11847,1,0,236,12,144,69
11848,0,0,114.9,5,25,163
11849,0,0,157,4,16,378
11850,0,0,70,3,9,388
11851,1,0,90,3,9,638
11852,0,0,52,1,1,15
11853,0,0,99,1,1,54
11854,0,0,39.5,2,4,511
11855,1,48.5,527,13,169,334
11856,1,0,318.5,9,81,3
11857,1,0,29.5,1,1,384
11858,0,0,497.45,19,361,192
11859,0,0,0,1,1,17
11860,1,0,62.85,3,9,595
11861,1,0,295,7,49,222
11862,1,0,287.5,3,9,362
11863,1,155.85,989.85,27,729,70
11864,0,0,64,1,1,8
11865,0,0,59,1,1,50
11866,0,0,105,3,9,563
11867,0,0,49.5,3,9,149
11868,0,0,143,4,16,355
11869,0,0,20,1,1,246
11870,1,0,49.5,2,4,61
11871,0,0,45,1,1,478
11872,0,0,39,1,1,29
11873,1,0,565.5,16,256,15
11874,0,0,99,3,9,85
11875,0,0,89,4,16,390
11876,0,0,152.5,3,9,10
11877,1,74.45,582.85,13,169,214
11878,1,0,309.5,9,81,437
11879,1,0,64.9,2,4,139
11880,0,0,79,4,16,506
11881,1,0,88.95,2,4,476
11882,0,29.5,147.5,5,25,43
11883,0,0,39.5,1,1,720
11884,0,0,79,4,16,139
11885,0,0,85,1,1,531
11886,0,69,1518.9,32,1024,32
11887,0,0,40,2,4,590
11888,0,0,49,1,1,75
11889,1,0,192.95,6,36,21
11890,0,0,203,2,4,75
11891,0,0,175,3,9,428
11892,0,0,210.5,6,36,20
11893,0,0,99,1,1,700
11894,0,0,0,1,1,29
11895,1,0,212.5,4,16,22
11896,0,0,64,3,9,530
11897,1,50.5,879.25,36,1296,4
11898,0,0,315.5,4,16,334
11899,0,0,44,1,1,376
11900,0,0,49,1,1,388
11901,0,0,525.5,14,196,87
11902,0,0,160.2,12,144,147
11903,0,0,173.95,3,9,337
11904,0,129,176,4,16,19
11905,1,0,49.5,3,9,160
11906,1,0,184.85,6,36,345
11907,0,64.5,365.95,12,144,117
11908,1,0,248.75,7,49,383
11909,0,0,54,3,9,534
11910,0,0,29,1,1,21
11911,1,160.8,610,16,256,38
11912,0,0,133.85,5,25,166
11913,0,0,118,2,4,463
11914,1,77,496,9,81,212
11915,1,0,496.45,12,144,23
11916,1,0,503.35,16,256,13
11917,0,0,130,3,9,350
11918,0,0,64.5,1,1,65
11919,0,134,174,6,36,18
11920,1,14.95,185.35,6,36,11
11921,0,0,198,3,9,57
11922,1,0,98.9,4,16,104
11923,0,0,307,10,100,237
11924,0,0,59,1,1,243
11925,1,0,206,6,36,81
11926,1,29.5,106,3,9,2
11927,1,165.85,149.95,3,9,170
11928,0,0,39.5,2,4,497
11929,0,0,29.5,1,1,34
11930,0,0,40,1,1,422
11931,0,0,110,2,4,382
11932,0,0,79,1,1,457
11933,0,0,59,2,4,138
11934,0,0,88.5,3,9,422
11935,0,0,259,8,64,16
11936,0,0,39,1,1,27
11937,0,0,89,5,25,140
11938,1,0,97,3,9,39
11939,0,0,29.5,1,1,624
11940,0,0,52,1,1,31
11941,0,0,108.5,3,9,41
11942,0,0,97,4,16,10
11943,0,0,124,2,4,80
11944,1,0,147,3,9,682
11945,0,0,318,11,121,19
11946,0,0,191.95,6,36,16
11947,0,0,44,1,1,379
11948,0,0,172.9,5,25,433
11949,0,0,24.95,1,1,648
11950,0,0,328.85,11,121,124
11951,0,0,39,1,1,430
11952,1,0,279,4,16,67
11953,1,51.9,255.45,9,81,4
11954,0,0,88,2,4,408
11955,0,0,179,6,36,29
11956,1,0,600.7,22,484,291
11957,0,0,20,2,4,508
11958,0,0,105,5,25,494
11959,0,0,128.5,7,49,514
11960,0,0,40,1,1,535
11961,0,0,29,1,1,383
11962,0,0,78,3,9,633
11963,0,0,220,7,49,302
11964,1,26,290.3,10,100,412
11965,0,0,78,2,4,585
11966,1,0,308.5,9,81,15
11967,0,0,36,1,1,417
11968,0,0,49,1,1,386
11969,0,58,39,1,1,71
11970,0,0,209.85,9,81,14
11971,0,0,150,5,25,60
11972,0,0,39.5,2,4,512
11973,0,32,69,1,1,463
11974,0,0,197,4,16,139
11975,0,0,40,1,1,413
11976,1,0,173.5,6,36,219
11977,0,0,281.9,7,49,36
11978,0,211.5,388.4,12,144,29
11979,1,58,235,5,25,67
11980,0,0,197,3,9,69
11981,0,0,27.95,4,16,124
11982,1,0,79,2,4,32
11983,0,49.5,93.5,2,4,419
11984,0,0,194,4,16,499
11985,1,0,154,3,9,144
11986,1,367.75,531.88,16,256,19
11987,0,0,51,1,1,32
11988,0,0,69,1,1,412
11989,0,0,148,4,16,558
11990,0,45,135.5,4,16,15
11991,0,0,304.5,5,25,327
11992,0,0,56,1,1,585
11993,1,0,312.5,7,49,670
11994,0,0,47.5,1,1,23
11995,0,0,29.5,1,1,23
11996,1,0,112,3,9,248
11997,0,0,123.5,2,4,672
11998,0,0,164.95,4,16,16
11999,1,0,415.5,8,64,73
12000,0,0,9.95,1,1,116
12001,0,0,136,4,16,22
12002,0,0,66,2,4,387
12003,0,0,79,3,9,26
12004,0,0,20.85,2,4,151
12005,0,0,128.9,4,16,27
12006,1,0,101.5,2,4,137
12007,0,0,275,7,49,60
12008,0,29,133,6,36,30
12009,1,0,297.5,4,16,26
12010,1,0,125,5,25,45
12011,1,79,437.5,11,121,26
12012,0,0,111,3,9,24
12013,0,0,199,1,1,706
12014,0,0,39.5,2,4,429
12015,0,0,219,4,16,49
12016,1,0,291,7,49,45
12017,1,0,646.5,10,100,41
12018,0,0,24,1,1,603
12019,0,0,568.95,7,49,161
12020,0,0,171,5,25,29
12021,1,0,239.5,9,81,39
12022,0,0,78,2,4,388
12023,0,118.5,60,2,4,154
12024,0,0,95,1,1,409
12025,1,0,27.5,1,1,57
12026,0,0,625.8,17,289,80
12027,0,0,378.5,11,121,265
12028,1,0,79,4,16,152
12029,0,0,55,1,1,15
12030,0,89,113,2,4,417
12031,0,0,51,3,9,415
12032,0,87,98.5,2,4,24
12033,0,0,247.5,5,25,404
12034,1,0,168.4,7,49,17
12035,0,0,66,1,1,674
12036,0,0,0,1,1,139
12037,0,0,59,1,1,694
12038,0,0,219.5,6,36,97
12039,1,0,79,6,36,128
12040,1,0,132.5,4,16,345
12041,0,0,42,1,1,512
12042,0,0,167.5,4,16,24
12043,0,0,258,6,36,312
12044,0,0,69,3,9,26
12045,0,0,39,1,1,17
12046,0,0,152.5,3,9,71
12047,0,0,168,6,36,26
12048,0,0,15,2,4,132
12049,1,0,89,1,1,575
12050,0,0,178.8,9,81,18
12051,1,0,712.95,12,144,18
12052,0,0,220,11,121,17
12053,0,0,99,1,1,82
12054,0,0,813.15,19,361,469
12055,1,0,119.5,6,36,97
12056,0,0,59,2,4,397
12057,0,0,214,6,36,66
12058,1,29.95,508,19,361,4
12059,0,73,284,5,25,30
12060,0,69,202,7,49,243
12061,0,0,208,2,4,28
12062,1,0,107.5,3,9,14
12063,0,0,68,2,4,630
12064,1,0,19.5,2,4,258
12065,0,0,231.5,5,25,59
12066,0,129.5,70,2,4,432
12067,0,0,89,4,16,75
12068,0,0,73.5,3,9,115
12069,1,0,192.5,6,36,392
12070,1,0,820,14,196,164
12071,0,0,156,6,36,22
12072,0,0,359,11,121,71
12073,1,0,88.5,3,9,49
12074,1,0,214,6,36,464
12075,0,0,164,5,25,104
12076,0,0,97,2,4,78
12077,0,51.95,127,3,9,162
12078,0,0,291,6,36,345
12079,0,0,177,4,16,55
12080,1,0,1294.5,35,1225,26
12081,0,0,95,3,9,73
12082,1,59,327,9,81,64
12083,0,51.95,58.5,2,4,393
12084,0,0,55,1,1,367
12085,0,0,122.95,5,25,480
12086,0,104,1508.95,36,1296,11
12087,1,49,1201.24,35,1225,9
12088,0,0,0,8,64,9
12089,0,0,306.65,14,196,18
12090,1,0,0,1,1,248
12091,0,0,136,4,16,19
12092,0,0,89.9,2,4,368
12093,1,0,191,5,25,67
12094,0,0,245,5,25,301
12095,1,69,1025.5,21,441,17
12096,1,0,333.95,10,100,170
12097,1,0,25,1,1,629
12098,0,0,72,2,4,274
12099,1,108.5,931.5,25,625,9
12100,0,0,115,2,4,47
12101,1,0,407.7,12,144,94
12102,0,0,243,7,49,377
12103,1,0,1007.95,24,576,165
12104,0,0,158,2,4,376
12105,0,0,69,1,1,162
12106,0,0,109,1,1,387
12107,0,0,127,3,9,630
12108,0,224,109,1,1,432
12109,0,0,97,3,9,149
12110,1,0,29,1,1,517
12111,0,0,24,1,1,392
12112,0,0,86,3,9,14
12113,0,0,36,1,1,22
12114,0,0,298.05,19,361,7
12115,1,119.5,416.95,10,100,547
12116,0,0,0,2,4,26
12117,0,0,178,2,4,17
12118,0,0,272.85,6,36,17
12119,1,0,114,2,4,333
12120,0,0,56,3,9,377
12121,0,0,22.5,1,1,520
12122,0,0,302.5,4,16,17
12123,0,0,207,2,4,13
12124,1,0,444.45,13,169,35
12125,1,0,108,5,25,106
12126,0,0,29,1,1,24
12127,0,0,25,1,1,683
12128,0,0,42.5,1,1,146
12129,0,0,30,1,1,547
12130,1,0,494,6,36,54
12131,1,0,65,1,1,457
12132,0,0,196,8,64,375
12133,1,0,1484.75,38,1444,18
12134,0,0,138,2,4,25
12135,0,0,19.95,1,1,707
12136,0,0,39.5,2,4,141
12137,0,0,22,1,1,392
12138,0,0,0,1,1,604
12139,0,0,118,1,1,303
12140,0,0,576.4,15,225,9
12141,0,0,0,1,1,474
12142,1,0,111,6,36,46
12143,1,0,134,2,4,33
12144,0,82.95,411.7,15,225,13
12145,0,69,207,5,25,140
12146,0,49.5,143.5,3,9,25
12147,1,0,88,2,4,128
12148,0,25,49,1,1,357
12149,1,39.5,188.95,8,64,145
12150,1,0,431.5,17,289,24
12151,1,67.5,199.15,10,100,265
12152,0,0,154,2,4,274
12153,0,0,39.5,1,1,343
12154,0,0,98,3,9,14
12155,0,0,135.5,4,16,61
12156,0,0,35,3,9,13
12157,1,59.45,699.35,15,225,28
12158,1,0,250.95,10,100,109
12159,0,0,64,3,9,289
12160,1,0,499.4,15,225,71
12161,0,0,61.5,2,4,416
12162,1,0,367.8,11,121,222
12163,0,0,25,1,1,700
12164,0,0,69,1,1,60
12165,0,0,244,6,36,16
12166,0,73.45,152.5,4,16,47
12167,0,0,95.95,3,9,577
12168,1,0,280,6,36,23
12169,0,23,103.5,3,9,577
12170,0,0,125,1,1,299
12171,0,0,504,15,225,61
12172,0,0,140.45,5,25,28
12173,0,0,69,1,1,9
12174,1,179.15,730,18,324,160
12175,0,0,420.5,7,49,369
12176,0,0,19.5,1,1,34
12177,1,213,1331,33,1089,31
12178,0,0,89,1,1,468
12179,0,0,76,2,4,485
12180,1,0,132,4,16,77
12181,1,0,277.45,12,144,57
12182,1,0,79,1,1,707
12183,1,0,99,2,4,725
12184,1,0,323.75,8,64,44
12185,1,0,36,1,1,383
12186,1,379,712.9,21,441,4
12187,0,0,35,1,1,446
12188,0,0,849,20,400,227
12189,1,123.5,117,3,9,20
12190,1,0,80,8,64,45
12191,0,0,64.9,3,9,167
12192,1,0,1094.9,32,1024,17
12193,1,0,509,7,49,302
12194,0,0,268,9,81,88
12195,1,238,459,13,169,1
12196,0,0,25,1,1,698
12197,0,118,624.95,7,49,375
12198,0,0,195,5,25,457
12199,0,0,118,6,36,225
12200,0,0,168.5,6,36,519
12201,0,0,65,3,9,90
12202,1,0,364.5,10,100,21
12203,0,0,202,5,25,385
12204,0,0,1144,13,169,10
12205,1,0,416,10,100,166
12206,0,108,337.45,9,81,14
12207,1,0,374,12,144,572
12208,0,0,581.45,14,196,16
12209,0,0,59,1,1,449
12210,1,0,129.5,5,25,42
12211,0,0,96,4,16,688
12212,0,0,29.5,1,1,696
12213,0,0,78,3,9,29
12214,1,0,166.95,4,16,113
12215,0,0,250,11,121,415
12216,0,0,39.5,2,4,466
12217,0,0,94,3,9,160
12218,1,131,64,2,4,269
12219,1,0,311,4,16,26
12220,1,0,124,2,4,226
12221,1,0,78.5,2,4,15
12222,0,0,808.4,20,400,5
12223,0,0,38,2,4,391
12224,0,0,214.5,5,25,394
12225,1,0,429.5,15,225,81
12226,1,0,211.85,7,49,49
12227,0,0,49,1,1,727
12228,0,0,438.5,9,81,406
12229,0,0,0,4,16,36
12230,0,0,39.5,2,4,120
12231,1,64.5,101.85,4,16,592
12232,1,0,321,6,36,69
12233,1,0,147.95,3,9,192
12234,1,114,59,1,1,352
12235,1,0,18.95,1,1,489
12236,0,0,74,3,9,181
12237,0,0,14.5,2,4,496
12238,1,0,56,4,16,34
12239,1,0,0,1,1,456
12240,1,0,176.5,4,16,13
12241,1,0,481,15,225,678
12242,1,0,537,8,64,39
12243,1,0,129,1,1,23
12244,0,0,98,2,4,490
12245,0,0,64.95,1,1,183
12246,0,0,49,1,1,114
12247,1,49.5,99,2,4,282
12248,0,0,277,7,49,126
12249,0,0,128,3,9,383
12250,1,0,364,5,25,226
12251,1,0,273.5,10,100,68
12252,1,19.5,88,3,9,54
12253,1,0,321.9,9,81,30
12254,1,0,138.5,2,4,32
12255,1,0,137,2,4,535
12256,0,0,138,2,4,386
12257,0,0,34,6,36,16
12258,1,322,3779.4,105,11025,3
12259,1,0,49.5,1,1,420
12260,1,73,250.2,11,121,21
12261,1,0,413,7,49,20
12262,0,0,151,4,16,376
12263,0,0,182,5,25,24
12264,1,145.95,400.9,15,225,8
12265,0,0,0,1,1,376
12266,0,0,110.9,4,16,16
12267,1,0,175.5,5,25,22
12268,1,14.5,470.95,10,100,29
12269,0,0,44,1,1,337
12270,0,0,59,1,1,15
12271,1,0,202,3,9,391
12272,1,0,39,1,1,150
12273,0,0,103.9,7,49,105
12274,0,0,44.95,1,1,670
12275,1,0,165,4,16,4
12276,1,0,197,5,25,119
12277,0,0,31.5,2,4,397
12278,0,0,98.5,2,4,378
12279,0,0,66,3,9,539
12280,1,0,144,2,4,435
12281,0,0,0,1,1,381
12282,1,0,59,1,1,478
12283,1,0,280,5,25,16
12284,0,0,46.95,1,1,333
12285,1,0,202.5,3,9,333
12286,1,0,371.5,10,100,16
12287,0,0,155,5,25,475
12288,1,19.5,171.95,3,9,92
12289,1,96.99,123,4,16,388
12290,1,0,206.5,5,25,129
12291,1,34.95,221.5,5,25,444
12292,0,0,29.5,1,1,24
12293,0,0,72,2,4,224
12294,1,0,139,3,9,350
12295,0,0,44,1,1,405
12296,1,0,210,3,9,334
12297,1,0,275,6,36,22
12298,1,46,399.5,13,169,71
12299,0,0,368,9,81,23
12300,1,19.5,226.5,5,25,71
12301,1,0,56,1,1,147
12302,0,0,314.15,10,100,21
12303,1,0,393,7,49,20
12304,0,0,43.99,2,4,505
12305,1,0,177.5,5,25,250
12306,0,0,129,1,1,391
12307,1,0,325,7,49,30
12308,0,0,37,2,4,503
12309,1,0,333,3,9,122
12310,1,0,69,1,1,436
12311,1,0,89,1,1,74
12312,0,160,69,1,1,16
12313,0,0,275.5,7,49,15
12314,0,0,70,2,4,501
12315,0,0,49,1,1,22
12316,0,0,35,1,1,306
12317,1,0,93.5,2,4,17
12318,1,0,87,2,4,382
12319,0,0,427,5,25,1
12320,1,0,93.5,2,4,58
12321,1,0,63,1,1,358
12322,0,0,510.24,14,196,20
12323,1,0,435.95,9,81,316
12324,0,0,30.1,6,36,219
12325,1,0,236,7,49,28
12326,0,0,146,3,9,21
12327,1,0,295.5,14,196,154
12328,1,0,74.95,4,16,169
12329,0,0,136,4,16,14
12330,0,0,92,2,4,21
12331,1,0,24.95,1,1,729
12332,1,0,119,1,1,137
12333,1,0,233,6,36,152
12334,1,41,116,4,16,310
12335,1,0,145,4,16,48
12336,0,0,88,2,4,118
12337,1,262.8,127.5,4,16,190
12338,1,0,309,10,100,104
12339,1,34.7,343.05,6,36,9
12340,1,0,685,3,9,547
12341,0,0,518.32,24,576,9
12342,0,0,393,15,225,287
12343,0,0,26,2,4,23
12344,1,0,251.95,6,36,168
12345,1,0,467.2,14,196,90
12346,0,0,109.75,3,9,402
12347,0,0,37.95,3,9,10
12348,0,0,339.45,7,49,2
12349,0,268,529,18,324,22
12350,1,0,49,2,4,15
12351,0,12.95,134.8,6,36,28
12352,0,0,549.5,20,400,17
12353,1,0,225.95,6,36,1
12354,1,0,253,5,25,31
12355,1,0,59.5,1,1,729
12356,0,0,207,4,16,393
12357,1,0,58,2,4,264
12358,0,0,56,2,4,396
12359,1,0,59,1,1,48
12360,0,0,39,1,1,64
12361,0,0,227,6,36,11
12362,0,0,111,4,16,170
12363,0,0,35.5,10,100,392
12364,1,0,1150,11,121,22
12365,0,0,89,1,1,68
12366,1,49,287.95,4,16,96
12367,0,0,0,1,1,76
12368,0,73.85,267.4,7,49,20
12369,0,0,149,1,1,2
12370,0,0,40,1,1,421
12371,1,0,117.95,3,9,392
12372,1,0,429.95,18,324,27
12373,1,0,328.95,10,100,93
12374,0,0,44,1,1,401
12375,0,0,34,1,1,13
12376,1,0,356,8,64,26
12377,0,29.5,128.5,2,4,293
12378,1,0,448.5,6,36,27
12379,1,49,224.15,12,144,28
12380,0,0,114.95,3,9,713
12381,1,0,135,4,16,389
12382,0,0,232.5,6,36,393
12383,0,14.95,162,5,25,98
12384,0,0,362,5,25,60
12385,1,0,107.95,4,16,161
12386,1,0,25,1,1,147
12387,0,0,214,5,25,218
12388,1,0,864.4,29,841,78
12389,0,0,328,12,144,21
12390,1,24.95,294.75,10,100,30
12391,0,0,29.5,1,1,21
12392,0,0,72.45,3,9,536
12393,0,0,150.9,5,25,697
12394,0,0,101,3,9,394
12395,0,0,408,10,100,391
12396,1,0,173,3,9,336
12397,0,0,49.5,1,1,15
12398,0,0,156,5,25,720
12399,1,19.95,245.95,5,25,1
12400,1,0,664.95,9,81,29
12401,1,0,255,5,25,44
12402,1,0,156,7,49,123
12403,0,0,58,2,4,406
12404,0,0,312.5,9,81,19
12405,0,0,173.5,5,25,467
12406,1,0,253,7,49,142
12407,0,0,120,3,9,670
12408,0,0,109,1,1,84
12409,1,0,182.5,4,16,25
12410,1,259,491.5,8,64,67
12411,0,0,69.9,2,4,698
12412,0,0,315.65,10,100,550
12413,0,0,50,2,4,141
12414,0,78,49,1,1,1
12415,1,0,157,2,4,47
12416,1,0,223,3,9,22
12417,0,129.5,301.95,8,64,88
12418,0,112.5,1247.9,35,1225,16
12419,0,222,137,3,9,575
12420,1,139,881.7,24,576,17
12421,1,0,247.8,7,49,719
12422,1,19.5,186,8,64,94
12423,0,0,98.85,4,16,171
12424,1,49.95,137,2,4,392
12425,0,0,69,1,1,136
12426,0,0,56,1,1,110
12427,1,0,292.95,4,16,112
12428,1,0,644.95,17,289,45
12429,1,0,78,2,4,397
12430,1,73,1081.55,25,625,192
12431,0,0,44,1,1,379
12432,1,0,382,6,36,69
12433,0,0,250,4,16,21
12434,0,65.95,241.5,5,25,22
12435,1,0,74,3,9,73
12436,1,0,369.95,4,16,221
12437,0,0,26.85,2,4,554
12438,1,108.5,59,1,1,151
12439,1,0,104,2,4,507
12440,1,0,438,5,25,380
12441,0,0,127.5,4,16,15
12442,0,0,76,2,4,387
12443,1,0,274.05,15,225,128
12444,0,0,79.95,1,1,462
12445,1,0,44,1,1,84
12446,1,0,87,2,4,390
12447,0,0,64,1,1,26
12448,1,0,107,4,16,399
12449,0,0,132,3,9,461
12450,0,0,63.5,5,25,17
12451,1,68,805,20,400,258
12452,0,0,248.95,11,121,99
12453,0,141.85,246,7,49,402
12454,0,0,118,4,16,12
12455,0,0,147,5,25,53
12456,0,0,187,5,25,436
12457,1,0,783.75,20,400,124
12458,0,0,204.95,7,49,81
12459,1,0,142,4,16,14
12460,0,0,269.15,11,121,68
12461,0,0,135,5,25,120
12462,0,0,69,1,1,669
12463,1,0,371.75,16,256,10
12464,0,0,29.5,1,1,13
12465,0,0,291,6,36,26
12466,0,49.5,79.7,6,36,557
12467,1,0,148.95,3,9,581
12468,0,171,30,2,4,292
12469,0,100,298,8,64,139
12470,1,95.8,874.45,40,1600,26
12471,1,0,401,11,121,214
12472,1,8.95,182,4,16,293
12473,0,0,137,4,16,391
12474,0,0,127,3,9,89
12475,1,0,468,2,4,553
12476,0,0,39.5,2,4,511
12477,0,0,608.5,8,64,27
12478,1,0,199,1,1,306
12479,1,0,336.7,10,100,391
12480,0,0,46.85,3,9,487
12481,1,24.95,231,4,16,601
12482,0,0,156,4,16,36
12483,1,0,59.95,1,1,202
12484,0,0,27.95,1,1,359
12485,1,0,34,1,1,676
12486,1,0,430.95,13,169,67
12487,0,0,54,2,4,444
12488,0,0,147,4,16,102
12489,0,0,48,2,4,358
12490,0,0,30,1,1,695
12491,0,0,89,1,1,317
12492,0,0,49,1,1,213
12493,1,0,73,2,4,327
12494,1,0,212.5,4,16,377
12495,1,0,79.45,2,4,115
12496,1,0,286.4,13,169,2
12497,0,158.45,58,2,4,264
12498,0,0,201,7,49,13
12499,0,0,234.95,3,9,195
12500,1,0,361.55,15,225,57
12501,0,119,448.95,6,36,213
12502,0,0,100.75,5,25,134
12503,1,0,181.5,4,16,7
12504,1,0,290.4,10,100,1
12505,0,0,59,2,4,275
12506,0,46,32,1,1,31
12507,1,0,127,3,9,381
12508,1,29,109,1,1,177
12509,1,0,198,5,25,306
12510,0,0,54.9,2,4,347
12511,1,0,40,1,1,390
12512,0,0,408.85,10,100,26
12513,1,0,150.8,5,25,547
12514,1,0,39.5,1,1,268
12515,0,0,69,1,1,657
12516,0,0,127,3,9,625
12517,1,76,307.1,10,100,79
12518,0,0,214,2,4,200
12519,0,0,99,1,1,377
12520,0,0,86,4,16,130
12521,0,0,238.5,2,4,15
12522,0,0,240.24,8,64,71
12523,0,0,115,1,1,729
12524,0,0,118,3,9,19
12525,0,0,59.95,1,1,90
12526,1,44,1275.35,28,784,401
12527,0,0,217.5,3,9,431
12528,1,0,69,1,1,121
12529,0,0,0,1,1,401
12530,1,0,39.5,1,1,404
12531,0,0,111,7,49,653
12532,1,0,60,3,9,137
12533,1,117.9,244.95,4,16,479
12534,1,125,99.95,1,1,148
12535,1,83,199,7,49,24
12536,0,0,317,4,16,384
12537,1,0,95,5,25,417
12538,0,0,52,1,1,411
12539,1,0,383,4,16,71
12540,0,0,59.95,1,1,262
12541,0,0,108,2,4,102
12542,1,0,161,3,9,236
12543,0,0,75.5,3,9,29
12544,0,0,28,1,1,386
12545,0,0,49,1,1,104
12546,1,67.5,123,5,25,267
12547,0,279,74.9,2,4,729
12548,1,0,156,3,9,78
12549,0,0,29,1,1,708
12550,1,0,67,3,9,391
12551,0,176.5,190.5,7,49,131
12552,0,0,267,6,36,25
12553,0,0,125,3,9,568
12554,0,0,195.5,5,25,463
12555,1,71,287,9,81,216
12556,0,0,183.95,6,36,71
12557,1,0,291,6,36,26
12558,0,44.5,241,7,49,400
12559,1,0,84,1,1,310
12560,0,0,59,2,4,26
12561,0,0,68,2,4,467
12562,0,0,87.75,3,9,529
12563,0,0,64,2,4,714
12564,0,0,110.5,4,16,404
12565,0,0,8.5,1,1,453
12566,1,29.5,320.5,10,100,54
12567,0,283.5,133.95,4,16,7
12568,0,0,602.5,19,361,164
12569,0,0,124,3,9,392
12570,1,0,137.8,4,16,98
12571,1,129,503,10,100,32
12572,1,79,225.9,5,25,98
12573,0,0,34,2,4,138
12574,1,0,386.5,7,49,18
12575,1,0,179,1,1,590
12576,0,0,184,2,4,208
12577,1,0,151,5,25,125
12578,0,0,343,9,81,26
12579,1,0,232,3,9,312
12580,1,0,138.95,4,16,345
12581,0,0,611,28,784,16
12582,0,41,228.95,8,64,30
12583,0,0,239.95,5,25,21
12584,0,0,131.6,11,121,368
12585,0,435,234,4,16,455
12586,0,0,118.5,2,4,594
12587,0,0,172.5,5,25,18
12588,1,0,347.75,10,100,39
12589,1,0,499,1,1,409
12590,1,0,593.5,12,144,378
12591,0,0,24.95,1,1,728
12592,0,0,158.5,2,4,16
12593,1,0,115,1,1,269
12594,1,0,168,2,4,23
12595,1,0,237.5,4,16,18
12596,0,0,116.5,3,9,437
12597,0,0,29,1,1,419
12598,0,0,144.5,6,36,25
12599,1,0,200,4,16,206
12600,0,0,123,2,4,15
12601,1,19,115,3,9,134
12602,1,73.5,157,4,16,61
12603,0,0,175,5,25,14
12604,1,0,44,1,1,693
12605,1,40.85,79,2,4,44
12606,1,0,292.5,9,81,25
12607,1,0,29,1,1,381
12608,0,0,21.57,3,9,726
12609,1,0,537,1,1,567
12610,1,0,568.85,15,225,24
12611,1,0,59,1,1,385
12612,0,0,831.6,16,256,72
12613,0,67.5,157.45,5,25,67
12614,0,0,17.9,2,4,556
12615,0,0,169.85,4,16,593
12616,1,57.85,240.45,8,64,40
12617,1,0,109,1,1,609
12618,0,114.8,323,8,64,25
12619,1,0,308.5,9,81,268
12620,1,0,264,6,36,48
12621,0,0,23.45,2,4,665
12622,0,0,209,12,144,325
12623,1,0,1272.4,10,100,147
12624,0,0,62,2,4,19
12625,0,98,629.15,18,324,184
12626,1,0,238,2,4,394
12627,0,0,49,1,1,385
12628,0,0,136,4,16,18
12629,0,0,64,2,4,207
12630,1,0,593,7,49,8
12631,1,0,271,4,16,377
12632,1,216.95,511.35,16,256,22
12633,1,0,131.5,2,4,154
12634,1,211.95,315,7,49,388
12635,0,144,310.85,8,64,11
12636,0,0,39.5,1,1,359
12637,0,81.5,28.25,3,9,205
12638,0,0,633.95,12,144,160
12639,1,0,368.6,8,64,491
12640,0,0,1156.75,24,576,147
12641,0,0,44,1,1,366
12642,1,0,197,5,25,419
12643,0,291,575.3,12,144,24
12644,0,22,276,12,144,388
12645,1,0,29.5,1,1,394
12646,0,39,252,6,36,26
12647,1,0,203.85,7,49,133
12648,1,0,364,4,16,90
12649,0,0,44,1,1,88
12650,1,0,64,2,4,404
12651,1,0,380,9,81,24
12652,0,0,44,1,1,28
12653,0,0,128.9,5,25,545
12654,1,0,116.95,3,9,138
12655,0,0,46.45,2,4,722
12656,0,0,0,2,4,10
12657,1,38,310.5,6,36,3
12658,1,0,472.4,9,81,7
12659,1,0,267.85,8,64,227
12660,1,0,118.5,6,36,133
12661,0,0,145.9,4,16,425
12662,0,0,128.95,4,16,379
12663,0,0,93.5,2,4,385
12664,0,19,128.5,3,9,20
12665,0,0,113,2,4,62
12666,0,0,513,9,81,108
12667,0,0,39,1,1,419
12668,0,0,508.9,18,324,50
12669,0,0,136,6,36,586
12670,0,0,471.25,11,121,2
12671,1,0,228.5,8,64,42
12672,0,0,337,6,36,254
12673,1,0,537,5,25,335
12674,0,0,259.5,5,25,25
12675,1,0,894.15,30,900,7
12676,1,0,117,2,4,45
12677,1,0,3207.48,87,7569,47
12678,1,0,222.5,6,36,16
12679,0,0,125,1,1,383
12680,0,76,444,4,16,25
12681,0,0,125,3,9,26
12682,0,0,326.85,11,121,150
12683,1,0,99,1,1,348
12684,0,0,117,2,4,392
12685,0,0,64.5,1,1,30
12686,1,0,259.85,5,25,85
12687,1,0,36,1,1,385
12688,1,0,152.85,4,16,25
12689,0,0,61.95,2,4,494
12690,0,0,45,2,4,342
12691,1,0,58,1,1,401
12692,0,0,90.8,4,16,1
12693,0,0,165,1,1,85
12694,0,0,63,3,9,9
12695,0,0,426,8,64,26
12696,1,0,249,6,36,22
12697,0,72.45,68.5,4,16,45
12698,1,0,70,3,9,442
12699,1,0,124,3,9,159
12700,1,0,152,1,1,380
12701,0,0,98.1,5,25,158
12702,0,0,63,3,9,10
12703,0,0,24.9,2,4,228
12704,1,0,500,5,25,23
12705,0,0,302.4,13,169,719
12706,0,0,83.5,3,9,331
12707,1,0,139.5,4,16,17
12708,1,35,220.5,6,36,43
12709,0,29,247.95,8,64,74
12710,1,0,39,1,1,689
12711,1,0,227.5,5,25,18
12712,0,0,266,8,64,28
12713,1,0,358,1,1,548
12714,0,0,353,13,169,13
12715,1,0,46,2,4,175
12716,0,0,70,1,1,256
12717,0,39,136,2,4,678
12718,0,0,55,1,1,27
12719,0,0,125,4,16,432
12720,1,0,205.9,3,9,227
12721,1,0,244.95,7,49,31
12722,0,0,109.85,3,9,615
12723,1,0,75,1,1,703
12724,0,0,107,5,25,517
12725,0,0,228,2,4,678
12726,0,0,232.5,5,25,16
12727,0,0,37.5,2,4,25
12728,0,0,16.9,2,4,73
12729,1,65,872.6,23,529,112
12730,0,0,88,3,9,381
12731,0,68,119,1,1,182
12732,1,24.9,698.7,30,900,18
12733,1,122.95,29,1,1,27
12734,0,0,254,5,25,5
12735,0,0,22,1,1,391
12736,0,0,144.95,4,16,391
12737,0,0,645,28,784,28
12738,0,0,187,8,64,380
12739,0,0,39.5,2,4,153
12740,0,0,312,7,49,578
12741,1,0,1567,5,25,600
12742,1,0,138,3,9,148
12743,1,0,45.5,1,1,34
12744,0,0,35,1,1,525
12745,1,0,99,6,36,128
12746,0,0,39.95,1,1,564
12747,1,0,44,1,1,455
12748,1,89,845.5,30,900,166
12749,1,0,68,2,4,264
12750,0,0,58,1,1,55
12751,0,89,52,2,4,681
12752,1,64.95,627.85,17,289,4
12753,0,0,237.4,14,196,81
12754,0,0,77,2,4,388
12755,0,0,245,11,121,93
12756,0,0,69,1,1,406
12757,0,0,543.9,11,121,22
12758,0,0,178.5,2,4,377
12759,0,0,189.9,7,49,80
12760,1,0,68.85,3,9,184
12761,0,0,109,3,9,389
12762,0,0,9.95,1,1,150
12763,0,0,19.5,1,1,241
12764,1,0,370.85,8,64,77
12765,1,0,385.72,17,289,17
12766,0,0,89,2,4,391
12767,1,0,100,3,9,616
12768,0,0,106,5,25,18
12769,0,0,144,5,25,31
12770,0,0,64.5,2,4,88
12771,1,0,50,2,4,134
12772,1,0,701,13,169,249
12773,1,73,239.5,7,49,397
12774,1,0,294,4,16,395
12775,0,0,39,2,4,236
12776,0,0,632,11,121,18
12777,0,39.9,74,3,9,460
12778,0,0,49,1,1,497
12779,0,0,39.9,2,4,189
12780,0,49.95,505.95,13,169,210
12781,0,0,103,3,9,7
12782,1,0,166,5,25,673
12783,1,0,117.5,8,64,32
12784,0,0,119.5,3,9,30
12785,0,49.95,287.5,3,9,506
12786,0,0,39.5,2,4,503
12787,0,0,1192.15,28,784,301
12788,0,0,110,5,25,354
12789,1,0,223.9,3,9,132
12790,1,0,511.5,15,225,22
12791,0,0,61,2,4,32
12792,0,0,229.8,6,36,32
12793,1,0,320.88,9,81,358
12794,1,0,2776.85,7,49,199
12795,0,0,66.45,3,9,378
12796,1,49,119,1,1,105
12797,1,0,117.5,3,9,27
12798,1,0,484.2,9,81,500
12799,1,0,78.5,2,4,335
12800,1,0,445,12,144,25
12801,0,0,139.5,4,16,149
12802,1,0,197,6,36,394
12803,0,0,29,1,1,403
12804,0,0,274,4,16,18
12805,1,0,408.75,12,144,28
12806,1,0,1342,30,900,24
12807,0,0,45,1,1,26
12808,0,0,323.7,11,121,104
12809,1,0,53,2,4,76
12810,1,0,18,1,1,127
12811,0,0,212,3,9,148
12812,0,0,32.85,3,9,587
12813,1,0,222,8,64,76
12814,0,0,132,3,9,91
12815,0,0,133,2,4,12
12816,0,0,443.2,14,196,150
12817,1,45,637.65,15,225,15
12818,0,0,60,4,16,17
12819,0,73.9,196,5,25,17
12820,1,151.85,610.4,24,576,1
12821,1,0,492,8,64,87
12822,0,0,59,1,1,323
12823,0,0,60,3,9,27
12824,1,0,343,10,100,225
12825,1,0,34,1,1,240
12826,1,0,788.85,18,324,60
12827,0,0,288,7,49,20
12828,0,0,119,3,9,383
12829,0,0,136.3,7,49,227
12830,0,251.9,133,3,9,27
12831,1,0,345.5,9,81,14
12832,0,0,219,4,16,25
12833,0,0,169,5,25,157
12834,0,0,597.15,16,256,168
12835,0,0,549.5,12,144,469
12836,1,0,229.5,7,49,20
12837,0,0,39.5,2,4,508
12838,1,0,277,8,64,119
12839,0,0,69,1,1,372
12840,0,0,203.95,5,25,467
12841,0,0,116.5,2,4,235
12842,0,110,460.5,12,144,23
12843,1,0,748.5,21,441,22
12844,1,0,59,2,4,98
12845,0,0,136,5,25,413
12846,0,0,1589.7,56,3136,3
12847,0,0,248.5,10,100,20
12848,0,0,79,3,9,66
12849,0,0,145,3,9,502
12850,0,0,79,1,1,464
12851,0,0,34,1,1,718
12852,0,0,203,7,49,483
12853,1,0,35,1,1,436
12854,1,0,411.5,10,100,406
12855,1,0,230.95,9,81,44
12856,1,0,266.85,5,25,52
12857,1,0,338,14,196,157
12858,0,0,0,1,1,635
12859,0,0,751.95,12,144,11
12860,0,0,225,1,1,29
12861,1,0,323,5,25,377
12862,0,0,69.95,3,9,526
12863,0,0,39.5,2,4,505
12864,1,264,1265.75,30,900,28
12865,0,0,284.45,10,100,14
12866,1,0,59.9,2,4,188
12867,0,34,548.9,20,400,23
12868,1,0,85,1,1,696
12869,1,0,1041.95,21,441,623
12870,0,0,62.5,2,4,1
12871,0,0,19.95,1,1,162
12872,0,0,59.45,2,4,329
12873,0,0,30,3,9,68
12874,1,36.5,554,12,144,28
12875,1,0,112.5,3,9,381
12876,1,19,366,12,144,26
12877,0,0,79,1,1,13
12878,0,0,118,3,9,266
12879,0,0,186,5,25,377
12880,0,0,76,2,4,84
12881,0,0,14,1,1,12
12882,0,19.5,29,2,4,524
12883,0,0,296.9,9,81,33
12884,0,0,653.3,17,289,79
12885,0,0,45,2,4,21
12886,0,0,275.5,8,64,40
12887,0,0,383,7,49,688
12888,1,0,648.8,29,841,20
12889,0,0,64.5,4,16,24
12890,1,0,309.6,8,64,301
12891,1,59,611.4,15,225,23
12892,0,0,80,2,4,22
12893,1,0,79,1,1,330
12894,1,0,201.25,6,36,498
12895,0,0,35,1,1,127
12896,0,100.5,148.5,3,9,20
12897,1,54,236,5,25,16
12898,0,0,53,2,4,496
12899,0,0,275.5,9,81,67
12900,0,0,18,1,1,448
12901,1,0,59,1,1,15
12902,0,0,24.95,1,1,610
12903,1,88,55,1,1,688
12904,1,34.5,1085.45,19,361,154
12905,1,162,233.4,8,64,17
12906,0,0,130.5,3,9,458
12907,0,0,179,1,1,4
12908,1,0,87,3,9,683
12909,1,0,1182.39,42,1764,50
12910,1,0,160,5,25,213
12911,0,0,77,3,9,379
12912,0,0,238,6,36,70
12913,1,0,167,3,9,387
12914,0,0,216,6,36,70
12915,0,0,89.5,2,4,25
12916,0,0,74,2,4,385
12917,0,0,178,5,25,17
12918,0,0,506,17,289,23
12919,0,0,83,2,4,375
12920,1,0,241,6,36,169
12921,0,0,0,1,1,384
12922,0,0,19,1,1,415
12923,0,0,34,1,1,32
12924,1,0,337.45,9,81,296
12925,0,0,44.95,1,1,722
12926,1,0,118,2,4,40
12927,1,0,641.9,26,676,16
12928,0,0,171,3,9,133
12929,0,0,1117.4,40,1600,58
12930,1,0,39.85,3,9,654
12931,1,0,64.5,3,9,39
12932,1,333.85,316.5,10,100,11
12933,1,70,278.5,6,36,21
12934,0,0,408,10,100,17
12935,0,0,265,7,49,13
12936,0,39,131,4,16,390
12937,0,0,71.5,2,4,33
12938,1,97,217,3,9,385
12939,0,0,170,5,25,49
12940,0,0,19.5,2,4,16
12941,0,70.5,178.95,6,36,445
12942,0,0,75,2,4,30
12943,1,0,260,6,36,19
12944,0,0,24.95,1,1,181
12945,1,41,594,16,256,314
12946,1,29,128,2,4,22
12947,0,0,139,4,16,385
12948,1,0,365,9,81,25
12949,1,0,228,2,4,36
12950,1,27,1690.55,38,1444,426
12951,1,0,96,2,4,28
12952,0,118,365,8,64,29
12953,0,19,90,2,4,80
12954,1,0,227,3,9,313
12955,0,0,0,1,1,565
12956,0,0,12.95,1,1,178
12957,0,0,89.95,1,1,365
12958,0,0,137.5,2,4,340
12959,0,18,83,4,16,426
12960,1,167.65,145.85,5,25,73
12961,0,0,101.95,9,81,310
12962,0,183.9,976,28,784,11
12963,1,0,130.95,3,9,188
12964,1,0,132.8,8,64,196
12965,0,0,237.75,7,49,15
12966,1,283.95,356.5,13,169,10
12967,0,0,29,1,1,386
12968,0,0,38,2,4,18
12969,1,0,284.5,8,64,25
12970,1,0,292,6,36,19
12971,1,0,137,3,9,400
12972,1,0,422.5,15,225,19
12973,1,133.5,2420.25,48,2304,33
12974,1,0,187.95,11,121,8
12975,1,0,1069,19,361,57
12976,0,0,0,1,1,408
12977,1,0,251,3,9,468
12978,1,0,165.95,6,36,403
12979,1,90,176.9,5,25,608
12980,0,0,503.5,12,144,31
12981,0,439.55,1493.75,62,3844,3
12982,1,0,514,15,225,24
12983,1,0,118,4,16,402
12984,0,0,288,6,36,26
12985,1,699,53.5,2,4,387
12986,0,0,95.5,3,9,25
12987,0,0,205.5,7,49,8
12988,0,0,44,3,9,389
12989,1,0,515.95,12,144,376
12990,0,0,85.2,3,9,707
12991,1,0,459,9,81,229
12992,0,0,78,1,1,654
12993,0,39.5,59,1,1,389
12994,0,0,203,5,25,492
12995,1,0,174.45,6,36,37
12996,0,0,38,4,16,631
12997,1,0,31,1,1,537
12998,1,0,69,2,4,19
12999,0,0,88,2,4,118
13000,0,0,1126.45,17,289,23
13001,0,0,190.5,5,25,48
13002,0,0,0,1,1,566
13003,1,0,338,6,36,51
13004,0,0,307,5,25,48
13005,0,0,103,3,9,18
13006,0,0,442.15,21,441,24
13007,0,0,15,1,1,488
13008,0,0,298,6,36,31
13009,1,118.5,19,1,1,386
13010,0,0,82.5,3,9,611
13011,0,0,87,3,9,68
13012,0,0,89.9,5,25,67
13013,0,0,48,2,4,26
13014,0,0,283,7,49,487
13015,0,0,1083.01,37,1369,301
13016,1,0,29.5,1,1,46
13017,0,0,162.95,3,9,652
13018,0,641.95,367.5,3,9,369
13019,1,0,430,6,36,365
13020,0,0,39,1,1,526
13021,0,0,103,4,16,604
13022,0,0,48,2,4,386
13023,0,0,55,1,1,377
13024,0,0,251.95,8,64,358
13025,0,0,214.7,6,36,485
13026,1,151.8,1243.45,12,144,57
13027,0,0,39.5,1,1,22
13028,0,0,2601.9,41,1681,277
13029,0,0,59,1,1,33
13030,1,0,423,16,256,23
13031,0,0,324.73,13,169,8
13032,0,0,65.5,3,9,496
13033,0,0,129,1,1,24
13034,0,0,173.85,3,9,152
13035,0,22,319,6,36,23
13036,0,0,61.5,3,9,38
13037,0,0,148,4,16,70
13038,1,0,76.9,3,9,381
13039,0,0,216.9,5,25,50
13040,1,0,39,1,1,33
13041,0,0,26.75,2,4,235
13042,0,0,34.95,1,1,219
13043,1,39.95,1002.5,19,361,79
13044,0,29.5,145.5,6,36,29
13045,1,0,61.5,2,4,668
13046,1,0,1695.95,31,961,25
13047,0,0,68,1,1,11
13048,1,0,29,1,1,29
13049,1,0,173,4,16,41
13050,0,0,219.9,5,25,17
13051,1,0,59,2,4,350
13052,0,0,209.85,8,64,185
13053,1,0,147.45,5,25,44
13054,1,0,84.85,3,9,728
13055,0,42.75,193.73,24,576,144
13056,0,0,280.45,6,36,17
13057,0,263.95,123,2,4,424
13058,1,280,1993.95,45,2025,23
13059,1,139,641.45,22,484,5
13060,1,0,286,7,49,27
13061,1,0,416.4,15,225,75
13062,1,0,682.5,14,196,40
13063,0,0,60,2,4,32
13064,0,108.5,353.15,5,25,145
13065,0,0,110.9,3,9,33
13066,1,0,556.5,4,16,422
13067,1,0,196.45,6,36,143
13068,1,0,850,29,841,136
13069,0,0,414,9,81,21
13070,1,0,479.7,10,100,28
13071,1,0,289.55,11,121,298
13072,0,0,142,3,9,236
13073,0,0,163,5,25,264
13074,0,0,28,2,4,537
13075,0,0,56,1,1,491
13076,0,0,94,4,16,167
13077,1,0,492.5,7,49,83
13078,1,0,190,6,36,444
13079,0,0,276.5,5,25,334
13080,1,203.5,1351,25,625,17
13081,1,0,88,1,1,637
13082,0,0,44.5,3,9,486
13083,1,0,60,3,9,163
13084,0,39,31,5,25,363
13085,0,63.5,389.15,21,441,347
13086,0,0,176,4,16,11
13087,1,29,63,2,4,161
13088,0,0,50.95,3,9,530
13089,1,0,45.85,3,9,21
13090,0,0,501.23,8,64,401
13091,1,0,577.5,17,289,155
13092,0,0,28,1,1,524
13093,0,0,24,1,1,20
13094,1,0,142.25,4,16,339
13095,0,0,15,1,1,53
13096,1,0,64,2,4,248
13097,1,0,210,5,25,39
13098,0,0,106,4,16,21
13099,0,0,373,7,49,29
13100,0,0,66.45,2,4,9
13101,1,0,87,3,9,419
13102,0,0,99,2,4,17
13103,0,0,299,5,25,387
13104,0,0,115.5,4,16,401
13105,0,0,135,3,9,25
13106,0,0,97,3,9,22
13107,0,0,36,1,1,678
13108,0,69.5,61.5,2,4,44
13109,0,0,468.85,16,256,27
13110,1,0,132,5,25,46
13111,1,0,39,2,4,151
13112,1,0,44,1,1,391
13113,0,0,39.5,2,4,508
13114,1,276,350,6,36,20
13115,0,0,115,2,4,393
13116,0,103.95,255.55,10,100,385
13117,1,0,416.95,7,49,519
13118,0,0,100,3,9,10
13119,1,0,100,4,16,173
13120,0,0,231,4,16,41
13121,0,0,159.9,6,36,263
13122,0,0,39.5,2,4,407
13123,0,0,24.95,1,1,226
13124,0,0,78,2,4,98
13125,0,0,213.4,7,49,3
13126,0,177.5,69,1,1,25
13127,0,0,348,7,49,289
13128,0,0,79,4,16,149
13129,0,0,26,1,1,644
13130,0,0,39.5,2,4,134
13131,0,0,95.5,3,9,494
13132,1,0,74,2,4,409
13133,0,0,32,2,4,25
13134,1,0,357.5,9,81,406
13135,0,0,199,1,1,718
13136,0,0,49.5,1,1,26
13137,1,282.95,595,14,196,43
13138,1,0,63,2,4,134
13139,0,0,607.2,16,256,176
13140,0,0,122.75,6,36,103
13141,0,0,39,1,1,493
13142,1,69,509.45,8,64,102
13143,0,0,42.5,1,1,600
13144,0,0,39.5,2,4,153
13145,1,0,166,3,9,29
13146,0,0,34,1,1,568
13147,0,0,156,5,25,572
13148,0,0,56,1,1,158
13149,0,0,595.95,16,256,53
13150,0,29.95,139,5,25,138
13151,1,0,170,3,9,21
13152,0,0,63,2,4,389
13153,1,0,97.4,4,16,158
13154,0,0,410.4,16,256,385
13155,0,0,155.85,6,36,367
13156,0,0,187.5,8,64,13
13157,1,0,371,7,49,92
13158,0,0,397,9,81,52
13159,0,99,314.5,8,64,333
13160,1,0,276,4,16,332
13161,0,0,82,5,25,291
13162,0,0,22,1,1,404
13163,0,0,74.45,3,9,215
13164,0,0,83.95,3,9,610
13165,0,0,22.95,1,1,95
13166,0,0,39,1,1,20
13167,0,0,57,2,4,503
13168,0,0,163.5,2,4,60
13169,1,0,224,4,16,52
13170,1,59,206,4,16,281
13171,0,0,79.95,1,1,690
13172,1,0,149,4,16,23
13173,0,0,36,1,1,231
13174,1,0,61,3,9,63
13175,0,0,64.95,2,4,174
13176,1,0,229,1,1,657
13177,0,0,475,8,64,25
13178,0,0,60,2,4,394
13179,0,0,18,1,1,489
13180,0,0,29,1,1,696
13181,0,0,89,5,25,146
13182,1,0,44,1,1,380
13183,0,0,39.5,2,4,136
13184,0,0,61,2,4,139
13185,0,0,45,3,9,14
13186,0,0,98,2,4,162
13187,1,0,39,1,1,222
13188,0,0,56,1,1,156
13189,0,0,39.5,2,4,505
13190,0,22.9,180.85,6,36,185
13191,1,0,328,7,49,379
13192,0,180.45,354,12,144,27
13193,1,0,80,3,9,397
13194,0,0,49,2,4,384
13195,0,0,87,3,9,5
13196,0,0,88,2,4,392
13197,0,0,39.5,2,4,135
13198,0,0,100,2,4,273
13199,0,0,1118.3,29,841,347
13200,0,0,39.5,2,4,142
13201,0,0,58.85,3,9,587
13202,1,0,44,1,1,91
13203,0,0,168.5,4,16,164
13204,1,0,561,9,81,386
13205,0,0,306.5,13,169,50
13206,0,0,187.5,6,36,161
13207,0,0,39.5,1,1,612
13208,1,0,58,2,4,415
13209,0,0,388.8,24,576,2
13210,0,121.45,373.95,14,196,23
13211,0,0,29,2,4,153
13212,0,0,337.5,11,121,4
13213,0,0,41,1,1,26
13214,0,84.9,277.85,18,324,33
13215,0,0,151.5,4,16,24
13216,1,0,996.75,23,529,21
13217,0,0,79,1,1,723
13218,0,0,64,2,4,571
13219,0,0,146.5,4,16,103
13220,0,74,322,9,81,24
13221,1,0,121,4,16,30
13222,0,0,56,1,1,725
13223,0,0,92.7,6,36,109
13224,0,0,49.95,1,1,705
13225,0,0,301,4,16,71
13226,1,0,103,5,25,48
13227,1,0,94,3,9,185
13228,1,0,186.5,8,64,160
13229,1,0,150.5,5,25,11
13230,1,0,275,8,64,44
13231,0,0,39.5,2,4,141
13232,1,0,1983.25,62,3844,30
13233,1,0,721,13,169,20
13234,1,0,159.5,5,25,32
13235,0,0,0,1,1,12
13236,0,0,44.5,2,4,13
13237,0,118,49,1,1,28
13238,0,0,89,1,1,681
13239,1,416,253,5,25,52
13240,0,0,22.5,1,1,403
13241,0,0,101.5,2,4,16
13242,0,0,29,1,1,269
13243,0,0,478,10,100,569
13244,1,1638.4,24,1,1,163
13245,0,0,68,1,1,419
13246,0,0,473,8,64,384
13247,1,164.95,1324.85,35,1225,2
13248,1,0,152.95,3,9,31
13249,0,0,152.5,4,16,23
13250,1,0,220.75,5,25,207
13251,0,0,118,2,4,33
13252,0,0,88,2,4,26
13253,0,0,524,8,64,16
13254,0,45.9,65.5,2,4,21
13255,0,0,59,1,1,9
13256,0,0,59,2,4,517
13257,0,0,59.9,2,4,501
13258,0,0,49.5,3,9,146
13259,0,0,63.8,4,16,586
13260,0,0,36,1,1,465
13261,0,0,104.5,5,25,434
13262,0,0,48,2,4,19
13263,0,0,258,1,1,57
13264,1,0,382.95,9,81,24
13265,1,0,32,1,1,148
13266,1,0,253.5,4,16,107
13267,0,0,169,1,1,14
13268,1,122.95,29,1,1,395
13269,0,0,50,2,4,74
13270,0,0,460,12,144,17
13271,1,0,125,5,25,124
13272,1,0,119.5,4,16,20
13273,0,0,318,2,4,496
13274,0,0,39.5,2,4,493
13275,0,68,29,1,1,57
13276,0,0,39,1,1,126
13277,1,0,1415.45,25,625,12
13278,0,0,245.85,10,100,25
13279,0,0,99,1,1,400
13280,1,19,2166.9,54,2916,163
13281,1,80,413,11,121,75
13282,1,0,354,8,64,151
13283,1,0,29.5,1,1,591
13284,1,0,39,1,1,416
13285,0,0,570.2,10,100,16
13286,1,0,98.5,3,9,390
13287,1,0,320.2,13,169,41
13288,0,0,177,5,25,24
13289,0,0,32.95,1,1,349
13290,1,0,1206.5,19,361,24
13291,1,0,74,1,1,50
13292,0,0,34,1,1,486
13293,0,0,39.95,2,4,5
13294,1,0,39.95,1,1,709
13295,0,0,29.5,1,1,23
13296,0,0,35,1,1,326
13297,0,48.75,275.15,18,324,25
13298,0,0,88.8,4,16,370
13299,0,0,69,1,1,336
13300,1,67,536.45,11,121,30
13301,0,0,153,6,36,31
13302,0,0,44,1,1,392
13303,0,0,79,1,1,412
13304,0,0,242.45,13,169,461
13305,0,0,450.8,10,100,350
13306,0,0,404.8,13,169,347
13307,1,0,166,3,9,18
13308,0,0,12.95,1,1,72
13309,0,0,279.35,15,225,189
13310,0,0,79,1,1,11
13311,0,0,249.5,4,16,24
13312,1,0,248,3,9,380
13313,1,0,170.95,5,25,86
13314,1,0,46,2,4,378
13315,1,0,95,1,1,389
13316,1,90,56,1,1,124
13317,0,0,155,1,1,292
13318,0,0,18,1,1,132
13319,0,0,80.4,4,16,21
13320,0,0,412.95,9,81,388
13321,0,0,64,1,1,73
13322,1,0,272.5,10,100,94
13323,1,24.5,218.5,3,9,90
13324,0,0,152,3,9,98
13325,0,49,299.5,7,49,18
13326,0,0,74.85,3,9,471
13327,1,192.95,821,23,529,14
13328,0,0,1538,41,1681,8
13329,0,0,247,5,25,219
13330,0,0,576,11,121,27
13331,1,0,337.5,10,100,45
13332,0,0,59.95,1,1,183
13333,1,102.45,727.5,22,484,22
13334,0,0,188.95,5,25,155
13335,0,0,149,1,1,61
13336,1,0,351.3,11,121,134
13337,1,139,183.5,3,9,3
13338,1,0,74,1,1,245
13339,0,0,31,1,1,649
13340,0,0,225.7,6,36,718
13341,1,0,62,3,9,91
13342,0,0,24,1,1,627
13343,0,0,195.5,5,25,213
13344,0,0,49.5,1,1,388
13345,1,0,247,4,16,389
13346,0,0,49.95,2,4,4
13347,0,0,89,1,1,157
13348,0,0,39.95,1,1,333
13349,1,0,211.5,6,36,384
13350,1,0,59,1,1,203
13351,0,0,179,4,16,130
13352,1,0,78,1,1,651
13353,0,0,273,6,36,14
13354,1,0,126,5,25,135
13355,0,0,29.5,1,1,26
13356,0,0,238.45,7,49,129
13357,1,58.5,368.25,11,121,12
13358,0,28.5,281,12,144,18
13359,0,440.45,420.9,13,169,250
13360,1,49.9,723.15,17,289,16
13361,1,59,236,4,16,270
13362,0,93.9,818.9,25,625,86
13363,0,0,49,1,1,725
13364,1,0,30,2,4,99
13365,1,0,205.45,10,100,368
13366,1,0,9.95,1,1,387
13367,1,65.9,694,21,441,32
13368,0,55,616.45,19,361,136
13369,1,53.5,200,5,25,3
13370,0,0,421.9,7,49,467
13371,0,0,220,5,25,591
13372,1,0,226.5,6,36,391
13373,0,0,261,4,16,386
13374,0,0,243.45,11,121,20
13375,1,0,215.9,8,64,337
13376,0,0,34.95,1,1,3
13377,0,0,684.45,17,289,5
13378,0,0,477,3,9,506
13379,0,0,49.5,1,1,432
13380,1,0,139,5,25,380
13381,0,0,79,4,16,155
13382,0,29.5,36,1,1,252
13383,0,0,184,5,25,137
13384,0,10,39.9,2,4,706
13385,1,0,83.95,2,4,434
13386,1,49,416.35,11,121,21
13387,0,0,49,1,1,23
13388,0,0,59,2,4,19
13389,0,0,138,2,4,682
13390,0,0,138.85,4,16,640
13391,0,0,48,2,4,387
13392,1,157.4,246.4,9,81,39
13393,0,0,269,4,16,492
13394,1,0,346,9,81,357
13395,0,0,89,1,1,476
13396,1,0,863.4,15,225,14
13397,0,0,50,2,4,127
13398,0,0,34,2,4,385
13399,0,0,159,1,1,368
13400,1,0,273.5,9,81,306
13401,1,0,295.5,3,9,409
13402,0,0,158,4,16,437
13403,0,0,97,2,4,177
13404,0,0,39.5,2,4,476
13405,0,0,148.5,3,9,672
13406,0,0,102.75,9,81,135
13407,0,0,169,1,1,463
13408,0,0,102,3,9,127
13409,0,0,45,1,1,107
13410,0,0,76,2,4,445
13411,0,0,176,3,9,31
13412,1,1328.08,5078.95,108,11664,4
13413,1,0,110,4,16,317
13414,0,0,1300,33,1089,38
13415,0,0,64.85,4,16,727
13416,1,67.5,552.45,17,289,118
13417,0,0,47.5,6,36,500
13418,0,0,67,2,4,637
13419,0,0,135.9,6,36,2
13420,0,0,58,2,4,412
13421,1,0,59,1,1,104
13422,0,29,34,1,1,130
13423,1,0,89.5,5,25,415
13424,0,0,304,11,121,686
13425,0,0,48,2,4,53
13426,0,0,273,6,36,75
13427,0,0,137,4,16,21
13428,0,0,59.95,1,1,603
13429,0,0,44.85,4,16,683
13430,0,0,113.5,2,4,391
13431,0,0,245,5,25,47
13432,0,222,390,9,81,15
13433,0,0,29.5,1,1,23
13434,1,0,49,1,1,49
13435,1,251.2,585.9,25,625,22
13436,1,0,992.95,4,16,524
13437,1,18,717.95,11,121,1
13438,1,149,704.4,24,576,17
13439,1,0,76,2,4,36
13440,0,0,39.5,2,4,524
13441,0,0,78,2,4,391
13442,0,0,18,1,1,487
13443,1,0,124.85,5,25,68
13444,0,0,27.5,2,4,443
13445,1,19,955.75,27,729,109
13446,0,0,24.95,1,1,369
13447,0,0,256.4,7,49,39
13448,0,0,89,1,1,665
13449,0,89.5,70,3,9,253
13450,1,49.9,88.9,4,16,202
13451,0,0,48,2,4,5
13452,0,0,39.5,2,4,175
13453,0,0,110,4,16,419
13454,0,75,87,2,4,8
13455,0,0,161,4,16,21
13456,0,0,67.5,2,4,457
13457,0,23,163,9,81,57
13458,0,0,176.95,7,49,424
13459,0,0,66.95,2,4,544
13460,0,0,109,2,4,386
13461,0,0,37.5,2,4,462
13462,0,39.5,19.95,1,1,324
13463,0,0,93.5,3,9,457
13464,1,0,128.9,6,36,76
13465,1,0,414,11,121,198
13466,0,0,48.95,2,4,377
13467,0,0,550.9,17,289,73
13468,1,0,116,4,16,95
13469,1,0,107,3,9,675
13470,0,0,262.95,9,81,502
13471,0,0,334.3,11,121,5
13472,1,225,39.5,2,4,510
13473,0,104.9,128,4,16,241
13474,1,122.95,43,2,4,424
13475,1,0,280,8,64,454
13476,1,0,128,6,36,139
13477,0,0,49,1,1,435
13478,1,0,739.05,23,529,539
13479,0,0,24.95,1,1,587
13480,1,0,25,1,1,162
13481,0,0,232,7,49,15
13482,0,82.5,266,4,16,12
13483,1,0,98,3,9,68
13484,1,0,115,2,4,454
13485,1,79,110,3,9,727
13486,0,0,68,2,4,626
13487,0,0,149.85,5,25,13
13488,0,0,88,2,4,20
13489,1,0,94.95,5,25,334
13490,0,0,224.75,5,25,613
13491,1,0,2296.3,34,1156,22
13492,0,0,125,1,1,284
13493,0,0,302.5,8,64,19
13494,0,0,205.5,5,25,14
13495,0,0,111,3,9,636
13496,1,0,129,1,1,75
13497,0,0,204,6,36,98
13498,0,0,119,1,1,50
13499,0,0,129,1,1,24
13500,1,44,226.5,6,36,5
13501,0,0,60,2,4,250
13502,0,0,69.9,3,9,697
13503,1,0,94.5,2,4,71
13504,0,0,39.5,1,1,722
13505,0,0,79,2,4,634
13506,0,0,10,1,1,515
13507,0,0,187,6,36,598
13508,0,0,66.9,2,4,403
13509,1,0,198.5,6,36,18
13510,1,0,199,1,1,439
13511,0,29,569.25,19,361,10
13512,1,0,842,22,484,33
13513,1,0,272.75,7,49,216
13514,1,0,361.65,12,144,151
13515,1,0,605.25,19,361,31
13516,1,137.95,1716.2,44,1936,18
13517,0,29,203,4,16,406
13518,0,0,125,2,4,43
13519,0,0,64,2,4,27
13520,0,0,29.5,1,1,448
13521,0,0,12.95,1,1,664
13522,0,191.75,260,7,49,381
13523,0,0,80,4,16,148
13524,1,0,116.85,5,25,248
13525,0,0,176,4,16,42
13526,0,0,63,2,4,22
13527,0,0,149.45,5,25,149
13528,0,0,103.5,3,9,460
13529,1,0,625,14,196,15
13530,1,0,107.95,3,9,5
13531,0,0,43,2,4,418
13532,0,0,99,1,1,64
13533,0,70.9,104.95,4,16,337
13534,1,0,499,1,1,716
13535,0,0,525.5,10,100,448
13536,0,0,187,2,4,421
13537,1,0,95.95,4,16,514
13538,0,0,75,1,1,500
13539,0,0,184,6,36,87
13540,1,34,878.95,34,1156,373
13541,1,0,74,4,16,49
13542,0,0,36,1,1,471
13543,0,29.5,207.45,6,36,173
13544,0,0,68.5,2,4,387
13545,0,0,241.5,14,196,685
13546,0,0,264,9,81,19
13547,1,0,347,2,4,673
13548,0,0,63.5,2,4,413
13549,0,0,79,1,1,88
13550,0,0,177,5,25,392
13551,0,0,69,2,4,90
13552,0,0,129,1,1,169
13553,1,34,624,17,289,68
13554,0,0,73,2,4,392
13555,0,99,87,3,9,115
13556,0,0,304,8,64,254
13557,0,0,135,2,4,316
13558,0,0,118.5,2,4,385
13559,1,0,128,2,4,343
13560,1,150.5,165,2,4,123
13561,0,0,129,3,9,336
13562,0,0,49.5,3,9,515
13563,0,0,148,4,16,90
13564,0,0,50,1,1,55
13565,0,0,83,2,4,15
13566,0,0,268.5,8,64,16
13567,0,24,37,1,1,699
13568,0,0,65,5,25,275
13569,0,0,632.35,37,1369,107
13570,0,0,504,9,81,29
13571,0,0,75,3,9,568
13572,0,0,54,3,9,639
13573,1,0,111,2,4,73
13574,0,0,68,2,4,89
13575,1,54.95,259,5,25,80
13576,1,0,49,1,1,32
13577,1,0,113.74,4,16,196
13578,0,0,109,1,1,373
13579,0,0,35,1,1,429
13580,0,0,119,3,9,387
13581,0,0,88,2,4,715
13582,0,0,44,1,1,385
13583,1,0,215.85,9,81,92
13584,0,0,323,5,25,102
13585,0,0,141.45,7,49,481
13586,0,0,565,15,225,449
13587,1,0,371.85,11,121,15
13588,0,0,29,1,1,24
13589,0,0,85,2,4,21
13590,0,0,94.9,3,9,192
13591,0,0,49.5,3,9,531
13592,0,0,125,4,16,21
13593,1,0,29.95,1,1,550
13594,0,39.5,502,12,144,155
13595,0,0,118,4,16,1
13596,0,0,39,1,1,417
13597,0,19.5,431.5,16,256,29
13598,1,109.5,436,5,25,327
13599,0,0,558.05,14,196,88
13600,1,0,442.45,16,256,320
13601,0,0,364,12,144,88
13602,1,0,485.5,16,256,102
13603,1,0,401,6,36,471
13604,0,0,105,3,9,33
13605,1,105.45,323,29,841,11
13606,1,0,183,6,36,63
13607,0,0,78,2,4,401
13608,0,0,126.65,2,4,50
13609,0,84.9,109,1,1,409
13610,0,0,44.9,2,4,714
13611,0,0,306.7,10,100,31
13612,0,0,192,4,16,166
13613,0,0,67,2,4,402
13614,1,0,596.5,14,196,76
13615,0,0,129,1,1,26
13616,0,0,49,1,1,413
13617,1,0,65,1,1,419
13618,0,0,81.5,2,4,85
13619,0,0,49.5,1,1,706
13620,0,0,51,3,9,416
13621,0,0,99,1,1,470
13622,0,0,143,3,9,39
13623,1,0,141,3,9,41
13624,0,0,170,5,25,51
13625,1,0,38,1,1,389
13626,0,0,26,1,1,451
13627,1,0,146.85,6,36,390
13628,1,0,58,2,4,391
13629,1,0,12.5,1,1,336
13630,0,0,250.2,7,49,184
13631,0,0,490.5,20,400,31
13632,0,0,98,3,9,65
13633,1,0,205.5,6,36,384
13634,1,0,137.95,4,16,13
13635,1,0,59,1,1,392
13636,1,0,332.95,4,16,19
13637,1,0,616,14,196,19
13638,1,0,330,10,100,1
13639,1,0,271.9,7,49,189
13640,0,0,58,2,4,22
13641,0,0,17,1,1,268
13642,1,0,732.25,19,361,166
13643,0,0,416,9,81,41
13644,1,0,211.5,6,36,45
13645,0,0,29.5,1,1,93
13646,0,0,89,1,1,353
13647,0,0,29.5,1,1,23
13648,0,0,45,1,1,505
13649,1,0,26,1,1,514
13650,0,0,61,3,9,586
13651,0,0,91.7,9,81,201
13652,0,0,12.95,1,1,727
13653,0,0,98,2,4,342
13654,1,89,490.4,18,324,12
13655,0,0,99,1,1,38
13656,0,0,93,3,9,22
13657,0,0,190.7,4,16,128
13658,1,0,358,5,25,75
13659,1,0,280.9,4,16,624
13660,1,0,208,6,36,45
13661,1,0,169.5,3,9,31
13662,1,0,112,2,4,382
13663,1,129,95.65,7,49,682
13664,0,0,29,1,1,354
13665,1,0,351.5,9,81,19
13666,1,0,189,1,1,46
13667,1,0,219,6,36,74
13668,1,76.4,59,1,1,189
13669,0,0,236,4,16,391
13670,0,59.45,29.9,2,4,5
13671,0,0,0,1,1,376
13672,1,0,298.8,7,49,282
13673,0,0,76.5,2,4,43
13674,0,0,272.5,5,25,88
13675,0,0,105.45,2,4,347
13676,1,0,119,1,1,39
13677,0,0,146,3,9,21
13678,0,0,223,3,9,408
13679,1,0,28,1,1,32
13680,0,0,39,1,1,720
13681,0,0,103.45,3,9,22
13682,1,58.95,721.9,34,1156,71
13683,0,0,48,1,1,421
13684,0,0,29,1,1,428
13685,0,15,49.5,1,1,717
13686,0,0,138,4,16,445
13687,0,0,194,7,49,19
13688,0,0,97,3,9,28
13689,1,0,276,9,81,287
13690,0,0,29.5,1,1,374
13691,0,0,139.95,5,25,88
13692,0,0,289.45,11,121,26
13693,1,0,122.5,4,16,390
13694,0,0,65,1,1,385
13695,0,0,42,1,1,718
13696,1,0,216.5,6,36,38
13697,1,0,37,2,4,45
13698,0,0,122,3,9,9
13699,0,0,163,2,4,453
13700,1,0,199,1,1,348
13701,1,108.5,29.95,1,1,704
13702,0,34,61.5,2,4,179
13703,0,0,69,4,16,360
13704,0,0,58,2,4,12
13705,0,0,148.5,5,25,24
13706,1,0,405,4,16,391
13707,1,0,188,2,4,661
13708,0,0,54.9,2,4,648
13709,1,0,18,1,1,513
13710,0,0,58,2,4,463
13711,0,0,46.5,2,4,365
13712,1,0,509.5,9,81,20
13713,0,0,106,3,9,15
13714,0,0,63.5,2,4,427
13715,0,0,26,1,1,509
13716,0,0,124,2,4,391
13717,0,29,55,2,4,417
13718,0,84,0,4,16,24
13719,0,87.95,177.5,3,9,102
13720,1,0,74,1,1,683
13721,0,0,0,4,16,380
13722,0,49,328.95,8,64,35
13723,0,0,55,1,1,729
13724,0,0,125,5,25,697
13725,0,0,0,1,1,8
13726,0,0,146,4,16,123
13727,1,0,24,1,1,498
13728,0,0,46,4,16,163
13729,0,0,65.9,2,4,357
13730,0,0,44,1,1,409
13731,0,99.9,250,5,25,88
13732,0,0,138.5,6,36,18
13733,0,19,97.5,3,9,704
13734,1,0,59,1,1,370
13735,0,0,246.95,7,49,119
13736,0,0,150.45,5,25,165
13737,0,0,390,9,81,24
13738,0,0,0,2,4,31
13739,0,0,99.5,6,36,147
13740,0,0,97.9,5,25,707
13741,0,0,87.5,3,9,22
13742,1,0,511,13,169,23
13743,0,0,843,23,529,13
13744,0,0,143.5,3,9,397
13745,0,0,132,4,16,66
13746,0,0,56,1,1,20
13747,1,0,81,4,16,17
13748,0,0,25,1,1,385
13749,1,282.45,309,9,81,19
13750,0,0,0,2,4,390
13751,0,0,59,1,1,579
13752,0,29,299,7,49,125
13753,1,0,255.95,4,16,33
13754,1,0,659,17,289,40
13755,1,128,204.4,7,49,130
13756,0,0,69,1,1,698
13757,0,0,0,2,4,380
13758,0,0,129,1,1,392
13759,0,0,58.5,3,9,264
13760,0,0,201.5,6,36,17
13761,1,0,187,4,16,50
13762,0,0,49.5,3,9,450
13763,0,0,123.4,4,16,461
13764,1,0,294.5,9,81,39
13765,0,0,552.95,11,121,3
13766,0,0,93.95,4,16,531
13767,0,0,147,2,4,388
13768,0,0,79.5,3,9,26
13769,0,0,49.5,1,1,392
13770,1,0,110,3,9,376
13771,0,0,338,7,49,379
13772,0,0,73.5,4,16,10
13773,1,0,39,1,1,646
13774,1,69,367.5,8,64,60
13775,0,0,52,3,9,28
13776,0,0,127.5,4,16,151
13777,1,0,116.8,7,49,53
13778,0,0,195.85,5,25,352
13779,0,0,403,7,49,22
13780,0,0,45,1,1,417
13781,1,0,339,3,9,29
13782,1,0,253.9,6,36,66
13783,0,0,24,1,1,386
13784,0,0,421,8,64,135
13785,1,0,216,3,9,142
13786,0,0,71.5,2,4,14
13787,0,0,39.5,1,1,5
13788,1,0,39,2,4,385
13789,1,0,79,4,16,518
13790,1,0,18,1,1,686
13791,0,0,276,4,16,393
13792,0,0,175,6,36,460
13793,0,0,98,2,4,251
13794,0,0,173.5,8,64,25
13795,0,0,61.9,3,9,529
13796,0,0,44,1,1,21
13797,0,0,29,1,1,565
13798,1,0,106,3,9,590
13799,1,0,485.95,14,196,10
13800,0,0,45,3,9,442
13801,0,0,122,4,16,559
13802,0,0,243.5,3,9,100
13803,1,0,118,3,9,133
13804,0,25,235.95,9,81,27
13805,0,0,56,1,1,498
13806,0,0,24,1,1,271
13807,0,9.9,358.55,11,121,124
13808,0,1646.8,1061,21,441,536
13809,0,18,188,4,16,7
13810,0,0,336,10,100,151
13811,0,0,871.2,26,676,204
13812,0,0,497.85,13,169,68
13813,0,0,330.5,6,36,592
13814,0,0,70,2,4,140
13815,0,0,137.9,5,25,12
13816,0,38,30,1,1,409
13817,0,298,231,4,16,74
13818,0,0,97,3,9,386
13819,0,0,196,5,25,15
13820,1,66.8,173.25,6,36,672
13821,1,0,110.95,4,16,262
13822,1,0,445.8,9,81,88
13823,1,0,99,1,1,383
13824,0,0,235,5,25,376
13825,0,0,161.5,3,9,412
13826,1,243.45,135.5,5,25,48
13827,0,0,89,1,1,479
13828,1,0,302,3,9,415
13829,0,0,311.65,20,400,25
13830,0,0,158.5,4,16,32
13831,0,0,228.5,2,4,21
13832,0,0,50,2,4,624
13833,0,0,79,4,16,524
13834,0,0,145,5,25,14
13835,0,0,117,3,9,19
13836,1,0,50.95,2,4,12
13837,0,0,24,1,1,172
13838,0,0,93,3,9,89
13839,0,0,194,6,36,635
13840,0,0,0,1,1,464
13841,0,0,49.5,3,9,392
13842,0,19.95,165.45,7,49,382
13843,1,0,160.5,3,9,61
13844,1,129,156,3,9,30
13845,1,0,391.9,10,100,19
13846,1,0,29.5,1,1,33
13847,0,0,214.9,5,25,397
13848,0,0,73.95,2,4,99
13849,0,0,34,1,1,295
13850,1,0,191,5,25,26
13851,0,0,195,4,16,221
13852,0,0,141.5,4,16,11
13853,1,0,243.85,5,25,648
13854,0,0,24.95,3,9,14
13855,0,218.95,1007.85,28,784,11
13856,1,109.95,33,2,4,35
13857,0,0,206,4,16,375
13858,1,0,16.95,1,1,704
13859,1,0,444,13,169,39
13860,1,0,120.5,5,25,53
13861,0,0,49,2,4,378
13862,1,0,41.5,3,9,298
13863,1,0,204.2,10,100,14
13864,1,459.45,1128.15,24,576,46
13865,1,0,69,1,1,329
13866,0,0,291,6,36,31
13867,0,0,59,1,1,38
13868,0,0,29.5,1,1,63
13869,0,0,78,2,4,493
13870,0,0,79,1,1,386
13871,0,0,422,11,121,16
13872,1,0,38,2,4,408
13873,1,0,508,4,16,449
13874,0,0,88.45,7,49,95
13875,0,0,51.5,2,4,387
13876,1,0,221,12,144,19
13877,0,0,178.85,5,25,244
13878,1,0,68,2,4,408
13879,1,55,980.35,27,729,13
13880,0,0,202.35,6,36,20
13881,1,0,750.5,11,121,43
13882,0,388.73,582.5,21,441,30
13883,1,217.5,2311.35,30,900,27
13884,0,0,89,1,1,444
13885,0,0,127.5,6,36,23
13886,0,0,193,6,36,631
13887,0,0,39.5,2,4,140
13888,0,0,109,2,4,448
13889,0,0,39,1,1,702
13890,1,0,158,2,4,414
13891,1,0,400,11,121,61
13892,0,0,267,10,100,128
13893,0,0,129.85,4,16,23
13894,0,0,379,8,64,337
13895,1,0,338,2,4,231
13896,1,248.35,1101.55,33,1089,21
13897,1,15,137,3,9,12
13898,0,0,10,1,1,381
13899,1,0,362.5,15,225,15
13900,1,0,387.95,10,100,20
13901,0,0,54.5,2,4,561
13902,1,0,178,3,9,26
13903,1,0,409.95,9,81,251
13904,0,0,139,1,1,412
13905,0,0,59,2,4,16
13906,0,0,78.95,2,4,319
13907,1,0,247.35,7,49,24
13908,0,0,189,1,1,16
13909,0,0,286.5,6,36,13
13910,1,0,220.55,13,169,446
13911,0,0,45,2,4,47
13912,1,0,1142,21,441,367
13913,0,0,120.95,2,4,427
13914,0,0,335,6,36,385
13915,0,0,197,6,36,15
13916,0,0,51.85,3,9,414
13917,0,0,328.95,8,64,109
13918,1,0,44,1,1,21
13919,0,59,151,4,16,26
13920,0,0,29.5,1,1,442
13921,1,0,127,3,9,68
13922,0,0,240.3,6,36,443
13923,0,0,152,5,25,18
13924,1,0,161,4,16,93
13925,0,0,128.5,2,4,420
13926,0,0,29.95,1,1,729
13927,0,0,16.95,1,1,729
13928,1,0,255,5,25,134
13929,0,0,690.85,26,676,400
13930,0,0,238,5,25,418
13931,0,16,278,2,4,441
13932,0,0,195,5,25,703
13933,1,0,195.9,3,9,9
13934,0,0,306.95,4,16,66
13935,0,0,108.95,2,4,727
13936,0,0,26,1,1,727
13937,0,0,0,2,4,523
13938,0,0,290.75,10,100,186
13939,1,0,117,3,9,383
13940,1,0,448.85,15,225,7
13941,0,0,108.5,2,4,10
13942,0,0,60,2,4,328
13943,0,29.5,529.5,14,196,9
13944,0,0,423.2,12,144,52
13945,1,0,174,4,16,620
13946,1,29.5,76,3,9,21
13947,0,0,117,4,16,2
13948,0,0,180,4,16,16
13949,0,0,20,1,1,638
13950,0,0,513.9,9,81,421
13951,1,0,361.95,10,100,22
13952,0,0,256.85,7,49,526
13953,0,0,238,2,4,400
13954,1,16,1378.05,44,1936,4
13955,0,0,60,1,1,601
13956,0,0,80,4,16,382
13957,0,0,205,8,64,567
13958,1,0,49,2,4,198
13959,0,143,780.3,22,484,101
13960,0,0,60,3,9,445
13961,1,37.95,325.45,8,64,47
13962,1,0,513,15,225,11
13963,0,25,44,1,1,56
13964,0,0,171,5,25,25
13965,0,22.95,74,1,1,667
13966,0,68.75,119,1,1,13
13967,0,0,39,1,1,37
13968,0,0,218.5,5,25,11
13969,0,0,227,2,4,411
13970,1,0,285.75,3,9,19
13971,0,58,94,3,9,39
13972,0,80.9,192.95,3,9,1
13973,0,0,255.84,8,64,141
13974,1,39,554.8,18,324,16
13975,1,0,171.8,6,36,190
13976,0,0,106,3,9,408
13977,1,112.5,976.95,27,729,40
13978,0,0,105.95,3,9,38
13979,0,0,33.4,3,9,32
13980,0,0,270.8,8,64,137
13981,0,0,287,3,9,10
13982,0,0,36,1,1,615
13983,1,0,112.5,3,9,12
13984,0,0,305.2,12,144,429
13985,0,0,126.8,5,25,478
13986,0,0,247.5,7,49,17
13987,1,0,233,3,9,22
13988,1,0,793.35,18,324,53
13989,1,0,152,3,9,24
13990,0,0,9.95,1,1,692
13991,1,0,380.2,9,81,13
13992,0,0,410.95,8,64,454
13993,1,0,18,1,1,34
13994,0,0,288,3,9,381
13995,1,0,1961.4,88,7744,230
13996,0,0,213.95,2,4,725
13997,0,0,336.5,6,36,5
13998,0,0,147.85,6,36,724
13999,0,0,84,2,4,723
14000,0,0,84.45,2,4,722
14001,0,0,117.9,4,16,721
14002,0,0,321.45,10,100,381
14003,0,0,81,2,4,51
14004,0,0,159,1,1,719
14005,0,0,140.5,4,16,347
14006,0,0,42,1,1,392
14007,1,0,199,5,25,78
14008,0,0,276.65,9,81,79
14009,0,0,60,1,1,729
14010,0,0,59.5,3,9,495
14011,0,0,89.4,3,9,320
14012,0,0,1198,2,4,716
14013,0,0,258,2,4,711
14014,0,0,44,1,1,717
14015,0,0,129.85,3,9,610
14016,0,0,116,5,25,716
14017,0,0,79,3,9,149
14018,0,0,199,1,1,715
14019,0,0,68,2,4,713
14020,1,0,109.9,4,16,656
14021,0,0,90,1,1,715
14022,0,0,169.85,6,36,71
14023,0,0,109,1,1,712
14024,0,0,154,2,4,635
14025,1,0,198,2,4,716
14026,0,0,107,4,16,21
14027,0,0,173.3,9,81,126
14028,0,0,54.85,4,16,689
14029,0,0,100,4,16,711
14030,0,0,19.95,1,1,710
14031,0,0,60,3,9,156
14032,0,0,79,2,4,696
14033,0,0,216,4,16,498
14034,0,0,24.5,2,4,709
14035,0,0,39.5,1,1,663
14036,0,69,193,4,16,677
14037,0,0,59,1,1,377
14038,0,0,159,1,1,17
14039,1,240.98,396,5,25,66
14040,0,0,24,1,1,385
14041,1,0,88,2,4,370
14042,0,0,474.4,15,225,87
14043,0,0,0,1,1,380
14044,0,0,279,8,64,279
14045,1,0,237,7,49,25
14046,1,0,29,1,1,392
14047,1,0,205.16,31,961,22
14048,1,0,63,2,4,703
14049,1,0,88.95,2,4,198
14050,1,0,351.3,11,121,56
14051,0,0,55,3,9,533
14052,0,0,158.95,8,64,2
14053,0,0,83.5,2,4,162
14054,1,86.9,0,1,1,116
14055,0,15,209,5,25,19
14056,1,0,120,4,16,421
14057,1,0,724,14,196,13
14058,0,0,93.8,4,16,5
14059,1,0,87.5,2,4,37
14060,0,0,16,2,4,468
14061,0,0,26,1,1,704
14062,0,0,86,2,4,704
14063,0,0,199,1,1,704
14064,0,0,25,1,1,703
14065,0,0,24.95,1,1,703
14066,0,0,49,1,1,702
14067,0,0,174.5,4,16,379
14068,0,0,147,3,9,696
14069,0,0,39.5,1,1,701
14070,0,0,129,2,4,403
14071,0,0,60,2,4,700
14072,0,0,234.5,5,25,91
14073,0,0,104,2,4,698
14074,0,34,122.5,3,9,41
14075,0,0,141,6,36,31
14076,0,0,136,3,9,606
14077,1,0,576.55,21,441,76
14078,1,0,44,1,1,713
14079,0,0,84,2,4,267
14080,0,0,88,2,4,691
14081,0,0,10,1,1,727
14082,0,0,109,1,1,715
14083,0,0,227,5,25,81
14084,0,0,28.9,2,4,719
14085,1,0,150,3,9,142
14086,1,0,157.9,6,36,553
14087,1,0,65,1,1,413
14088,0,0,59,1,1,221
14089,0,0,85,2,4,101
14090,0,0,183,5,25,70
14091,0,0,39,1,1,9
14092,0,0,127.5,6,36,20
14093,1,0,139,1,1,516
14094,1,0,118.15,12,144,528
14095,0,0,108.8,4,16,725
14096,1,0,1799.25,40,1600,32
14097,0,0,138,4,16,15
14098,0,0,129,1,1,711
14099,1,0,138,6,36,122
14100,0,0,22,3,9,389
14101,0,0,0,1,1,726
14102,1,0,519,14,196,19
14103,0,0,22,1,1,16
14104,0,0,337.5,8,64,266
14105,0,0,39.5,1,1,27
14106,1,0,473,5,25,343
14107,1,0,171,4,16,416
14108,0,0,59,1,1,723
14109,0,0,16.9,2,4,167
14110,1,0,592.8,17,289,11
14111,1,0,93.95,2,4,708
14112,0,0,177.25,9,81,21
14113,0,120.5,237.7,9,81,64
14114,0,0,429,9,81,387
14115,0,0,36.85,3,9,130
14116,0,0,101.75,4,16,67
14117,1,0,69,1,1,165
14118,0,0,0,1,1,7
14119,1,0,289.5,8,64,12
14120,1,12.95,145.5,4,16,31
14121,0,0,211.45,6,36,130
14122,1,0,213.5,10,100,91
14123,0,0,556.9,14,196,4
14124,0,0,69,2,4,633
14125,0,0,69,1,1,699
14126,1,0,93.45,4,16,214
14127,0,41.95,44,1,1,723
14128,0,0,210,6,36,585
14129,0,0,202,3,9,710
14130,0,0,64,2,4,31
14131,0,0,193,5,25,94
14132,0,0,144,4,16,395
14133,0,0,209.85,3,9,609
14134,0,0,79,2,4,19
14135,0,154,295,7,49,92
14136,1,0,226.5,6,36,392
14137,1,0,128.95,3,9,280
14138,0,0,118.5,4,16,648
14139,0,0,153.9,5,25,48
14140,0,0,56,1,1,422
14141,0,98,666,13,169,447
14142,1,116,269,6,36,38
14143,0,0,89,3,9,32
14144,0,0,9.5,1,1,723
14145,0,0,280.8,8,64,158
14146,1,0,44,1,1,17
14147,1,96.85,307.55,13,169,229
14148,1,26,1384.85,35,1225,38
14149,0,0,101,3,9,394
14150,0,0,181,3,9,655
14151,1,0,116,5,25,584
14152,1,0,242,3,9,385
14153,1,0,656.4,15,225,547
14154,0,0,90,1,1,250
14155,0,0,138.5,2,4,21
14156,1,0,85.85,3,9,348
14157,0,0,209.9,5,25,2
14158,0,0,44.9,2,4,611
14159,0,0,96,2,4,701
14160,0,0,90,2,4,26
14161,1,0,840.25,20,400,11
14162,0,0,304.7,6,36,614
14163,1,59.95,157.25,8,64,4
14164,0,0,128,3,9,23
14165,0,0,194.05,8,64,208
14166,0,0,268,7,49,27
14167,0,0,293,2,4,30
14168,0,0,39.5,2,4,510
14169,0,0,32.9,2,4,717
14170,0,0,69,1,1,709
14171,0,0,56,1,1,711
14172,0,0,87.9,5,25,19
14173,0,0,872.8,27,729,201
14174,1,0,248.25,8,64,158
14175,1,0,136,4,16,443
14176,0,0,63.8,4,16,332
14177,0,0,125,3,9,598
14178,0,0,48,2,4,687
14179,0,0,128,2,4,646
14180,0,0,65,1,1,686
14181,0,0,44,2,4,149
14182,0,0,34,1,1,685
14183,1,0,619.5,6,36,356
14184,0,0,615,3,9,685
14185,1,0,207,8,64,40
14186,0,0,169,3,9,25
14187,1,0,197.8,7,49,83
14188,0,0,306.65,10,100,52
14189,0,0,24.95,1,1,5
14190,0,0,1592.3,61,3721,25
14191,0,0,529.5,11,121,397
14192,0,0,253.5,6,36,68
14193,1,190.95,302.25,8,64,355
14194,0,0,116,2,4,679
14195,0,0,179,1,1,678
14196,0,0,79,2,4,679
14197,0,0,124.9,3,9,323
14198,0,0,207.35,7,49,143
14199,1,0,238,6,36,36
14200,1,0,221,7,49,602
14201,0,0,44,1,1,28
14202,1,0,112.85,3,9,358
14203,0,0,155,5,25,380
14204,1,0,215.5,6,36,83
14205,1,0,243,9,81,684
14206,0,0,29.5,1,1,403
14207,1,29.95,214.5,5,25,132
14208,1,0,118,3,9,94
14209,0,0,60,2,4,380
14210,0,0,59,1,1,414
14211,1,0,885.79,25,625,16
14212,0,0,294,2,4,147
14213,0,0,83.85,5,25,679
14214,0,0,25,2,4,106
14215,1,39.5,957.45,25,625,27
14216,0,0,169.7,8,64,99
14217,1,0,61.5,2,4,41
14218,1,0,112,3,9,665
14219,0,0,132,3,9,674
14220,0,0,19.5,1,1,673
14221,0,0,77.35,6,36,540
14222,0,17,94,3,9,209
14223,0,0,212,10,100,130
14224,0,0,149.9,5,25,5
14225,0,0,44.95,2,4,346
14226,0,0,88,4,16,192
14227,0,0,112.75,6,36,190
14228,1,0,64,2,4,376
14229,0,0,10,2,4,472
14230,0,0,29,1,1,69
14231,0,0,91,2,4,5
14232,1,60,548,16,256,14
14233,0,32.5,80.5,3,9,19
14234,0,0,621,21,441,9
14235,0,0,118.8,5,25,480
14236,0,0,50.5,1,1,616
14237,0,0,502,11,121,45
14238,0,0,139.45,4,16,172
14239,1,0,647.5,12,144,23
14240,0,0,224,4,16,388
14241,0,59.5,121.95,4,16,439
14242,0,0,30,2,4,14
14243,0,0,80,1,1,60
14244,0,0,44.5,3,9,502
14245,1,0,557.45,10,100,13
14246,0,0,276.5,10,100,18
14247,0,0,59,1,1,32
14248,0,0,49.5,1,1,670
14249,0,52,194.5,9,81,22
14250,0,0,0,2,4,15
14251,0,49.5,45,2,4,509
14252,0,0,59,2,4,129
14253,0,0,576.7,17,289,244
14254,0,0,46,1,1,419
14255,0,0,104,2,4,376
14256,0,0,192.4,9,81,533
14257,1,329,607,4,16,275
14258,0,0,69,1,1,44
14259,0,0,24,1,1,14
14260,0,0,211.45,6,36,23
14261,0,0,24,1,1,463
14262,0,0,0,1,1,15
14263,1,0,91,2,4,472
14264,0,15,98.9,4,16,19
14265,0,76.75,89,3,9,316
14266,0,0,30,2,4,31
14267,0,0,138.95,2,4,375
14268,1,0,252,6,36,259
14269,0,0,32,1,1,380
14270,1,0,90.9,5,25,168
14271,0,0,34,1,1,397
14272,1,0,63.5,2,4,71
14273,0,0,42,1,1,352
14274,0,0,150.95,4,16,289
14275,1,0,119,1,1,486
14276,1,343.5,1171.3,50,2500,48
14277,1,0,137.9,4,16,71
14278,1,0,109,4,16,397
14279,0,0,26.95,1,1,686
14280,1,0,48,2,4,389
14281,0,0,0,1,1,413
14282,0,0,39,1,1,278
14283,1,129,899.5,11,121,5
14284,0,0,147.9,4,16,154
14285,0,0,167,6,36,91
14286,0,0,189,1,1,26
14287,0,0,118.5,2,4,403
14288,1,24.95,212.5,6,36,2
14289,0,0,188.4,9,81,20
14290,1,240.85,26,1,1,500
14291,0,0,520.5,14,196,126
14292,0,0,59,1,1,108
14293,1,0,112,3,9,40
14294,0,0,329,6,36,233
14295,0,0,383.45,8,64,544
14296,0,0,49,2,4,696
14297,0,0,77.5,2,4,385
14298,1,0,118.9,6,36,332
14299,0,0,279.45,5,25,12
14300,1,0,48,2,4,412
14301,0,0,44,1,1,465
14302,0,0,151,5,25,19
14303,0,0,79,4,16,143
14304,0,0,161,3,9,388
14305,1,0,107.5,3,9,302
14306,0,0,199,1,1,687
14307,1,0,112,3,9,20
14308,0,0,39.5,2,4,503
14309,0,0,90.5,3,9,388
14310,1,0,49,1,1,20
14311,0,0,311.75,8,64,376
14312,0,0,151.35,7,49,528
14313,0,0,419,3,9,55
14314,0,0,139.95,5,25,648
14315,0,0,390.5,19,361,151
14316,0,0,544.6,19,361,227
14317,0,0,258,1,1,667
14318,0,0,90,3,9,650
14319,0,0,173,5,25,125
14320,1,0,331.5,17,289,384
14321,0,0,110,4,16,407
14322,0,0,59,3,9,654
14323,1,0,851,14,196,25
14324,1,0,146.8,5,25,177
14325,1,0,170,6,36,26
14326,0,0,0,1,1,661
14327,1,89,225,4,16,530
14328,1,0,186.95,5,25,287
14329,0,0,99,4,16,611
14330,0,0,128,1,1,658
14331,0,0,70,2,4,306
14332,0,0,79,2,4,649
14333,0,0,39.5,2,4,393
14334,0,0,68,1,1,382
14335,0,0,27,1,1,662
14336,1,0,220.95,7,49,36
14337,1,0,159,1,1,670
14338,1,0,568.2,19,361,486
14339,0,0,24,1,1,661
14340,1,0,443,9,81,579
14341,1,0,69,1,1,662
14342,0,0,38,1,1,673
14343,0,43.85,45,3,9,26
14344,0,0,49,1,1,655
14345,0,0,50.95,2,4,655
14346,0,0,275.95,5,25,512
14347,1,0,234,3,9,364
14348,0,0,314.5,6,36,61
14349,1,0,59,1,1,46
14350,0,0,44,1,1,652
14351,0,0,311,4,16,511
14352,0,0,117.7,6,36,646
14353,0,0,151.95,4,16,413
14354,0,171,560.95,8,64,390
14355,0,0,69,1,1,400
14356,0,0,440,16,256,25
14357,0,0,16,1,1,657
14358,1,61.5,1759.6,39,1521,179
14359,1,0,220,7,49,43
14360,1,77,235.95,5,25,297
14361,0,0,60,2,4,493
14362,0,0,0,1,1,7
14363,1,0,514,11,121,298
14364,0,0,226,2,4,685
14365,1,0,455,11,121,169
14366,0,0,109,2,4,680
14367,0,0,25,1,1,671
14368,0,0,717.5,15,225,28
14369,1,0,74.95,5,25,50
14370,0,0,338.8,12,144,557
14371,0,0,192.8,6,36,652
14372,1,0,438.05,22,484,32
14373,0,0,118,4,16,19
14374,0,64,143.95,6,36,4
14375,0,0,20,1,1,655
14376,0,0,79,1,1,661
14377,0,0,99.95,2,4,675
14378,0,0,674,12,144,390
14379,0,0,39,1,1,8
14380,0,0,469.8,11,121,647
14381,0,0,825.75,18,324,578
14382,1,0,1223,20,400,268
14383,0,0,91,2,4,646
14384,0,0,268,4,16,642
14385,1,0,182.95,7,49,135
14386,0,0,132,4,16,8
14387,1,363,388,5,25,385
14388,1,50,638,19,361,136
14389,0,0,253.95,4,16,636
14390,1,71,352,8,64,11
14391,1,0,251.35,6,36,419
14392,0,0,76,1,1,638
14393,0,0,49,1,1,636
14394,0,0,143.5,4,16,30
14395,0,0,44.95,1,1,635
14396,0,0,12,1,1,633
14397,0,0,95.95,2,4,632
14398,0,0,146,3,9,245
14399,0,0,39.5,2,4,493
14400,0,0,286,7,49,107
14401,0,0,281,6,36,76
14402,0,0,0,1,1,553
14403,0,0,332.1,13,169,116
14404,0,0,30,1,1,628
14405,0,0,30,2,4,48
14406,0,0,0,1,1,385
14407,0,0,678.45,19,361,17
14408,0,0,94,3,9,572
14409,0,0,83.95,2,4,10
14410,0,0,89,1,1,61
14411,0,52.85,316,7,49,152
14412,0,0,668.7,17,289,519
14413,0,0,97.8,4,16,700
14414,0,0,289.45,5,25,113
14415,0,0,58,2,4,279
14416,1,0,413.9,19,361,111
14417,0,0,83.7,6,36,510
14418,1,62.45,154,3,9,261
14419,1,96,114,3,9,63
14420,0,239,29,1,1,472
14421,0,0,314,4,16,403
14422,0,0,403,11,121,280
14423,1,0,54,1,1,385
14424,1,241.95,438.6,14,196,11
14425,0,0,68.85,5,25,144
14426,1,0,351,11,121,83
14427,1,0,282,7,49,50
14428,0,29,205,3,9,517
14429,1,0,160,3,9,392
14430,0,0,12.5,1,1,623
14431,0,0,1023.85,23,529,290
14432,1,0,36,2,4,83
14433,0,65,252.5,4,16,104
14434,0,104.45,287.8,11,121,54
14435,0,0,209,5,25,621
14436,1,0,411.35,15,225,114
14437,0,0,15,1,1,156
14438,1,0,179,1,1,657
14439,0,0,239.5,7,49,417
14440,0,0,195.5,5,25,392
14441,0,0,289,7,49,23
14442,1,350.5,3232.95,61,3721,29
14443,1,28,262.9,7,49,151
14444,1,69.9,106,2,4,264
14445,1,64,187.45,5,25,621
14446,0,0,275,5,25,619
14447,0,46,288.5,7,49,16
14448,0,0,125.85,5,25,618
14449,1,0,96,2,4,403
14450,0,0,404,12,144,235
14451,1,0,219.5,7,49,50
14452,0,0,132,3,9,323
14453,1,0,725.8,25,625,15
14454,0,0,94.85,3,9,241
14455,0,0,68,2,4,29
14456,0,0,119,1,1,659
14457,1,0,74.95,2,4,54
14458,0,0,188,3,9,627
14459,0,0,159.95,5,25,29
14460,0,0,165,2,4,337
14461,1,0,39.95,1,1,537
14462,0,19.5,95,4,16,258
14463,0,0,44,1,1,21
14464,0,0,253.9,6,36,324
14465,0,0,150.95,5,25,440
14466,1,0,77,3,9,57
14467,0,0,946,7,49,210
14468,0,0,162.5,5,25,15
14469,0,0,49,1,1,91
14470,1,0,19,1,1,660
14471,0,0,366,4,16,26
14472,0,49.5,596.35,14,196,29
14473,1,0,152,9,81,15
14474,0,0,133.9,5,25,220
14475,1,0,107.95,3,9,218
14476,0,0,165,11,121,15
14477,1,0,118,2,4,336
14478,1,0,155,4,16,657
14479,1,0,174.9,5,25,5
14480,0,0,0,1,1,615
14481,0,0,68,2,4,562
14482,0,0,44,1,1,390
14483,1,0,84.2,7,49,75
14484,1,0,128.5,6,36,135
14485,0,0,148,2,4,14
14486,0,0,71.45,4,16,494
14487,0,0,39,1,1,417
14488,0,0,615.3,19,361,72
14489,1,0,529.17,26,676,11
14490,0,0,64,2,4,27
14491,1,110,1820,24,576,37
14492,0,0,68,2,4,625
14493,0,0,18,1,1,472
14494,1,0,299.5,6,36,382
14495,1,0,44,1,1,58
14496,0,0,50,2,4,636
14497,0,0,119,1,1,12
14498,0,0,173,3,9,335
14499,1,0,19.95,1,1,627
14500,0,0,98,2,4,589
14501,1,0,99,3,9,118
14502,0,0,88,2,4,26
14503,1,0,253.6,9,81,151
14504,0,0,39,1,1,32
14505,1,0,44,1,1,449
14506,1,0,292.9,7,49,445
14507,1,28.95,800.5,19,361,22
14508,1,0,573.75,14,196,445
14509,0,0,32,1,1,650
14510,0,178,99,1,1,726
14511,0,0,58,2,4,413
14512,0,320.95,392,11,121,4
14513,0,0,370.9,8,64,466
14514,1,0,68.5,2,4,46
14515,0,0,23,1,1,28
14516,1,0,620.45,13,169,15
14517,1,0,473,9,81,36
14518,0,0,328.25,13,169,478
14519,1,152.95,965.7,31,961,17
14520,0,0,110,4,16,28
14521,0,0,896.8,38,1444,539
14522,1,0,274.7,6,36,596
14523,1,0,50,1,1,397
14524,0,0,226.95,8,64,9
14525,1,0,74.5,3,9,521
14526,1,0,281,4,16,90
14527,1,0,167.95,6,36,601
14528,0,0,150.85,6,36,56
14529,0,0,55,2,4,384
14530,1,0,879.95,22,484,2
14531,1,0,301,7,49,21
14532,0,111,129,1,1,13
14533,1,0,385,9,81,32
14534,0,0,0,1,1,527
14535,0,0,107.95,5,25,566
14536,0,0,37,2,4,181
14537,0,0,241.5,8,64,23
14538,0,0,186,5,25,348
14539,1,0,139,2,4,390
14540,0,0,70.95,3,9,159
14541,1,0,847,2,4,218
14542,0,0,39,2,4,26
14543,0,0,1032.95,26,676,22
14544,1,0,131.7,7,49,573
14545,0,0,53.15,3,9,542
14546,1,100.3,1221.34,30,900,63
14547,0,0,138.75,5,25,114
14548,1,24.5,177,4,16,141
14549,0,0,95,3,9,380
14550,0,0,71,2,4,644
14551,0,44,143,3,9,376
14552,0,0,88.5,5,25,649
14553,0,0,178.9,4,16,631
14554,0,0,77.9,4,16,160
14555,0,0,111,4,16,1
14556,0,29.5,53.95,2,4,4
14557,0,0,668.45,22,484,40
14558,0,0,114,5,25,650
14559,0,0,53.5,2,4,613
14560,0,90.5,382.95,12,144,29
14561,0,0,29.95,1,1,588
14562,0,0,89,1,1,609
14563,0,0,90,1,1,607
14564,0,0,59,1,1,607
14565,0,0,374,5,25,25
14566,0,0,0,1,1,21
14567,1,0,44.95,1,1,184
14568,0,36,42.5,1,1,665
14569,1,0,399,1,1,626
14570,1,0,42,1,1,442
14571,0,0,132,2,4,604
14572,0,0,139.9,2,4,2
14573,0,0,29,1,1,94
14574,0,0,345,10,100,621
14575,1,0,59,2,4,28
14576,0,0,60,1,1,146
14577,0,0,206,7,49,25
14578,0,0,169,4,16,385
14579,0,0,69,1,1,616
14580,1,0,269.95,5,25,32
14581,0,0,87,2,4,601
14582,0,0,255.95,9,81,414
14583,0,0,278.95,4,16,177
14584,0,0,32,1,1,468
14585,0,0,41.5,3,9,12
14586,0,0,91.95,3,9,130
14587,1,0,276.9,9,81,16
14588,1,0,187,5,25,608
14589,1,0,124.8,4,16,616
14590,0,0,49,1,1,607
14591,0,0,195,6,36,603
14592,0,92,280.15,9,81,597
14593,0,0,132.95,6,36,24
14594,1,0,78,2,4,241
14595,0,0,143.85,6,36,331
14596,0,0,0,1,1,329
14597,0,0,10.95,1,1,558
14598,0,0,105,5,25,498
14599,0,0,26,1,1,598
14600,0,0,27.5,1,1,597
14601,0,0,93,3,9,380
14602,0,0,90,3,9,595
14603,0,0,59,2,4,22
14604,0,0,171,5,25,589
14605,0,0,153,3,9,358
14606,0,0,69,1,1,588
14607,0,0,34,1,1,587
14608,0,0,34,1,1,571
14609,0,95,351.45,8,64,12
14610,0,0,30.9,2,4,586
14611,0,179.95,137,4,16,461
14612,0,0,29.95,1,1,581
14613,0,0,0,1,1,580
14614,0,0,212.5,5,25,397
14615,0,0,55,1,1,577
14616,0,0,132,3,9,386
14617,0,0,701.85,15,225,8
14618,0,0,55.5,2,4,575
14619,0,0,90,2,4,573
14620,0,0,113.95,3,9,570
14621,0,0,84.9,3,9,570
14622,0,0,29.5,1,1,20
14623,1,450.45,1290,31,961,41
14624,0,0,68,2,4,567
14625,0,0,59,1,1,566
14626,1,108,477.5,12,144,1
14627,0,0,337.95,8,64,293
14628,0,0,378,2,4,562
14629,0,0,179.75,7,49,28
14630,0,51.25,32,1,1,561
14631,0,0,49,1,1,561
14632,0,91,30,1,1,561
14633,0,0,154,7,49,125
14634,1,0,124.5,6,36,264
14635,0,0,39,1,1,560
14636,0,0,107,3,9,165
14637,0,0,89,1,1,556
14638,0,49,67,3,9,18
14639,0,0,0,1,1,555
14640,0,0,69.9,2,4,554
14641,1,0,69,1,1,149
14642,0,0,56,1,1,552
14643,0,0,251.35,8,64,395
14644,0,0,16.95,1,1,433
14645,0,0,371,7,49,22
14646,0,0,185.5,5,25,28
14647,0,0,92,2,4,439
14648,1,118,281,6,36,61
14649,1,0,197,5,25,36
14650,1,153,2650,58,3364,122
14651,1,0,589.5,20,400,20
14652,1,52,602.99,7,49,219
14653,1,0,3568.5,28,784,389
14654,0,0,75.75,4,16,193
14655,1,0,304,13,169,16
14656,1,0,274,5,25,610
14657,1,0,50,2,4,41
14658,1,0,29,1,1,417
14659,0,0,125.95,4,16,29
14660,0,0,138.45,5,25,15
14661,1,0,159,8,64,217
14662,0,0,74,1,1,597
14663,1,0,129,1,1,211
14664,1,0,124,3,9,51
14665,0,468,556.95,15,225,46
14666,1,29.5,148.4,4,16,553
14667,1,0,46,2,4,383
14668,0,0,0,2,4,16
14669,1,0,444.95,12,144,129
14670,1,0,112.6,5,25,69
14671,0,0,39.5,2,4,128
14672,1,0,24.5,1,1,293
14673,1,0,107.5,5,25,11
14674,0,0,64.85,3,9,188
14675,0,0,69.9,2,4,725
14676,1,0,342.25,11,121,10
14677,1,0,279.45,8,64,18
14678,0,0,89.85,2,4,549
14679,1,73,143.5,4,16,43
14680,1,0,219,6,36,16
14681,0,0,367.55,12,144,670
14682,1,0,118,2,4,46
14683,1,0,21.5,1,1,43
14684,1,0,204.35,15,225,5
14685,0,0,626.45,14,196,13
14686,0,0,394.75,12,144,179
14687,0,0,49.9,2,4,553
14688,1,0,155.5,7,49,154
14689,0,0,48.85,3,9,3
14690,0,0,191.95,2,4,221
14691,1,0,162,3,9,63
14692,1,0,122.95,3,9,330
14693,0,0,101,5,25,156
14694,1,0,778,24,576,128
14695,0,0,49.9,3,9,88
14696,0,0,114,4,16,41
14697,0,150,1064.55,37,1369,12
14698,1,0,60,1,1,540
14699,1,0,69,2,4,381
14700,0,24.95,38,1,1,30
14701,1,0,178,2,4,497
14702,1,0,39,1,1,147
14703,0,0,219,6,36,215
14704,0,0,50,2,4,238
14705,1,137.5,813.2,22,484,23
14706,1,0,266.15,14,196,78
14707,0,0,353,5,25,80
14708,1,0,153,4,16,29
14709,1,51,102.7,9,81,11
14710,0,0,42,3,9,31
14711,0,0,896.8,30,900,83
14712,1,0,70,3,9,11
14713,1,0,163.5,4,16,388
14714,0,0,226,8,64,18
14715,0,0,26,1,1,518
14716,1,0,548.95,11,121,36
14717,1,0,68.95,2,4,202
14718,1,0,1067.6,59,3481,31
14719,0,0,405,6,36,25
14720,0,0,49,1,1,568
14721,0,0,44,1,1,662
14722,1,0,299.45,10,100,103
14723,0,0,128,2,4,614
14724,1,0,715.25,18,324,276
14725,0,0,91.5,4,16,62
14726,1,0,156,3,9,349
14727,0,0,109.95,2,4,704
14728,1,0,300.5,6,36,9
14729,0,0,74.85,3,9,168
14730,0,49,49,1,1,56
14731,0,0,32,1,1,13
14732,0,0,185,2,4,627
14733,0,0,15,1,1,147
14734,1,0,733,16,256,49
14735,1,0,56,1,1,667
14736,0,0,49.95,1,1,684
14737,0,0,202,3,9,632
14738,1,0,30,1,1,717
14739,0,0,99,3,9,118
14740,1,0,148,2,4,340
14741,0,0,156,3,9,541
14742,1,0,211.8,6,36,29
14743,0,0,118.95,5,25,222
14744,1,0,279.9,9,81,150
14745,0,0,134.9,2,4,538
14746,1,0,89,1,1,415
14747,0,0,24,1,1,202
14748,1,0,766.5,14,196,59
14749,0,0,840,8,64,294
14750,1,0,174,4,16,396
14751,0,0,29.5,1,1,28
14752,0,0,303,5,25,557
14753,1,0,205.5,6,36,19
14754,1,0,88.85,3,9,728
14755,0,0,91.5,2,4,38
14756,0,0,473.3,12,144,466
14757,0,107.95,1265.7,31,961,15
14758,0,0,29,1,1,548
14759,1,49,300.9,8,64,466
14760,1,0,311,5,25,31
14761,0,0,79.85,3,9,194
14762,0,0,0,1,1,17
14763,1,0,54,1,1,48
14764,1,104,878,10,100,25
14765,0,0,30,1,1,613
14766,1,0,433.5,15,225,377
14767,1,103,119,2,4,376
14768,0,0,293.75,9,81,18
14769,0,0,79,1,1,23
14770,0,0,0,1,1,7
14771,0,0,302,10,100,19
14772,1,0,349,9,81,32
14773,0,0,533.75,15,225,53
14774,0,0,242.5,8,64,62
14775,0,112,25,1,1,697
14776,0,0,24,1,1,35
14777,1,134,192.85,7,49,210
14778,0,0,353,6,36,433
14779,0,0,98,2,4,540
14780,1,0,159.5,3,9,39
14781,1,0,229,4,16,29
14782,0,0,68,2,4,47
14783,0,0,133.85,4,16,189
14784,1,29.95,593.45,16,256,17
14785,1,0,637,3,9,383
14786,0,0,327,4,16,426
14787,1,0,69,1,1,114
14788,0,0,59.95,1,1,167
14789,1,0,377,12,144,21
14790,1,99,472.35,11,121,21
14791,1,0,122.5,3,9,41
14792,1,0,79,2,4,712
14793,1,0,121.95,4,16,581
14794,0,0,117,3,9,26
14795,1,0,39.9,2,4,704
14796,1,0,37,1,1,384
14797,0,0,35,5,25,236
14798,1,0,334.45,9,81,13
14799,1,0,1012,6,36,421
14800,1,0,59,3,9,74
14801,0,0,64,1,1,18
14802,1,0,103.45,3,9,30
14803,1,0,158,4,16,28
14804,0,0,551.8,13,169,25
14805,1,45,258.5,9,81,193
14806,1,0,290.5,6,36,20
14807,0,0,79,4,16,524
14808,1,154,525.95,17,289,17
14809,1,0,282.5,11,121,227
14810,1,0,219.45,6,36,566
14811,1,55,260,6,36,89
14812,0,0,38,2,4,597
14813,0,0,282.35,8,64,574
14814,0,0,247.5,4,16,215
14815,0,0,331,9,81,424
14816,1,192,938,22,484,68
14817,0,0,596,8,64,26
14818,0,0,395.5,7,49,386
14819,0,0,59,1,1,22
14820,0,0,24.95,1,1,561
14821,0,0,59,2,4,421
14822,0,0,38,1,1,581
14823,1,0,109,1,1,143
14824,0,0,69,1,1,139
14825,0,0,159,1,1,561
14826,0,0,36.95,2,4,525
14827,0,0,54,3,9,305
14828,0,0,39,1,1,14
14829,1,0,151.75,2,4,376
14830,0,0,39.5,2,4,542
14831,1,0,162.85,5,25,323
14832,0,0,699.95,26,676,269
14833,1,0,155,5,25,396
14834,0,69,250.9,11,121,215
14835,1,0,237.45,9,81,2
14836,1,0,350,6,36,38
14837,0,0,70,3,9,12
14838,0,0,76,3,9,571
14839,0,0,14.95,1,1,368
14840,1,0,226,3,9,159
14841,1,0,209,7,49,35
14842,0,0,589.5,18,324,218
14843,0,0,352.8,12,144,154
14844,1,68,426.4,11,121,47
14845,0,0,38,3,9,414
14846,1,55,286.9,11,121,24
14847,0,0,180.5,6,36,525
14848,0,0,137.95,5,25,27
14849,0,0,84.9,4,16,521
14850,0,0,89,1,1,391
14851,0,0,179,1,1,590
14852,0,0,79,1,1,11
14853,0,53.5,164,4,16,163
14854,0,0,65,1,1,709
14855,1,0,775,18,324,16
14856,1,98.5,1151.75,30,900,77
14857,1,0,38.25,2,4,127
14858,0,0,127,3,9,309
14859,1,827.9,1716.34,53,2809,8
14860,1,0,64,2,4,570
14861,1,29.5,398,11,121,302
14862,0,0,98,2,4,456
14863,0,0,178.85,4,16,466
14864,0,0,110.5,4,16,575
14865,0,0,60,3,9,26
14866,0,0,129,1,1,428
14867,0,0,88,2,4,686
14868,1,0,560.5,12,144,23
14869,1,0,342,11,121,30
14870,1,0,39.5,1,1,646
14871,0,0,26,1,1,512
14872,0,0,280.5,9,81,381
14873,0,0,38,1,1,19
14874,1,0,186.95,4,16,98
14875,0,0,244,6,36,636
14876,0,0,475.65,15,225,404
14877,1,152.4,994.6,25,625,199
14878,1,0,1371.65,40,1600,5
14879,0,64.95,298.5,2,4,417
14880,0,0,266,7,49,97
14881,0,0,49.5,1,1,33
14882,1,0,173.85,6,36,547
14883,0,0,123.8,7,49,483
14884,1,0,74,2,4,362
14885,0,0,217.5,6,36,171
14886,0,0,60.9,4,16,683
14887,1,53,415,11,121,29
14888,0,0,67.5,2,4,22
14889,0,0,68.5,2,4,8
14890,0,0,173,5,25,383
14891,0,0,5,1,1,137
14892,0,135,277,14,196,11
14893,0,0,159,1,1,631
14894,0,0,252.95,8,64,73
14895,0,0,1458.1,65,4225,209
14896,0,78,178,9,81,144
14897,0,0,313.5,8,64,16
14898,0,0,255.95,7,49,20
14899,1,0,353.85,5,25,76
14900,0,0,88,2,4,14
14901,1,0,63,2,4,58
14902,0,0,41.5,1,1,554
14903,0,75,160,7,49,678
14904,1,0,285.2,16,256,88
14905,0,0,88,2,4,560
14906,0,0,40.95,2,4,74
14907,1,0,283,10,100,54
14908,1,42.5,407.35,21,441,82
14909,0,0,39.5,2,4,536
14910,0,0,608.5,15,225,160
14911,0,0,55,3,9,527
14912,0,0,20,1,1,535
14913,0,0,39.5,2,4,534
14914,0,0,140,4,16,420
14915,0,0,99,5,25,520
14916,0,0,35,1,1,532
14917,0,0,158,1,1,531
14918,0,48.75,176,4,16,389
14919,0,0,144.95,7,49,81
14920,0,0,117.5,3,9,418
14921,1,80,288,3,9,441
14922,1,0,275,5,25,33
14923,0,0,125,3,9,445
14924,0,0,55,1,1,288
14925,0,0,56.4,3,9,551
14926,1,0,65,2,4,235
14927,0,0,46,3,9,136
14928,0,0,49,1,1,505
14929,0,0,30,2,4,527
14930,1,0,211,8,64,124
14931,0,0,19.9,2,4,526
14932,0,0,36,1,1,414
14933,0,87,174,7,49,176
14934,1,377,527.45,20,400,64
14935,0,0,39,1,1,526
14936,0,0,39.5,2,4,525
14937,0,0,79,4,16,394
14938,0,0,184,5,25,16
14939,0,0,88.5,3,9,498
14940,0,0,26,1,1,523
14941,0,0,39.5,2,4,523
14942,0,0,89.85,3,9,512
14943,0,0,114,2,4,530
14944,1,0,262,3,9,41
14945,0,0,44,2,4,511
14946,1,0,129.8,7,49,215
14947,0,0,59.9,2,4,356
14948,0,0,524.5,13,169,281
14949,1,0,129,5,25,347
14950,0,0,89,1,1,375
14951,0,0,56,1,1,522
14952,0,0,208,2,4,465
14953,0,0,39.5,2,4,521
14954,0,0,107,3,9,503
14955,0,0,69,1,1,520
14956,0,0,566,6,36,78
14957,0,0,105,3,9,380
14958,0,0,70,2,4,519
14959,0,0,276,5,25,245
14960,0,0,284.5,10,100,21
14961,0,0,49.5,1,1,9
14962,0,0,126,3,9,134
14963,0,0,114.5,2,4,90
14964,0,0,213.5,9,81,51
14965,0,0,50.85,2,4,517
14966,0,0,39.5,2,4,517
14967,1,0,188,6,36,510
14968,0,0,98,2,4,516
14969,0,0,79,4,16,516
14970,0,0,39.5,2,4,516
14971,0,0,29,1,1,516
14972,0,0,80,3,9,516
14973,0,0,49,1,1,516
14974,1,0,29,1,1,160
14975,1,0,223,6,36,20
14976,1,0,81.95,3,9,47
14977,0,0,30,1,1,514
14978,0,0,92.5,4,16,514
14979,0,0,35,1,1,500
14980,0,0,51,2,4,168
14981,0,0,37,1,1,513
14982,0,0,71,4,16,166
14983,1,203,644,21,441,15
14984,0,0,0,1,1,512
14985,0,0,24.5,1,1,224
14986,0,0,105,3,9,370
14987,0,0,25,1,1,511
14988,0,0,36,2,4,509
14989,0,0,90,2,4,509
14990,0,0,39.5,2,4,509
14991,1,0,35,1,1,513
14992,1,0,159,2,4,414
14993,1,0,96.85,4,16,658
14994,0,0,123.5,4,16,519
14995,0,0,45.95,2,4,501
14996,0,0,39.5,2,4,516
14997,1,0,182,5,25,103
14998,0,0,28,1,1,525
14999,0,0,165.95,6,36,236
15000,0,0,651,28,784,43
15001,0,0,200.45,7,49,119
15002,0,0,135.45,4,16,51
15003,1,0,185.25,7,49,85
15004,1,0,50,2,4,8
15005,0,116.5,78,3,9,68
15006,0,0,39.5,2,4,514
15007,0,0,49.5,1,1,390
15008,0,0,128,3,9,378
15009,0,0,16.95,1,1,53
15010,1,0,39,1,1,536
15011,1,0,138,1,1,629
15012,0,0,44,1,1,387
15013,0,0,65,2,4,223
15014,0,0,179.5,5,25,23
15015,1,0,129,1,1,528
15016,0,0,59,1,1,332
15017,0,0,154.5,5,25,487
15018,0,0,306.4,9,81,177
15019,0,0,39.5,2,4,507
15020,0,0,182.95,6,36,227
15021,0,0,91,2,4,506
15022,0,0,79,4,16,506
15023,0,0,59,2,4,18
15024,0,73,758.5,23,529,1
15025,0,0,93.95,2,4,505
15026,0,0,26,1,1,505
15027,0,0,108,2,4,498
15028,0,0,177.5,4,16,80
15029,0,0,26,1,1,504
15030,0,0,66,2,4,504
15031,0,0,152,5,25,130
15032,0,0,1305.2,33,1089,25
15033,0,0,39.5,2,4,502
15034,1,49.5,91.95,5,25,437
15035,0,0,321.5,6,36,104
15036,0,0,177,3,9,502
15037,0,0,320.5,10,100,78
15038,0,0,39.5,2,4,502
15039,0,0,164,2,4,426
15040,1,0,49,1,1,515
15041,1,0,229,6,36,279
15042,0,0,76.5,4,16,517
15043,1,0,596.45,18,324,13
15044,0,0,59,1,1,33
15045,0,0,184.45,4,16,514
15046,0,0,29.5,1,1,28
15047,0,0,79.5,3,9,513
15048,0,0,103,2,4,369
15049,0,0,201,5,25,491
15050,0,129,185.9,5,25,31
15051,1,0,217.5,5,25,89
15052,0,228,1497.9,24,576,59
15053,0,0,70,2,4,511
15054,0,0,92.25,7,49,8
15055,0,0,39.5,2,4,529
15056,0,0,185,6,36,28
15057,0,0,415.5,12,144,313
15058,1,0,89.5,4,16,147
15059,1,0,88,2,4,395
15060,1,99,113,5,25,109
15061,0,0,105,4,16,29
15062,1,53.85,172,2,4,52
15063,0,0,25,1,1,681
15064,0,0,149,3,9,386
15065,1,204,208.5,4,16,42
15066,0,0,130,3,9,422
15067,0,0,44,1,1,715
15068,0,0,133.5,2,4,29
15069,1,0,1241.8,29,841,18
15070,0,0,741,13,169,549
15071,1,0,79,4,16,133
15072,0,18,138.75,6,36,511
15073,0,0,76.4,3,9,722
15074,0,0,39.5,2,4,134
15075,0,0,39.5,2,4,518
15076,0,0,39,1,1,529
15077,0,0,36,1,1,518
15078,0,0,35,1,1,710
15079,0,0,24.95,1,1,545
15080,0,49,515.35,15,225,362
15081,0,0,171,4,16,31
15082,0,0,108,2,4,56
15083,0,0,35,1,1,501
15084,0,0,214.5,7,49,385
15085,0,0,183,3,9,162
15086,0,0,48,2,4,392
15087,1,29.5,187,6,36,103
15088,0,0,39.5,2,4,539
15089,0,0,19,1,1,15
15090,0,0,115.85,3,9,710
15091,0,0,39.5,2,4,520
15092,1,59.9,2170.85,49,2401,25
15093,0,0,81.5,3,9,512
15094,0,99.45,39.5,2,4,507
15095,1,0,275.5,9,81,82
15096,1,0,29,1,1,713
15097,0,0,307.75,9,81,397
15098,0,0,213,3,9,156
15099,0,89.5,249.2,10,100,33
15100,0,0,144.8,4,16,501
15101,0,0,72,4,16,501
15102,0,0,31,2,4,495
15103,0,0,39.5,2,4,500
15104,0,0,39.5,2,4,500
15105,0,0,79,4,16,500
15106,0,0,276,2,4,440
15107,0,0,39.5,2,4,499
15108,0,0,49,1,1,499
15109,0,0,283.35,14,196,129
15110,0,0,35,1,1,498
15111,0,0,361,8,64,57
15112,0,0,64,2,4,469
15113,0,0,79,4,16,498
15114,0,0,74.5,2,4,22
15115,0,0,148,3,9,388
15116,0,0,39.5,2,4,497
15117,1,41,389.9,12,144,32
15118,0,0,400,13,169,129
15119,0,0,192,6,36,39
15120,0,0,39.5,2,4,495
15121,0,0,121,3,9,339
15122,0,0,39.5,2,4,495
15123,1,0,486,11,121,328
15124,0,0,39.5,2,4,519
15125,1,0,1096.8,30,900,9
15126,0,0,49.5,1,1,503
15127,1,0,54,1,1,558
15128,0,0,285,5,25,456
15129,0,0,102,3,9,58
15130,1,0,39.5,1,1,659
15131,0,0,0,1,1,498
15132,0,0,52,2,4,500
15133,0,0,105,3,9,526
15134,0,0,70,3,9,509
15135,0,0,424,9,81,14
15136,1,45,127,2,4,33
15137,0,0,72,3,9,522
15138,0,0,89,1,1,527
15139,0,0,104,2,4,73
15140,0,0,242.95,8,64,12
15141,1,0,1087,2,4,499
15142,1,0,228.5,6,36,19
15143,1,0,242.55,11,121,405
15144,1,0,44,1,1,388
15145,1,0,247,7,49,85
15146,0,0,69.5,3,9,494
15147,0,0,198,3,9,484
15148,0,0,39.5,2,4,493
15149,0,0,188.9,11,121,404
15150,0,0,75,1,1,492
15151,0,0,39.5,2,4,492
15152,0,0,199,1,1,492
15153,0,0,20,2,4,491
15154,0,0,0,2,4,488
15155,0,0,39.5,2,4,491
15156,0,0,39.5,2,4,490
15157,0,0,59,1,1,489
15158,0,0,39.5,2,4,488
15159,0,0,29,1,1,513
15160,0,0,247,3,9,22
15161,0,0,108.5,3,9,505
15162,1,0,104.8,6,36,578
15163,0,0,39.5,2,4,493
15164,1,0,19.95,1,1,550
15165,0,0,173.9,6,36,12
15166,1,0,478.95,12,144,3
15167,0,0,297.9,9,81,85
15168,1,79.75,1343.45,50,2500,151
15169,0,0,524.95,20,400,565
15170,0,75,601,9,81,15
15171,0,0,209,5,25,499
15172,0,0,383.95,11,121,16
15173,0,0,79,4,16,505
15174,0,0,105,3,9,350
15175,0,0,90,3,9,29
15176,0,0,97,5,25,14
15177,1,70,1540.95,35,1225,4
15178,1,51,331.85,10,100,94
15179,0,0,69.45,4,16,142
15180,0,61,69,1,1,155
15181,0,0,39.5,1,1,502
15182,0,0,78.5,3,9,500
15183,0,88,1126.9,30,900,298
15184,1,0,104,2,4,33
15185,0,0,49.5,7,49,20
15186,1,0,49,1,1,117
15187,0,149.4,165,6,36,39
15188,1,0,508.4,15,225,25
15189,0,0,114.5,3,9,504
15190,1,38.95,194.8,6,36,210
15191,0,0,128,4,16,148
15192,0,0,125,1,1,709
15193,1,0,99,1,1,189
15194,0,0,37,1,1,705
15195,0,0,400,8,64,32
15196,1,104.5,511.35,17,289,32
15197,0,0,29.95,1,1,549
15198,0,58.9,18,1,1,506
15199,1,0,143,3,9,9
15200,0,29,333.75,9,81,14
15201,0,0,39.5,2,4,505
15202,0,0,49,2,4,15
15203,0,0,69,1,1,499
15204,0,0,64.9,2,4,674
15205,0,0,79,4,16,498
15206,1,0,69,1,1,84
15207,0,0,29.5,1,1,385
15208,0,0,46,1,1,502
15209,0,0,39,1,1,151
15210,1,0,283.5,7,49,407
15211,0,0,29,2,4,494
15212,1,193.85,900,43,1849,20
15213,0,0,59,2,4,16
15214,0,0,39,1,1,441
15215,0,0,456.95,14,196,102
15216,0,0,39.5,2,4,396
15217,0,0,48,2,4,487
15218,0,0,49,1,1,487
15219,0,0,127.95,6,36,30
15220,1,0,45,1,1,89
15221,1,0,114,3,9,57
15222,0,0,90,4,16,483
15223,1,110.95,799.95,11,121,100
15224,0,0,499,2,4,37
15225,0,0,166,3,9,27
15226,0,0,412,5,25,483
15227,0,0,45,1,1,482
15228,1,0,130,3,9,393
15229,0,0,213,3,9,481
15230,0,0,99.5,1,1,481
15231,0,0,41.95,2,4,481
15232,0,0,138,2,4,394
15233,1,0,602.5,16,256,333
15234,1,0,446,10,100,491
15235,0,0,18,1,1,479
15236,0,0,39.5,2,4,478
15237,0,64,144.5,3,9,24
15238,0,0,36,1,1,478
15239,0,0,708.6,14,196,258
15240,0,0,435,5,25,477
15241,0,0,205,4,16,377
15242,0,0,93,2,4,420
15243,0,0,175,5,25,71
15244,1,0,249.5,6,36,379
15245,1,130.9,323.84,8,64,8
15246,1,0,444.5,12,144,25
15247,1,165.5,158.45,5,25,358
15248,0,0,79.95,1,1,487
15249,1,0,136.8,5,25,188
15250,1,0,1359.55,43,1849,47
15251,1,0,436.5,8,64,161
15252,0,0,94,4,16,95
15253,0,0,39.5,2,4,489
15254,1,0,227.95,8,64,33
15255,0,0,121,5,25,515
15256,0,0,173,5,25,59
15257,0,0,119,1,1,695
15258,0,0,88.5,3,9,477
15259,0,0,240,5,25,484
15260,0,0,251,5,25,388
15261,1,121.5,1168.8,13,169,28
15262,0,0,229.95,8,64,431
15263,0,0,293,6,36,494
15264,0,39.95,41.9,3,9,37
15265,0,0,109,1,1,354
15266,0,0,91,2,4,470
15267,1,42,149.5,7,49,69
15268,0,0,26,1,1,470
15269,0,0,432,3,9,370
15270,0,0,194.5,7,49,98
15271,0,0,59.5,4,16,469
15272,1,0,103,4,16,75
15273,0,0,39.5,2,4,469
15274,0,0,325,8,64,412
15275,0,0,159.5,5,25,449
15276,0,0,338,5,25,145
15277,0,0,76,2,4,469
15278,0,0,119.9,2,4,468
15279,0,0,29,1,1,468
15280,0,34,72,2,4,468
15281,1,0,179.5,2,4,391
15282,1,0,189,1,1,20
15283,1,212.5,179.35,5,25,45
15284,0,0,358,12,144,124
15285,0,0,130.95,3,9,105
15286,1,49,325.45,10,100,35
15287,0,0,29,1,1,119
15288,0,0,62.9,4,16,627
15289,0,0,29,1,1,435
15290,0,0,76.5,5,25,385
15291,0,243.95,875,23,529,88
15292,0,0,75,1,1,465
15293,1,0,638.9,12,144,350
15294,1,0,348,10,100,414
15295,0,0,37,1,1,463
15296,0,0,132,4,16,64
15297,1,0,558.5,18,324,140
15298,1,0,242,3,9,36
15299,0,17,188,4,16,51
15300,0,0,59,2,4,462
15301,0,0,59,1,1,462
15302,0,0,69,1,1,462
15303,0,0,126.5,4,16,431
15304,0,0,274,7,49,465
15305,1,184.9,368.5,7,49,160
15306,0,0,282,8,64,462
15307,0,0,79,4,16,421
15308,0,0,88.5,2,4,351
15309,0,0,20,1,1,460
15310,0,0,56,1,1,460
15311,0,0,213.9,6,36,305
15312,0,0,164,4,16,466
15313,1,0,439.15,20,400,69
15314,1,64.5,187.3,7,49,16
15315,0,0,68,2,4,487
15316,0,0,178,5,25,76
15317,1,0,144,3,9,495
15318,0,0,353,6,36,380
15319,0,0,69,1,1,113
15320,1,0,252.35,8,64,592
15321,1,185.75,2762.8,58,3364,21
15322,0,0,158,2,4,205
15323,0,0,143,4,16,141
15324,1,0,156,5,25,375
15325,0,36.5,187.95,7,49,53
15326,0,0,213,8,64,425
15327,0,0,56,2,4,466
15328,0,0,36.85,4,16,439
15329,1,0,59,1,1,15
15330,1,59,719.95,13,169,23
15331,1,0,161,6,36,50
15332,1,0,317,3,9,471
15333,0,0,58.45,4,16,129
15334,0,0,60,2,4,9
15335,1,0,550,20,400,157
15336,0,0,69,1,1,490
15337,0,49.5,279.85,8,64,86
15338,1,36,100,4,16,387
15339,0,0,113.5,2,4,26
15340,1,0,84,2,4,217
15341,1,0,472.95,11,121,143
15342,1,0,29,1,1,76
15343,0,0,35,1,1,424
15344,0,147,28,2,4,485
15345,0,0,111,3,9,224
15346,1,0,27.5,1,1,545
15347,1,0,534,12,144,61
15348,1,0,350.85,16,256,485
15349,0,0,203,6,36,29
15350,1,0,80,2,4,450
15351,0,0,112.4,4,16,20
15352,0,0,69.95,2,4,395
15353,1,0,647.5,28,784,56
15354,1,0,131.5,3,9,571
15355,1,0,253.9,8,64,29
15356,1,0,144,3,9,349
15357,0,0,59.8,4,16,141
15358,1,0,231.5,5,25,403
15359,0,0,280.9,5,25,20
15360,1,0,628.5,16,256,81
15361,1,75.35,297.5,10,100,12
15362,0,0,368,8,64,18
15363,1,0,687.4,19,361,17
15364,0,0,56.9,2,4,465
15365,0,0,59,1,1,477
15366,1,0,255,6,36,24
15367,1,0,0,1,1,572
15368,0,147,110,2,4,13
15369,0,69,78,2,4,54
15370,0,0,14,1,1,470
15371,0,0,439,9,81,11
15372,1,0,225.85,8,64,18
15373,1,0,70,2,4,621
15374,1,40.5,330.65,13,169,105
15375,1,0,664.2,20,400,26
15376,0,0,50,2,4,152
15377,1,166,1479.95,46,2116,80
15378,1,0,169,4,16,31
15379,0,0,29,1,1,23
15380,0,0,118,6,36,150
15381,0,0,54,2,4,700
15382,0,0,380.45,12,144,18
15383,0,0,117,3,9,23
15384,0,0,36,1,1,474
15385,0,15,266,5,25,23
15386,0,0,174,3,9,201
15387,0,0,296,7,49,84
15388,1,0,287.45,10,100,372
15389,1,0,117.65,4,16,83
15390,0,0,58.95,2,4,252
15391,1,0,88,3,9,140
15392,0,86.4,692.45,22,484,71
15393,0,0,93.95,4,16,364
15394,1,0,96,3,9,40
15395,0,0,280.85,11,121,132
15396,0,0,44,1,1,457
15397,0,0,56,1,1,457
15398,1,0,69,1,1,337
15399,0,0,49.5,1,1,456
15400,0,0,44,1,1,456
15401,0,0,68,2,4,456
15402,0,0,99,1,1,455
15403,1,0,424,8,64,379
15404,0,0,72,3,9,455
15405,0,0,368,12,144,391
15406,0,0,188.5,7,49,28
15407,0,0,88,3,9,454
15408,0,0,88,2,4,454
15409,0,0,50,2,4,454
15410,0,0,880,20,400,42
15411,0,0,14.5,2,4,456
15412,0,0,147,4,16,290
15413,0,0,45,3,9,476
15414,0,0,64,1,1,455
15415,0,0,44,1,1,455
15416,1,0,314,9,81,48
15417,0,0,192.5,4,16,326
15418,1,0,471,5,25,130
15419,0,0,54,1,1,452
15420,0,0,832.5,24,576,300
15421,1,0,172,4,16,390
15422,0,0,403.5,12,144,48
15423,0,0,102,3,9,450
15424,0,0,140,4,16,450
15425,0,0,24,1,1,48
15426,0,0,295.9,8,64,22
15427,0,0,566.05,25,625,10
15428,0,0,138,2,4,447
15429,0,0,39,1,1,448
15430,1,0,222.5,7,49,19
15431,0,0,39.5,2,4,448
15432,0,0,39,1,1,447
15433,0,0,114,4,16,447
15434,0,0,50,1,1,266
15435,0,0,38,2,4,446
15436,0,0,49,1,1,449
15437,0,0,71,2,4,446
15438,1,0,55.85,3,9,34
15439,1,0,138,2,4,504
15440,0,0,152,5,25,161
15441,0,0,31,1,1,465
15442,0,0,99,1,1,695
15443,1,0,193.95,8,64,358
15444,0,0,69,1,1,467
15445,1,0,244.65,3,9,461
15446,1,0,114,2,4,439
15447,1,0,212,5,25,406
15448,1,0,224.5,5,25,334
15449,1,0,63,2,4,129
15450,0,0,0,1,1,449
15451,0,0,60,2,4,448
15452,0,0,349.95,10,100,29
15453,0,0,127.95,3,9,367
15454,0,0,148,5,25,149
15455,0,0,149,1,1,465
15456,0,0,206,4,16,466
15457,1,24,800.5,17,289,99
15458,0,79,1170.85,23,529,7
15459,0,49,82,2,4,20
15460,1,0,94.5,2,4,20
15461,0,0,264.5,6,36,202
15462,1,19,69,2,4,373
15463,0,0,197.5,3,9,31
15464,1,0,693,22,484,396
15465,0,0,119,1,1,445
15466,0,0,152.95,2,4,206
15467,0,0,109,1,1,444
15468,1,0,63.5,4,16,109
15469,0,128,189,1,1,443
15470,0,0,55,2,4,443
15471,0,0,79,4,16,443
15472,0,0,25,1,1,366
15473,0,0,30,1,1,442
15474,0,0,0,1,1,442
15475,0,59,296.95,6,36,441
15476,0,0,271,5,25,89
15477,0,0,29.95,1,1,441
15478,0,0,65,1,1,440
15479,0,0,42,1,1,440
15480,0,0,73,2,4,25
15481,0,0,68,3,9,433
15482,0,0,188,2,4,32
15483,1,0,112,3,9,80
15484,0,0,25,1,1,724
15485,0,0,676,4,16,463
15486,0,0,208.5,6,36,17
15487,1,0,30,1,1,554
15488,1,0,272,8,64,42
15489,0,0,29.95,1,1,626
15490,1,0,102.45,4,16,334
15491,0,0,91,2,4,442
15492,1,0,162,4,16,64
15493,1,187,22.5,1,1,90
15494,0,0,44,1,1,685
15495,0,29.5,166.5,5,25,133
15496,0,0,197,5,25,573
15497,1,0,24.95,1,1,537
15498,0,0,56.45,2,4,406
15499,1,29,177.75,7,49,300
15500,1,0,165,4,16,129
15501,0,0,223.5,6,36,74
15502,0,0,366,11,121,13
15503,0,91.5,316.5,4,16,24
15504,0,0,108,3,9,14
15505,0,0,420,6,36,447
15506,0,0,35,1,1,336
15507,1,0,38,1,1,435
15508,1,0,1194.8,31,961,41
15509,0,82,973.9,31,961,30
15510,0,0,220,5,25,476
15511,0,0,64.5,3,9,146
15512,0,0,83.5,3,9,57
15513,0,0,340,8,64,31
15514,1,0,181.5,4,16,61
15515,0,0,79,1,1,453
15516,0,0,187,3,9,449
15517,1,0,211.65,10,100,24
15518,0,0,29,1,1,459
15519,1,0,184.95,3,9,304
15520,0,0,24,1,1,17
15521,1,0,280,7,49,8
15522,0,0,0,1,1,563
15523,1,0,704,17,289,57
15524,1,0,42.5,2,4,317
15525,0,0,52,2,4,606
15526,1,0,355,9,81,434
15527,0,78.5,103,4,16,27
15528,1,0,78.95,3,9,115
15529,0,0,133,3,9,252
15530,0,0,557.95,10,100,275
15531,0,0,157,3,9,450
15532,1,0,49.9,2,4,189
15533,0,92.9,54,1,1,30
15534,1,0,59,2,4,47
15535,1,0,98,2,4,43
15536,0,0,57.9,3,9,455
15537,0,0,824,17,289,87
15538,1,0,78,4,16,233
15539,1,0,318,9,81,20
15540,1,0,14,1,1,430
15541,0,0,336,5,25,31
15542,0,0,231,8,64,459
15543,0,0,55,1,1,454
15544,0,0,48,3,9,455
15545,1,0,1211.1,41,1681,87
15546,1,0,118,1,1,323
15547,1,0,830.75,10,100,11
15548,0,39.5,26.9,2,4,691
15549,0,0,89,1,1,482
15550,0,0,89,1,1,469
15551,0,0,144.95,2,4,343
15552,1,0,1057.4,25,625,32
15553,1,0,58,2,4,114
15554,1,59,289.95,13,169,2
15555,0,0,39.5,1,1,719
15556,1,0,49,1,1,322
15557,0,0,35,2,4,145
15558,1,54.95,584.45,26,676,35
15559,0,0,174,2,4,102
15560,0,0,122,4,16,615
15561,0,0,398,2,4,392
15562,0,0,89,1,1,500
15563,1,167,141.5,3,9,32
15564,0,0,49,1,1,216
15565,0,0,38,1,1,21
15566,0,0,78.5,2,4,340
15567,0,0,68,2,4,332
15568,1,0,216,5,25,44
15569,1,0,609.95,15,225,22
15570,1,0,83.95,2,4,145
15571,1,0,48.5,2,4,43
15572,1,44.9,303.5,7,49,385
15573,0,0,80,4,16,418
15574,1,0,29,1,1,384
15575,0,0,48,2,4,392
15576,0,0,168,3,9,27
15577,1,0,56,2,4,377
15578,1,0,555,5,25,138
15579,1,49,498,8,64,10
15580,1,0,207,2,4,443
15581,0,0,323,8,64,16
15582,1,0,99,1,1,87
15583,1,0,325.95,5,25,11
15584,0,0,223.9,4,16,440
15585,1,152.3,179,5,25,148
15586,1,19.95,133.95,2,4,454
15587,0,0,313,9,81,17
15588,0,0,59,1,1,386
15589,0,0,119.5,2,4,447
15590,0,29,308.95,6,36,304
15591,0,0,147,3,9,40
15592,0,0,99,1,1,438
15593,0,0,130,1,1,438
15594,0,0,204,2,4,55
15595,0,0,64,1,1,437
15596,0,0,39,1,1,437
15597,0,0,0,1,1,375
15598,0,0,58,2,4,436
15599,0,0,54,1,1,436
15600,0,0,574,18,324,27
15601,1,0,227,3,9,170
15602,1,119,744.7,21,441,149
15603,0,0,58,2,4,435
15604,0,0,39,1,1,435
15605,0,58,39,1,1,435
15606,0,0,236,6,36,300
15607,0,0,179.85,2,4,234
15608,0,0,78,2,4,434
15609,0,0,55,1,1,433
15610,0,0,88,2,4,433
15611,0,0,44,1,1,412
15612,0,0,72.5,4,16,143
15613,0,0,147,3,9,432
15614,0,0,79,1,1,432
15615,0,0,228.5,4,16,426
15616,0,0,181.5,5,25,432
15617,0,0,42,2,4,381
15618,1,79,361,6,36,407
15619,0,868.6,5673.09,163,26569,2
15620,0,0,65,1,1,716
15621,0,0,263,9,81,20
15622,1,0,39,1,1,37
15623,0,12.95,716.3,31,961,188
15624,0,0,19,1,1,388
15625,0,0,49.5,1,1,431
15626,0,230.75,979,18,324,397
15627,0,0,49.5,1,1,429
15628,0,0,72,2,4,429
15629,1,0,119,4,16,98
15630,0,0,228,2,4,408
15631,0,0,129,1,1,429
15632,0,0,45,1,1,415
15633,0,0,91.5,4,16,19
15634,0,0,39,1,1,426
15635,0,0,22,1,1,385
15636,0,0,108.5,4,16,88
15637,0,0,149,1,1,425
15638,0,0,206,3,9,425
15639,0,0,129,2,4,425
15640,0,0,83,2,4,425
15641,0,0,316.5,12,144,25
15642,1,125,2741.75,64,4096,15
15643,0,0,304,11,121,18
15644,1,0,208,5,25,21
15645,1,0,36,2,4,537
15646,1,0,250.5,7,49,1
15647,0,0,59,1,1,108
15648,1,0,39,1,1,651
15649,0,0,346,6,36,118
15650,0,0,91,4,16,63
15651,1,236,216.95,4,16,164
15652,0,0,279.5,7,49,435
15653,0,0,156,4,16,434
15654,1,0,303.4,9,81,20
15655,0,0,59,2,4,131
15656,0,0,29,1,1,428
15657,0,0,69,1,1,76
15658,0,0,66,2,4,593
15659,0,0,61,2,4,355
15660,1,0,108.5,2,4,386
15661,0,0,366,11,121,30
15662,0,0,215,6,36,418
15663,0,0,472.45,13,169,81
15664,0,0,257,7,49,153
15665,0,0,90,2,4,424
15666,0,46.45,275.5,5,25,23
15667,1,36,439.9,18,324,47
15668,0,0,198,2,4,424
15669,0,0,73,2,4,389
15670,0,0,18,1,1,422
15671,0,0,141,3,9,29
15672,0,0,74,3,9,344
15673,0,0,88,3,9,29
15674,0,0,241,7,49,256
15675,0,0,49,1,1,422
15676,1,0,443.25,11,121,15
15677,0,0,19.95,1,1,421
15678,1,218,134,3,9,36
15679,1,0,433,8,64,23
15680,0,0,326.5,8,64,32
15681,0,0,29,1,1,421
15682,0,0,37,1,1,421
15683,0,0,125,4,16,50
15684,0,0,438,3,9,27
15685,0,0,69,1,1,420
15686,0,0,374,3,9,435
15687,0,15,107,2,4,39
15688,0,0,39,1,1,22
15689,0,0,113.95,3,9,19
15690,0,128.5,58,2,4,74
15691,1,297,122,3,9,125
15692,1,256,49.5,3,9,144
15693,0,0,307,3,9,403
15694,0,0,485.95,7,49,231
15695,0,0,244,2,4,393
15696,0,0,89,1,1,418
15697,0,0,78,1,1,332
15698,1,0,48.5,2,4,235
15699,0,0,264,8,64,67
15700,0,0,30,1,1,418
15701,0,0,190,6,36,48
15702,1,0,249,6,36,23
15703,0,0,159,1,1,418
15704,1,0,19,1,1,391
15705,1,0,39,1,1,380
15706,0,58,153,2,4,28
15707,1,0,136.9,4,16,669
15708,1,15.7,986.3,44,1936,71
15709,0,0,121,3,9,143
15710,0,49,212,5,25,681
15711,0,0,59,1,1,383
15712,0,0,119,1,1,424
15713,1,73.95,121.95,2,4,427
15714,0,0,307,9,81,58
15715,0,39.95,360.95,8,64,19
15716,1,121.75,961.2,27,729,528
15717,0,0,58,1,1,722
15718,0,0,255.5,6,36,139
15719,1,0,355.56,13,169,50
15720,0,0,409.5,10,100,50
15721,0,0,138.95,5,25,384
15722,1,0,114,3,9,372
15723,0,0,300,7,49,389
15724,0,0,44,1,1,474
15725,1,0,988.64,39,1521,8
15726,1,0,212,3,9,282
15727,0,0,384,10,100,121
15728,0,0,85,2,4,423
15729,0,0,39.5,1,1,300
15730,0,0,38.45,2,4,439
15731,1,0,286.9,10,100,58
15732,0,0,99,3,9,448
15733,0,0,76,3,9,17
15734,0,0,44,1,1,435
15735,0,0,319,6,36,437
15736,0,0,118,4,16,19
15737,0,0,106,4,16,387
15738,1,0,252.9,4,16,106
15739,0,0,163,2,4,402
15740,0,0,96.25,4,16,342
15741,1,0,604.5,11,121,61
15742,0,0,179,1,1,389
15743,1,0,716,12,144,54
15744,1,0,137,4,16,13
15745,0,44,221,5,25,44
15746,1,0,59,2,4,36
15747,1,0,183.9,5,25,349
15748,1,0,105.5,4,16,87
15749,1,55,3155.2,63,3969,30
15750,0,0,65,1,1,647
15751,0,0,137.95,4,16,415
15752,0,594.45,1486,24,576,39
15753,0,0,122.5,4,16,490
15754,1,0,188,4,16,48
15755,0,20,277.7,16,256,4
15756,1,0,629.5,15,225,23
15757,0,0,330.5,7,49,46
15758,0,0,116,3,9,422
15759,0,0,65,1,1,669
15760,0,0,119,1,1,241
15761,0,0,162,3,9,427
15762,1,107,135,4,16,392
15763,1,0,231,6,36,100
15764,0,0,45,2,4,417
15765,0,0,29,1,1,417
15766,0,0,281.45,9,81,39
15767,0,0,311.5,6,36,215
15768,0,0,265.5,3,9,417
15769,0,0,198,4,16,249
15770,0,0,293.15,5,25,291
15771,0,0,74,1,1,415
15772,0,0,88,3,9,30
15773,0,0,70.95,3,9,389
15774,0,0,59,2,4,415
15775,0,0,59,1,1,414
15776,0,173,180,2,4,414
15777,0,0,59,1,1,414
15778,0,0,159,5,25,23
15779,0,0,80,4,16,414
15780,0,0,58,2,4,414
15781,0,0,197,5,25,414
15782,0,0,79,4,16,138
15783,1,0,438.95,13,169,30
15784,0,0,71,3,9,413
15785,0,0,46,2,4,413
15786,0,0,58,2,4,90
15787,0,0,111,4,16,412
15788,1,51,356.5,7,49,94
15789,0,0,79,3,9,216
15790,0,0,26,1,1,411
15791,0,0,105,4,16,411
15792,0,0,271,3,9,386
15793,0,0,69,1,1,411
15794,0,0,46,1,1,411
15795,0,0,115,2,4,411
15796,0,128,34.95,1,1,492
15797,0,0,104,3,9,370
15798,0,0,29.95,1,1,525
15799,0,0,39,1,1,422
15800,1,0,89.85,3,9,681
15801,1,59,216.5,5,25,21
15802,1,0,444.7,11,121,35
15803,0,0,65,2,4,434
15804,1,0,16,1,1,418
15805,1,44,166.95,2,4,329
15806,0,0,128,3,9,307
15807,0,0,217,3,9,243
15808,0,0,63,2,4,410
15809,0,0,125,3,9,381
15810,0,0,134,2,4,212
15811,0,0,159,1,1,409
15812,0,0,125,1,1,409
15813,0,0,117,3,9,409
15814,0,0,117.5,4,16,392
15815,0,0,59,1,1,408
15816,0,0,59,1,1,408
15817,0,0,69.95,1,1,368
15818,0,0,39.5,2,4,408
15819,0,0,235,1,1,408
15820,0,0,69,1,1,408
15821,0,0,258,2,4,408
15822,0,0,49.5,1,1,408
15823,1,0,264.45,8,64,50
15824,0,0,25,1,1,407
15825,1,0,231.9,7,49,30
15826,0,0,51,1,1,407
15827,0,0,252,8,64,63
15828,0,0,19.5,1,1,407
15829,0,0,99,3,9,396
15830,0,0,59,1,1,406
15831,1,0,157,2,4,390
15832,0,0,293,4,16,406
15833,0,0,118.5,2,4,405
15834,0,0,138,2,4,405
15835,0,0,89,1,1,405
15836,1,0,493.5,15,225,11
15837,0,0,163,5,25,405
15838,0,0,59,1,1,405
15839,0,0,59,1,1,405
15840,0,0,44,1,1,486
15841,0,0,44,1,1,404
15842,0,0,78,2,4,278
15843,0,94,904,22,484,14
15844,1,0,500.4,16,256,234
15845,0,0,167.5,3,9,399
15846,0,0,369.9,14,196,24
15847,0,0,0,1,1,31
15848,0,0,30,1,1,416
15849,0,0,29,1,1,20
15850,0,0,2231.8,58,3364,51
15851,0,0,44,1,1,413
15852,0,0,225,1,1,410
15853,0,0,245,5,25,342
15854,0,0,49.5,1,1,382
15855,0,0,383,7,49,11
15856,1,0,185,3,9,302
15857,1,0,735.95,27,729,73
15858,0,0,93,2,4,411
15859,1,0,398.5,8,64,22
15860,0,44.95,331,5,25,15
15861,0,0,280,5,25,417
15862,0,0,55,1,1,412
15863,0,59.5,1964.1,56,3136,16
15864,0,0,156,4,16,107
15865,0,0,167,3,9,331
15866,1,0,149,3,9,66
15867,0,0,332,5,25,408
15868,0,0,69,1,1,416
15869,1,0,1894.9,40,1600,18
15870,1,0,487.4,8,64,86
15871,1,0,959.5,15,225,21
15872,0,0,324,8,64,62
15873,1,0,288.85,9,81,72
15874,0,0,42,1,1,423
15875,1,0,283,7,49,28
15876,1,0,133,5,25,385
15877,0,0,109,1,1,420
15878,0,0,113.5,3,9,401
15879,0,0,59,1,1,421
15880,0,0,300.45,9,81,199
15881,1,0,418,6,36,32
15882,1,29,491.85,13,169,36
15883,0,0,39.5,2,4,134
15884,0,0,28,1,1,126
15885,0,0,180,5,25,139
15886,0,0,68,1,1,413
15887,0,0,49,1,1,407
15888,0,0,49,1,1,650
15889,1,0,1270.7,36,1296,89
15890,0,0,471.15,15,225,584
15891,0,0,821,14,196,124
15892,0,82.45,204,2,4,89
15893,0,0,257,4,16,31
15894,0,0,49,2,4,594
15895,1,25.95,197,5,25,386
15896,1,0,494,6,36,358
15897,0,0,349,6,36,231
15898,0,95,152,6,36,89
15899,0,0,112,3,9,53
15900,0,0,287,3,9,432
15901,0,0,0,1,1,563
15902,0,0,81,4,16,483
15903,1,235.95,256,8,64,116
15904,1,0,163.85,9,81,5
15905,1,0,39.5,2,4,498
15906,1,0,593.95,14,196,24
15907,0,0,49,2,4,11
15908,1,0,484.5,12,144,16
15909,0,0,99,2,4,415
15910,0,0,39.9,2,4,410
15911,0,140,172,3,9,421
15912,0,0,691.9,19,361,13
15913,1,0,37,1,1,470
15914,0,0,169,2,4,425
15915,0,0,325,6,36,411
15916,0,0,326.5,6,36,3
15917,0,0,386,9,81,416
15918,1,169.95,4597.3,157,24649,25
15919,0,0,431,9,81,243
15920,1,0,205.95,7,49,49
15921,1,0,88,2,4,397
15922,0,103,236,4,16,354
15923,0,0,84,2,4,22
15924,0,0,580,11,121,142
15925,0,0,49,2,4,29
15926,0,0,118,2,4,370
15927,1,0,442.95,8,64,214
15928,0,0,75.5,2,4,25
15929,0,0,164,5,25,383
15930,1,0,229,9,81,19
15931,0,0,155,5,25,424
15932,0,0,99,1,1,412
15933,0,0,158,2,4,419
15934,0,0,149,3,9,419
15935,0,0,49,1,1,61
15936,1,0,81,2,4,127
15937,0,0,89,3,9,475
15938,0,0,75.95,2,4,358
15939,0,0,195,2,4,23
15940,0,0,145,3,9,395
15941,1,0,248,3,9,79
15942,1,0,95,3,9,410
15943,0,0,54,3,9,412
15944,0,0,89,1,1,98
15945,0,0,58,2,4,26
15946,0,0,326.9,8,64,9
15947,1,98,328.5,8,64,43
15948,0,0,44,1,1,409
15949,1,0,1844,33,1089,28
15950,1,0,359,10,100,360
15951,1,191.95,1378.85,12,144,28
15952,0,0,199,1,1,418
15953,1,0,26,1,1,386
15954,1,0,45,1,1,414
15955,0,0,305,9,81,20
15956,0,58,44,1,1,419
15957,0,0,22.45,5,25,17
15958,0,0,422,9,81,386
15959,0,0,328.9,8,64,381
15960,0,0,19,1,1,402
15961,0,0,24,1,1,403
15962,0,0,102,3,9,46
15963,0,0,29,1,1,402
15964,0,0,24,1,1,401
15965,0,0,39.5,2,4,401
15966,0,0,119,2,4,384
15967,0,0,79,1,1,401
15968,0,147,428,5,25,24
15969,0,0,58,2,4,401
15970,0,0,96.5,3,9,24
15971,0,0,103.5,3,9,23
15972,0,0,90,4,16,395
15973,0,0,46.5,2,4,36
15974,0,0,20,2,4,375
15975,0,0,649,8,64,392
15976,0,0,93.5,2,4,392
15977,0,0,89,1,1,400
15978,0,0,123,5,25,400
15979,0,0,49,1,1,399
15980,0,0,63,2,4,399
15981,0,0,44,1,1,399
15982,0,0,0,2,4,378
15983,0,0,99,1,1,27
15984,1,0,232,5,25,75
15985,1,29,58.5,3,9,46
15986,0,0,39,2,4,374
15987,0,0,32,1,1,397
15988,0,0,69.5,1,1,397
15989,1,0,752,23,529,83
15990,1,10,29.5,1,1,20
15991,0,0,39,1,1,543
15992,0,0,180,2,4,33
15993,0,0,268,3,9,53
15994,1,0,444.75,19,361,27
15995,0,0,82.5,3,9,556
15996,0,0,35,1,1,509
15997,1,0,279.5,8,64,29
15998,0,0,343,5,25,407
15999,1,0,29.5,1,1,20
16000,0,0,102,2,4,89
16001,0,0,736.9,16,256,138
16002,0,24,0,1,1,403
16003,1,56.9,136,3,9,148
16004,0,0,39,1,1,400
16005,0,0,319.75,16,256,186
16006,0,0,150.45,4,16,406
16007,0,0,386,12,144,410
16008,0,270.45,188,2,4,47
16009,0,0,18,1,1,463
16010,0,0,19.5,4,16,222
16011,0,0,187.95,4,16,406
16012,0,0,29.5,1,1,406
16013,0,0,64,1,1,173
16014,1,0,707.55,32,1024,33
16015,0,0,30,1,1,621
16016,0,0,258,5,25,386
16017,1,0,689.4,13,169,383
16018,0,0,134.95,1,1,332
16019,1,0,107.5,3,9,83
16020,1,0,49,1,1,419
16021,1,0,323,10,100,36
16022,0,0,95,2,4,396
16023,1,117,809.5,25,625,111
16024,0,0,140,2,4,394
16025,0,0,117,3,9,389
16026,1,0,58,3,9,396
16027,0,0,37,2,4,396
16028,0,0,59,1,1,396
16029,0,0,30,1,1,396
16030,0,0,260.5,6,36,17
16031,1,0,434,12,144,277
16032,0,0,316,9,81,86
16033,0,0,27,1,1,395
16034,0,0,34,1,1,395
16035,0,0,59.45,2,4,383
16036,0,0,29.5,1,1,395
16037,1,0,330.25,12,144,395
16038,1,0,283.5,8,64,340
16039,0,0,29,1,1,395
16040,0,0,39,1,1,395
16041,0,0,223.5,6,36,19
16042,0,0,381.5,12,144,143
16043,0,0,79,1,1,394
16044,1,0,147,2,4,394
16045,0,0,29.5,1,1,394
16046,1,0,45,1,1,394
16047,0,0,193.5,5,25,394
16048,0,0,39,1,1,394
16049,0,0,62.5,2,4,19
16050,0,0,189,1,1,381
16051,0,0,32,1,1,190
16052,1,0,94,2,4,144
16053,0,0,49,1,1,394
16054,0,0,183,4,16,393
16055,0,0,201,5,25,389
16056,0,0,104,5,25,393
16057,0,0,32,1,1,393
16058,0,0,56,1,1,393
16059,0,0,22,1,1,393
16060,0,0,49.5,1,1,392
16061,0,0,64,2,4,393
16062,1,0,96,2,4,393
16063,0,0,178,2,4,383
16064,0,0,0,1,1,393
16065,0,0,54,1,1,392
16066,1,0,302.15,12,144,88
16067,0,0,24,1,1,392
16068,0,0,101.5,3,9,392
16069,0,0,102,3,9,392
16070,0,0,49,1,1,392
16071,0,0,303.5,7,49,17
16072,0,0,54,2,4,392
16073,0,0,195,4,16,380
16074,0,0,146.35,4,16,372
16075,0,0,44,1,1,392
16076,1,0,552,10,100,297
16077,0,0,52.5,3,9,391
16078,0,0,73,2,4,391
16079,0,0,44,1,1,391
16080,1,0,235,7,49,391
16081,0,0,44,1,1,391
16082,1,0,68,2,4,391
16083,0,0,148.5,2,4,391
16084,0,0,133,4,16,32
16085,0,99,32.5,1,1,391
16086,0,0,288,4,16,391
16087,0,0,178.95,3,9,2
16088,0,0,129,1,1,391
16089,1,0,69,1,1,391
16090,1,0,421,5,25,98
16091,0,0,55,2,4,391
16092,0,0,365,10,100,12
16093,1,0,323,3,9,391
16094,0,0,75,1,1,391
16095,1,0,199,1,1,391
16096,0,0,69,1,1,391
16097,0,0,48,1,1,391
16098,1,0,183,7,49,35
16099,0,0,49,1,1,391
16100,1,0,198,4,16,390
16101,1,0,29,1,1,390
16102,0,0,26,2,4,301
16103,0,10,34,1,1,390
16104,1,0,102.5,5,25,40
16105,1,0,125,4,16,211
16106,0,0,177.5,5,25,31
16107,0,0,29,1,1,390
16108,0,0,169,1,1,390
16109,1,0,168,3,9,390
16110,1,0,545.4,18,324,81
16111,0,0,39,1,1,395
16112,1,0,615.5,20,400,326
16113,0,0,31,1,1,390
16114,0,0,104,2,4,21
16115,0,0,202,7,49,30
16116,0,0,97,5,25,401
16117,0,0,258.9,3,9,44
16118,0,0,39,1,1,18
16119,0,0,143.5,3,9,15
16120,0,0,97,3,9,401
16121,0,0,0,1,1,404
16122,0,0,263.95,5,25,393
16123,1,142,956.5,28,784,62
16124,0,0,119,1,1,400
16125,0,0,42,1,1,392
16126,0,0,151.8,5,25,17
16127,1,0,688.25,15,225,41
16128,1,0,210,6,36,401
16129,0,0,299,1,1,401
16130,0,0,204,6,36,403
16131,0,0,105,3,9,15
16132,1,0,1382.1,34,1156,109
16133,1,0,44,1,1,394
16134,0,0,44,1,1,396
16135,0,0,277,7,49,23
16136,0,0,39.5,2,4,393
16137,0,0,44,1,1,396
16138,1,0,300.9,6,36,89
16139,1,0,19.95,1,1,706
16140,1,0,39.5,2,4,393
16141,0,0,95,4,16,29
16142,0,0,197.85,6,36,141
16143,0,0,99.9,3,9,479
16144,1,0,124.35,5,25,112
16145,1,38,627,13,169,46
16146,1,0,129,1,1,390
16147,1,0,182,4,16,35
16148,0,0,131.85,4,16,419
16149,1,0,118,2,4,212
16150,1,75,75,2,4,107
16151,1,0,431,10,100,143
16152,1,0,834,24,576,11
16153,1,136.8,630.5,11,121,331
16154,0,0,668,12,144,169
16155,1,0,512.6,19,361,188
16156,0,0,52,1,1,401
16157,1,0,590,20,400,22
16158,1,0,322,8,64,392
16159,0,0,29,1,1,394
16160,0,0,0,1,1,396
16161,1,0,536.35,8,64,74
16162,0,0,51,2,4,674
16163,0,0,90,3,9,401
16164,0,0,312,15,225,129
16165,1,189.5,119.5,4,16,165
16166,0,0,219,4,16,341
16167,0,0,0,1,1,396
16168,0,0,64.45,2,4,511
16169,0,0,79,4,16,397
16170,1,0,139.95,6,36,298
16171,1,0,373,9,81,382
16172,1,0,197.5,4,16,23
16173,0,0,74,3,9,27
16174,0,0,29,1,1,405
16175,0,0,358.45,9,81,17
16176,1,0,0,1,1,401
16177,0,0,19,1,1,390
16178,0,0,112,2,4,386
16179,0,99,104,2,4,28
16180,0,0,772.45,24,576,89
16181,1,91.5,1127,28,784,13
16182,0,0,27,6,36,397
16183,0,0,70,2,4,395
16184,1,0,954,13,169,356
16185,0,0,412,4,16,401
16186,1,0,29,1,1,392
16187,0,0,44,1,1,390
16188,1,0,64.5,2,4,390
16189,0,0,178.95,4,16,390
16190,0,0,32,1,1,390
16191,0,0,168.9,3,9,361
16192,0,0,68,2,4,212
16193,0,0,44,1,1,390
16194,1,0,360.5,10,100,30
16195,1,0,44,1,1,389
16196,0,0,29.5,1,1,389
16197,0,0,31,1,1,389
16198,1,0,34.5,1,1,51
16199,0,29,151,4,16,26
16200,0,0,29.5,1,1,389
16201,0,0,49.5,1,1,389
16202,0,0,119,2,4,16
16203,0,0,39,1,1,389
16204,1,29,74.5,2,4,175
16205,0,0,470.45,12,144,30
16206,0,0,37,2,4,153
16207,0,0,0,1,1,389
16208,0,0,32,1,1,389
16209,1,0,279,8,64,5
16210,1,0,189,4,16,171
16211,0,0,140,3,9,10
16212,0,0,89,1,1,388
16213,1,0,86,3,9,44
16214,0,0,32,1,1,388
16215,0,0,248,4,16,20
16216,0,0,155.95,3,9,370
16217,1,0,44,1,1,388
16218,0,0,42,1,1,388
16219,0,0,638.05,18,324,51
16220,1,0,85,2,4,388
16221,0,0,137,3,9,387
16222,0,0,0,1,1,387
16223,0,0,110,2,4,387
16224,0,0,31.9,2,4,92
16225,0,0,0,3,9,337
16226,0,0,147,6,36,308
16227,1,0,165.5,3,9,387
16228,0,0,37,1,1,387
16229,0,0,111.85,4,16,182
16230,0,0,38,1,1,387
16231,0,0,44,1,1,387
16232,0,0,22,1,1,387
16233,0,0,119,1,1,387
16234,1,0,68,1,1,387
16235,1,0,151,4,16,387
16236,0,0,75,1,1,387
16237,0,0,45,1,1,386
16238,1,0,315.5,9,81,386
16239,1,0,39,1,1,386
16240,0,0,483,10,100,20
16241,0,0,39.5,1,1,386
16242,0,0,355.5,8,64,23
16243,1,0,95,3,9,386
16244,0,0,94,2,4,386
16245,0,0,44,2,4,386
16246,0,0,64,4,16,29
16247,0,0,125,4,16,386
16248,0,0,138,2,4,313
16249,0,0,298,7,49,362
16250,0,0,75,1,1,386
16251,1,0,87,3,9,334
16252,1,0,108.5,4,16,68
16253,0,0,44,1,1,386
16254,0,44,39.5,1,1,386
16255,1,0,459.5,14,196,85
16256,0,0,79.4,3,9,385
16257,0,0,44,1,1,385
16258,1,0,49,1,1,163
16259,0,0,22,1,1,385
16260,1,0,281,5,25,9
16261,0,0,24,1,1,385
16262,1,0,260,11,121,42
16263,0,0,29.5,1,1,385
16264,0,0,30,1,1,385
16265,0,0,189,3,9,385
16266,0,0,108.5,2,4,385
16267,0,0,31,1,1,385
16268,0,0,66,3,9,385
16269,1,0,236.85,10,100,2
16270,0,0,209,4,16,25
16271,1,0,277.5,4,16,68
16272,0,57.5,291,17,289,19
16273,1,0,378.95,6,36,39
16274,0,0,157.9,4,16,336
16275,0,0,0,1,1,384
16276,0,0,59,1,1,418
16277,0,0,356,6,36,384
16278,0,0,129,1,1,384
16279,0,0,68,1,1,377
16280,0,0,24,1,1,384
16281,0,0,150,2,4,355
16282,0,0,44,1,1,23
16283,0,0,298.5,8,64,27
16284,0,0,85,1,1,384
16285,0,0,39,1,1,384
16286,0,0,24,1,1,384
16287,1,0,115,3,9,92
16288,0,0,236,6,36,384
16289,0,0,141.5,4,16,384
16290,0,0,83.5,2,4,325
16291,0,39.5,198,6,36,27
16292,0,0,149,1,1,384
16293,1,0,373,10,100,40
16294,0,0,44,1,1,384
16295,1,0,62,2,4,384
16296,1,0,29.5,1,1,383
16297,0,0,168.85,13,169,11
16298,1,0,173,2,4,40
16299,0,257.5,59,2,4,13
16300,0,0,201,7,49,165
16301,0,0,58,2,4,383
16302,0,0,123,2,4,380
16303,0,48.5,104,4,16,19
16304,0,0,0,2,4,297
16305,0,0,244.95,11,121,380
16306,0,0,65.25,3,9,384
16307,1,0,141.5,4,16,261
16308,1,0,227.95,5,25,25
16309,1,90,1549.8,36,1296,16
16310,1,0,197,3,9,392
16311,0,0,147,4,16,5
16312,0,0,241.8,9,81,385
16313,1,0,43,2,4,381
16314,0,44.5,105,6,36,387
16315,0,0,243,7,49,385
16316,0,0,698,11,121,375
16317,0,0,223.5,6,36,9
16318,1,0,262.5,6,36,32
16319,1,0,220.5,5,25,380
16320,0,0,69,1,1,387
16321,0,0,44,1,1,394
16322,0,0,117.5,3,9,384
16323,0,0,149,1,1,69
16324,0,0,231,5,25,225
16325,0,0,227,2,4,386
16326,0,0,44,1,1,392
16327,1,0,392.5,11,121,25
16328,0,0,45,1,1,346
16329,0,0,103,2,4,387
16330,1,65.5,29,1,1,386
16331,1,0,156,4,16,389
16332,1,0,283,2,4,384
16333,1,0,215.5,7,49,384
16334,1,75.5,1902.5,37,1369,72
16335,0,0,39.5,2,4,497
16336,1,0,45,2,4,384
16337,0,0,168,4,16,13
16338,0,0,99,2,4,389
16339,0,0,69,1,1,397
16340,0,0,44,1,1,388
16341,1,0,197,5,25,35
16342,0,0,49,1,1,376
16343,0,0,119,1,1,385
16344,0,0,125,1,1,395
16345,0,0,129,1,1,387
16346,1,0,211,7,49,389
16347,0,0,154,3,9,386
16348,0,0,40,1,1,12
16349,1,0,870,23,529,79
16350,0,0,200.95,4,16,13
16351,0,0,108,4,16,28
16352,0,67.5,111.5,3,9,9
16353,1,0,411,12,144,291
16354,1,29.5,244.5,7,49,163
16355,1,16,179,6,36,31
16356,0,0,370.95,12,144,374
16357,0,0,400.5,10,100,389
16358,0,0,88,2,4,386
16359,1,0,44,1,1,392
16360,0,0,44,1,1,384
16361,0,0,107,3,9,212
16362,0,0,363.5,5,25,20
16363,1,0,139.95,4,16,31
16364,0,0,34,2,4,391
16365,0,0,24,1,1,386
16366,0,0,44,1,1,385
16367,0,0,59.85,3,9,388
16368,0,0,134,4,16,388
16369,1,189,15,1,1,13
16370,0,0,236.5,4,16,17
16371,0,0,98,2,4,384
16372,1,0,129,3,9,56
16373,1,0,121.5,5,25,124
16374,0,0,55,1,1,389
16375,0,49,981.39,49,2401,13
16376,0,65,300.5,6,36,394
16377,0,0,51.5,2,4,44
16378,0,0,758,15,225,32
16379,1,0,242,8,64,218
16380,1,0,148,6,36,47
16381,0,0,54.99,4,16,27
16382,1,0,68,2,4,384
16383,1,0,29.5,1,1,387
16384,1,16.5,34,1,1,388
16385,0,0,163,3,9,15
16386,0,0,275,4,16,69
16387,0,0,29.5,1,1,387
16388,1,0,119,1,1,466
16389,0,0,45,1,1,382
16390,1,0,276.5,8,64,26
16391,1,0,147.45,4,16,361
16392,0,0,69,1,1,387
16393,0,0,223,6,36,390
16394,1,0,154.5,4,16,145
16395,0,0,207.5,4,16,133
16396,0,0,801,17,289,22
16397,0,0,730.5,13,169,25
16398,1,0,68,2,4,392
16399,0,0,69,1,1,387
16400,0,0,151,3,9,102
16401,0,0,0,1,1,384
16402,1,0,374.85,4,16,139
16403,0,0,51.45,3,9,644
16404,1,0,226.5,7,49,21
16405,0,0,174,5,25,9
16406,1,0,527.8,24,576,2
16407,0,0,119,2,4,32
16408,0,0,164,4,16,26
16409,0,0,57.5,2,4,386
16410,0,0,62.45,3,9,9
16411,0,0,251.5,7,49,22
16412,0,0,44,1,1,389
16413,1,82.95,309.75,12,144,41
16414,0,0,79,2,4,382
16415,0,0,29,1,1,392
16416,0,0,98,3,9,28
16417,0,0,318.5,10,100,394
16418,0,0,24,1,1,387
16419,0,0,213,3,9,391
16420,0,0,133.95,3,9,345
16421,0,0,360.9,10,100,88
16422,1,0,280.95,9,81,229
16423,0,0,168.95,6,36,16
16424,0,0,169,1,1,387
16425,1,0,266.9,8,64,27
16426,1,0,178,2,4,384
16427,1,0,0,2,4,383
16428,1,0,86,3,9,52
16429,1,0,220.9,8,64,26
16430,0,0,189,1,1,393
16431,0,0,39,1,1,392
16432,0,0,109,1,1,389
16433,0,0,374.5,7,49,17
16434,0,0,69,1,1,393
16435,0,0,39,1,1,387
16436,0,0,49,1,1,388
16437,0,0,293.85,10,100,16
16438,0,0,59,1,1,384
16439,1,0,86.35,6,36,229
16440,1,0,318.5,2,4,387
16441,0,0,69,1,1,384
16442,0,0,534.2,11,121,391
16443,0,84.8,69,2,4,384
16444,0,0,489,13,169,88
16445,1,0,19.95,1,1,146
16446,1,0,29,1,1,386
16447,1,0,146,4,16,28
16448,0,0,666,8,64,377
16449,1,0,607.45,19,361,16
16450,1,0,401.15,8,64,263
16451,0,0,259,6,36,387
16452,1,0,823,14,196,23
16453,0,0,107,3,9,379
16454,1,0,94.9,3,9,384
16455,0,0,45,2,4,390
16456,1,0,106.95,4,16,15
16457,0,0,48,1,1,384
16458,0,0,148,2,4,396
16459,0,0,118.85,5,25,389
16460,0,0,436,15,225,166
16461,1,0,809,18,324,20
16462,0,0,202,3,9,389
16463,0,0,813.45,18,324,22
16464,0,0,95,2,4,159
16465,1,0,69,1,1,393
16466,1,0,520.5,13,169,40
16467,1,0,49,1,1,46
16468,0,0,27,1,1,392
16469,1,0,58,2,4,262
16470,0,0,99,1,1,384
16471,1,49.5,284,6,36,61
16472,1,0,933.85,22,484,3
16473,1,0,48,3,9,389
16474,1,0,63.5,2,4,387
16475,0,0,39,1,1,386
16476,0,33.85,160.85,7,49,301
16477,1,0,57,3,9,390
16478,1,0,413.95,7,49,177
16479,1,0,192,5,25,392
16480,1,0,224,5,25,26
16481,1,0,260.2,4,16,149
16482,1,89,167,4,16,60
16483,1,0,86,2,4,59
16484,0,0,10,1,1,389
16485,0,0,118,2,4,281
16486,0,0,279,6,36,29
16487,1,0,98.5,2,4,380
16488,1,0,27,1,1,276
16489,1,0,34,2,4,391
16490,0,0,294.9,7,49,165
16491,1,0,158.5,2,4,390
16492,0,0,483.5,13,169,13
16493,1,0,77,2,4,391
16494,0,0,441.5,9,81,20
16495,1,0,590.5,8,64,48
16496,0,0,187,3,9,19
16497,1,306.5,424.5,7,49,11
16498,0,0,92.5,3,9,383
16499,1,0,838,17,289,17
16500,0,0,24,1,1,392
16501,1,0,517,6,36,17
16502,0,0,177,3,9,384
16503,1,0,34.5,1,1,105
16504,0,0,379.5,9,81,394
16505,0,0,321,13,169,29
16506,0,0,54,2,4,395
16507,0,0,112,3,9,37
16508,1,129,90,3,9,391
16509,0,0,55,1,1,388
16510,0,0,45,1,1,391
16511,0,0,0,1,1,393
16512,0,0,67,3,9,23
16513,1,0,102,4,16,397
16514,1,63.5,203,4,16,390
16515,1,0,212,5,25,388
16516,0,0,29,1,1,386
16517,0,0,230.5,4,16,182
16518,1,0,108,2,4,386
16519,1,228,763,9,81,20
16520,1,0,148.5,4,16,390
16521,1,0,243.5,6,36,385
16522,1,0,84.5,3,9,390
16523,1,0,29,1,1,389
16524,0,0,35.9,2,4,392
16525,0,0,138,1,1,386
16526,0,0,422,11,121,13
16527,0,0,482.95,11,121,82
16528,0,0,187,2,4,14
16529,0,0,49,1,1,388
16530,0,0,44,1,1,387
16531,0,0,76,1,1,389
16532,0,0,71.5,3,9,160
16533,0,0,286.45,5,25,486
16534,1,0,326,14,196,134
16535,0,0,233,5,25,23
16536,0,0,250.45,7,49,17
16537,0,0,45,5,25,30
16538,0,0,67,3,9,392
16539,0,0,49.5,1,1,387
16540,1,0,29.5,1,1,394
16541,1,0,169,1,1,386
16542,0,78,371.5,7,49,19
16543,1,0,91,4,16,44
16544,0,93,201,5,25,14
16545,0,0,206,4,16,388
16546,1,0,26,1,1,20
16547,0,0,73,4,16,388
16548,0,0,93,2,4,392
16549,0,0,238.9,4,16,162
16550,0,39.5,117,3,9,391
16551,1,0,269.5,7,49,27
16552,0,0,39,1,1,387
16553,0,0,127,3,9,380
16554,1,69,473.95,12,144,260
16555,0,0,0,2,4,9
16556,0,0,49,1,1,114
16557,0,0,29,1,1,389
16558,0,0,310,5,25,389
16559,1,0,735.85,20,400,39
16560,0,0,158,2,4,389
16561,1,0,156,5,25,387
16562,0,0,99,1,1,387
16563,1,0,288.5,6,36,29
16564,1,0,214.5,6,36,386
16565,1,0,149.2,9,81,25
16566,0,0,0,2,4,387
16567,1,0,109.8,4,16,388
16568,1,0,134,3,9,149
16569,0,0,140,4,16,7
16570,1,157,104.5,4,16,391
16571,1,0,74,1,1,93
16572,1,0,196.5,4,16,391
16573,0,0,98,2,4,389
16574,0,0,268.75,11,121,22
16575,0,0,173,6,36,368
16576,0,0,74,1,1,389
16577,0,0,56,2,4,389
16578,0,0,129,1,1,386
16579,1,0,524.95,5,25,393
16580,0,0,44,1,1,387
16581,1,0,18,1,1,642
16582,0,0,16.85,4,16,55
16583,1,162,961.95,34,1156,41
16584,0,0,129,1,1,390
16585,0,0,296.7,12,144,151
16586,0,0,118.5,2,4,30
16587,0,0,98,2,4,359
16588,0,0,29,1,1,397
16589,1,61,249.5,8,64,16
16590,1,0,49.5,1,1,378
16591,0,0,64.85,4,16,231
16592,1,99.95,170.9,6,36,4
16593,0,0,120,3,9,20
16594,0,0,143.5,6,36,143
16595,0,0,108,3,9,390
16596,0,0,59,2,4,33
16597,1,0,636,9,81,205
16598,0,0,127,5,25,214
16599,1,0,99,1,1,384
16600,1,0,91,2,4,390
16601,0,0,59,1,1,389
16602,0,0,73,2,4,393
16603,1,27,29,1,1,146
16604,1,0,273,9,81,15
16605,0,0,352.6,11,121,326
16606,1,0,173,3,9,158
16607,1,0,402.45,5,25,340
16608,0,0,59,1,1,385
16609,0,0,92,3,9,390
16610,1,0,393.5,8,64,71
16611,1,0,357.5,11,121,380
16612,0,0,60,4,16,13
16613,0,0,34,1,1,336
16614,1,39,264,6,36,390
16615,0,0,39,1,1,550
16616,0,0,69,1,1,380
16617,0,0,95,3,9,3
16618,1,0,30,2,4,461
16619,0,0,342,7,49,20
16620,0,0,69,1,1,386
16621,0,0,147,3,9,714
16622,0,0,84,2,4,387
16623,0,0,44,1,1,389
16624,0,0,0,1,1,380
16625,0,0,114,5,25,517
16626,0,0,197.5,3,9,384
16627,1,80.45,292.95,10,100,9
16628,0,0,86.9,3,9,352
16629,1,0,201,9,81,23
16630,0,0,269.5,8,64,11
16631,1,0,1195.49,36,1296,10
16632,0,0,112,3,9,149
16633,0,0,49,1,1,391
16634,0,0,99,1,1,391
16635,1,0,149,3,9,392
16636,1,0,702.5,16,256,24
16637,0,0,29,1,1,385
16638,1,24.95,418,6,36,12
16639,0,0,262.74,9,81,126
16640,1,0,1044.45,28,784,18
16641,0,0,49.5,1,1,382
16642,0,0,88,2,4,382
16643,1,0,179.65,10,100,188
16644,0,0,88,2,4,382
16645,0,0,226,6,36,382
16646,0,0,79,1,1,382
16647,0,0,39,1,1,382
16648,0,0,44,1,1,382
16649,1,69,148,3,9,112
16650,0,0,110,2,4,153
16651,1,0,411.4,8,64,90
16652,0,0,115.95,4,16,177
16653,0,0,59,1,1,381
16654,0,0,79,2,4,382
16655,1,0,44,1,1,381
16656,0,0,130.5,4,16,381
16657,0,0,44,1,1,381
16658,0,0,90,1,1,381
16659,0,0,207.45,7,49,11
16660,0,0,34,1,1,381
16661,0,0,173,6,36,22
16662,1,0,62,2,4,380
16663,1,0,504,17,289,11
16664,0,0,36,1,1,380
16665,0,0,125,1,1,380
16666,1,159,48,2,4,380
16667,0,0,136,4,16,380
16668,1,0,24,1,1,380
16669,0,0,149,4,16,12
16670,0,0,68,3,9,18
16671,1,0,188,6,36,86
16672,0,0,148.5,3,9,380
16673,0,0,168,4,16,80
16674,1,57.9,206,4,16,44
16675,0,0,279,1,1,379
16676,1,0,2073.5,52,2704,14
16677,0,0,78,2,4,379
16678,0,0,206.5,5,25,18
16679,0,0,82.95,3,9,363
16680,0,0,17,1,1,379
16681,0,0,100,3,9,378
16682,0,0,24,1,1,379
16683,0,0,44,1,1,378
16684,1,0,99,2,4,378
16685,0,0,0,1,1,378
16686,0,0,0,1,1,378
16687,0,0,59,1,1,378
16688,0,0,59,1,1,378
16689,1,0,309.5,9,81,40
16690,0,0,44,1,1,378
16691,0,0,57.95,2,4,66
16692,0,0,32,1,1,378
16693,0,0,19.5,1,1,377
16694,0,0,49.5,1,1,377
16695,0,0,69,2,4,377
16696,1,0,29,1,1,39
16697,0,0,22,1,1,20
16698,0,0,29,1,1,377
16699,0,0,38,1,1,377
16700,0,0,82.9,2,4,331
16701,0,0,47.95,2,4,378
16702,0,0,441,11,121,22
16703,1,0,139,1,1,376
16704,0,0,217.45,7,49,213
16705,1,0,218,2,4,189
16706,0,0,0,1,1,382
16707,0,0,382,10,100,17
16708,0,0,289.8,10,100,189
16709,1,0,245.5,5,25,50
16710,0,60,125.5,5,25,23
16711,1,0,170,6,36,228
16712,0,0,39,1,1,379
16713,0,31,278.95,20,400,20
16714,0,0,30,1,1,379
16715,1,0,506,10,100,379
16716,1,0,74,2,4,394
16717,0,0,90,2,4,383
16718,0,0,37,1,1,383
16719,0,0,206.95,6,36,223
16720,1,0,124,2,4,230
16721,0,0,2.75,2,4,380
16722,1,0,244,6,36,378
16723,0,0,24,1,1,379
16724,1,36,515.8,16,256,23
16725,0,0,57,2,4,378
16726,0,0,139,1,1,383
16727,0,0,84,2,4,378
16728,0,0,0,2,4,17
16729,0,0,108,2,4,14
16730,0,78.5,246,7,49,54
16731,0,0,59,1,1,378
16732,0,0,129,1,1,15
16733,1,0,162,3,9,382
16734,1,0,396,9,81,12
16735,0,0,36,1,1,383
16736,1,0,522.45,21,441,46
16737,1,0,372,8,64,53
16738,0,0,59,2,4,48
16739,0,0,168.5,2,4,378
16740,1,0,416,9,81,159
16741,1,0,231.5,4,16,376
16742,1,0,239,1,1,383
16743,0,0,44,2,4,381
16744,1,27,129.5,4,16,12
16745,0,112.5,164.5,6,36,15
16746,0,0,123,3,9,378
16747,1,0,74,1,1,378
16748,0,0,39.5,1,1,378
16749,1,0,184.5,5,25,383
16750,0,121.65,44,2,4,379
16751,1,0,433.5,10,100,4
16752,0,0,126.85,5,25,362
16753,1,0,166,5,25,1
16754,0,0,129,2,4,383
16755,0,0,250,8,64,41
16756,0,0,168,2,4,394
16757,0,0,127.5,3,9,378
16758,1,0,166,3,9,22
16759,1,0,147.5,4,16,28
16760,0,0,45,1,1,385
16761,1,0,237,7,49,18
16762,1,0,187,6,36,99
16763,1,0,134,2,4,378
16764,0,0,180.5,6,36,15
16765,0,0,204.5,4,16,382
16766,0,49,71.5,2,4,379
16767,0,19.95,320.25,10,100,223
16768,0,0,436.5,11,121,17
16769,0,0,44,1,1,380
16770,1,0,234,6,36,59
16771,0,0,132,3,9,376
16772,1,0,59,1,1,383
16773,0,0,282,20,400,14
16774,1,0,72.95,2,4,195
16775,0,0,374,7,49,69
16776,1,0,29,1,1,379
16777,1,0,17,1,1,379
16778,0,161,71.5,4,16,364
16779,1,44,44,1,1,379
16780,0,0,209,2,4,381
16781,0,272,297,7,49,383
16782,1,0,291,5,25,383
16783,1,99.95,335.3,13,169,23
16784,1,0,31,1,1,390
16785,1,0,44,1,1,382
16786,0,0,0,1,1,67
16787,1,0,145.9,4,16,721
16788,0,69,112,5,25,29
16789,1,0,93,2,4,378
16790,1,0,105.25,8,64,109
16791,0,0,273,7,49,381
16792,0,0,75,2,4,379
16793,1,78.8,665.5,12,144,10
16794,1,29.5,611.9,11,121,244
16795,0,0,440,8,64,380
16796,0,0,177,4,16,380
16797,1,0,103,2,4,402
16798,1,0,211,6,36,391
16799,1,0,44,1,1,380
16800,0,0,159,1,1,386
16801,0,0,74.75,7,49,11
16802,0,0,347,3,9,52
16803,0,0,59,1,1,17
16804,1,0,149,1,1,381
16805,1,45.85,212.45,7,49,238
16806,0,52,224,5,25,43
16807,0,0,39,2,4,26
16808,0,0,140.8,4,16,535
16809,0,0,34,1,1,12
16810,1,0,242,3,9,380
16811,0,37.25,789.15,22,484,16
16812,1,0,39,1,1,378
16813,0,0,111,4,16,381
16814,0,0,38,1,1,524
16815,1,0,125.95,3,9,118
16816,1,0,678.35,22,484,27
16817,1,0,127,3,9,379
16818,0,0,15,1,1,381
16819,0,0,0,1,1,379
16820,1,0,313,9,81,194
16821,0,0,29,1,1,476
16822,0,0,133,4,16,173
16823,0,0,24,1,1,378
16824,0,0,41,2,4,10
16825,0,39.95,88,2,4,382
16826,0,0,159,1,1,381
16827,0,0,44,2,4,380
16828,1,0,331.45,13,169,39
16829,1,0,599.85,8,64,5
16830,0,0,236,5,25,29
16831,1,0,142,4,16,93
16832,0,0,63,2,4,376
16833,0,0,59,1,1,23
16834,0,0,292.75,9,81,98
16835,0,0,99,2,4,386
16836,0,0,313.9,3,9,379
16837,1,242.95,2192.7,53,2809,26
16838,0,0,29.5,1,1,12
16839,1,0,181.95,3,9,365
16840,1,0,765.95,14,196,233
16841,1,0,97,3,9,382
16842,0,0,36,1,1,383
16843,0,61,267.9,8,64,188
16844,0,0,44,1,1,378
16845,1,328,184.5,4,16,101
16846,1,0,95.25,5,25,23
16847,1,0,29.5,1,1,381
16848,0,0,87,4,16,365
16849,0,0,196,5,25,381
16850,1,0,519,7,49,10
16851,0,69,64.5,2,4,380
16852,1,0,34.5,2,4,142
16853,0,0,68,2,4,380
16854,0,0,24,3,9,235
16855,0,0,132,3,9,320
16856,1,0,129,1,1,383
16857,1,0,61.5,2,4,252
16858,1,0,187,3,9,12
16859,0,0,24.95,1,1,113
16860,1,0,190.5,4,16,144
16861,1,0,367.9,4,16,220
16862,0,0,44,1,1,14
16863,1,0,46,2,4,45
16864,0,0,69,1,1,379
16865,0,0,197.95,3,9,16
16866,0,0,63.5,2,4,382
16867,1,0,78.5,2,4,383
16868,1,0,79,1,1,62
16869,0,446.2,462,10,100,26
16870,1,0,115,2,4,379
16871,1,61.95,158,4,16,19
16872,0,0,34.95,2,4,16
16873,0,47.75,319.5,11,121,8
16874,1,0,317,9,81,417
16875,0,137,1139.2,33,1089,11
16876,0,0,268,8,64,382
16877,0,0,69,1,1,380
16878,0,0,221.85,5,25,81
16879,0,0,49.5,1,1,375
16880,0,0,159,1,1,375
16881,1,0,230,4,16,119
16882,0,0,54,2,4,375
16883,1,0,109,1,1,373
16884,0,0,50,2,4,373
16885,0,0,263,8,64,374
16886,0,0,49.5,1,1,372
16887,0,0,69.95,1,1,370
16888,1,0,230,5,25,68
16889,0,0,54.95,1,1,370
16890,0,0,119.5,3,9,22
16891,1,0,39,1,1,369
16892,0,0,118,5,25,86
16893,0,0,122,3,9,629
16894,0,0,29,1,1,372
16895,0,0,178,2,4,20
16896,0,0,132.9,4,16,293
16897,0,0,176,4,16,390
16898,1,0,251,5,25,59
16899,0,0,0,1,1,372
16900,0,45.95,359.5,8,64,21
16901,0,0,473,12,144,375
16902,1,94.8,759.85,12,144,42
16903,0,39.95,99,1,1,376
16904,1,0,185,5,25,386
16905,0,29,176,6,36,106
16906,0,0,206,5,25,23
16907,0,0,230,4,16,402
16908,1,58.5,150.4,6,36,379
16909,0,39.5,381.3,9,81,4
16910,1,94,778.15,21,441,21
16911,0,0,65,1,1,378
16912,1,0,317.5,5,25,37
16913,0,0,322,10,100,376
16914,0,0,88,2,4,504
16915,0,0,0,1,1,373
16916,0,34,135.85,5,25,354
16917,0,0,305,4,16,30
16918,0,139,24,1,1,392
16919,0,0,101.5,5,25,3
16920,1,0,87.5,3,9,25
16921,0,0,296,7,49,413
16922,0,0,0,1,1,384
16923,0,0,54,3,9,499
16924,0,0,263,2,4,9
16925,1,0,625,10,100,18
16926,1,0,94,2,4,371
16927,0,0,26.95,1,1,581
16928,1,0,277,9,81,212
16929,1,0,58,2,4,336
16930,0,0,26.5,3,9,392
16931,1,0,256.5,4,16,23
16932,1,0,56,1,1,139
16933,0,0,24,1,1,227
16934,0,0,658.95,6,36,125
16935,1,0,88,2,4,321
16936,0,0,110,3,9,336
16937,0,0,94.5,2,4,86
16938,0,0,55,2,4,723
16939,0,0,39,1,1,624
16940,0,0,110,4,16,17
16941,1,39.8,182.15,4,16,720
16942,0,0,35,1,1,515
16943,1,0,635.9,15,225,215
16944,1,0,383.5,12,144,150
16945,0,0,22,1,1,441
16946,1,0,632.75,22,484,34
16947,1,0,244,3,9,377
16948,0,0,231,5,25,20
16949,0,0,36.5,1,1,393
16950,1,0,103,2,4,386
16951,0,0,10.9,3,9,376
16952,1,121.4,55,2,4,665
16953,0,0,78,4,16,136
16954,1,0,29,1,1,374
16955,0,0,0,1,1,375
16956,1,107.45,322.95,19,361,77
16957,1,0,292.6,11,121,357
16958,1,0,40,3,9,355
16959,1,0,44,2,4,375
16960,0,0,44,1,1,377
16961,1,0,89,1,1,372
16962,0,79,79,1,1,87
16963,0,0,0,1,1,374
16964,0,59,525.9,16,256,5
16965,0,0,141,2,4,379
16966,0,0,222.5,3,9,99
16967,1,0,69,1,1,419
16968,0,0,68,2,4,376
16969,1,0,131.5,5,25,373
16970,1,0,629,13,169,56
16971,0,0,59,1,1,382
16972,1,0,108,2,4,374
16973,1,0,50,2,4,386
16974,0,29,75.95,4,16,388
16975,0,0,54,4,16,22
16976,0,0,90,3,9,197
16977,1,0,1166.45,26,676,54
16978,0,36,193.9,9,81,9
16979,0,0,89,2,4,419
16980,0,0,60,1,1,160
16981,1,48.5,514.45,12,144,14
16982,0,0,59,2,4,60
16983,1,0,240.6,9,81,246
16984,0,0,100,3,9,376
16985,0,0,40,1,1,354
16986,0,0,79,1,1,376
16987,1,0,259.7,8,64,122
16988,0,0,181.9,5,25,22
16989,0,0,48.95,2,4,376
16990,1,0,389,6,36,334
16991,0,0,22,1,1,371
16992,0,0,579.5,9,81,37
16993,0,0,384.4,9,81,201
16994,0,0,36,1,1,94
16995,0,0,24,1,1,376
16996,0,0,58,2,4,19
16997,1,0,109.95,2,4,377
16998,0,122,1059.45,26,676,10
16999,0,0,59,1,1,376
17000,1,0,969.4,25,625,13
17001,0,0,54,2,4,106
17002,0,0,103,3,9,390
17003,1,0,118,5,25,384
17004,1,0,204,2,4,388
17005,1,0,375,9,81,494
17006,0,0,271.5,12,144,546
17007,0,0,424,8,64,385
17008,1,0,160,4,16,56
17009,1,0,343.9,4,16,370
17010,0,0,256.5,5,25,11
17011,0,0,29.5,1,1,368
17012,0,0,129,1,1,368
17013,0,0,0,1,1,368
17014,1,0,269,1,1,368
17015,0,0,46,1,1,368
17016,1,0,778.8,19,361,22
17017,0,0,94.5,3,9,32
17018,0,0,59,2,4,366
17019,0,0,536.6,17,289,20
17020,1,0,216,3,9,95
17021,1,52.5,254.5,2,4,117
17022,0,0,209,3,9,78
17023,1,0,44,1,1,63
17024,0,0,75,1,1,363
17025,1,94,445.95,10,100,25
17026,0,282,192,6,36,249
17027,1,0,183,3,9,130
17028,0,0,677.05,26,676,1
17029,1,0,154,3,9,364
17030,1,0,113,5,25,121
17031,1,0,102,3,9,61
17032,0,0,565.8,8,64,327
17033,0,0,184,4,16,366
17034,1,0,432,10,100,121
17035,1,0,296.5,8,64,120
17036,0,0,29.5,1,1,10
17037,0,0,25,1,1,368
17038,0,0,143.95,2,4,226
17039,1,0,103,3,9,370
17040,0,0,49.5,1,1,382
17041,0,0,129,1,1,365
17042,0,0,182.69,6,36,93
17043,0,235.25,318,2,4,366
17044,1,0,107.95,2,4,368
17045,0,0,181.5,4,16,387
17046,0,0,62,2,4,129
17047,1,0,179,1,1,383
17048,0,0,77.95,3,9,225
17049,0,0,225,1,1,364
17050,1,0,188.9,5,25,105
17051,0,0,74.95,1,1,368
17052,1,0,24.95,1,1,168
17053,0,0,538.5,14,196,6
17054,0,0,49,1,1,365
17055,0,0,89,1,1,364
17056,0,124,58.95,2,4,363
17057,0,0,152.5,5,25,326
17058,0,0,198.95,2,4,366
17059,1,0,305.5,10,100,32
17060,0,0,128.9,5,25,99
17061,1,0,114.5,4,16,24
17062,1,0,458,9,81,366
17063,0,0,129.8,5,25,370
17064,0,0,39,1,1,366
17065,0,24,175.6,8,64,177
17066,1,0,407.25,10,100,11
17067,0,0,127.8,4,16,363
17068,1,0,306.6,12,144,70
17069,0,0,39.5,1,1,369
17070,0,0,461.75,16,256,366
17071,0,55.95,398,7,49,61
17072,0,0,129.95,1,1,370
17073,1,0,698.95,17,289,15
17074,0,0,89,3,9,381
17075,1,0,657.65,11,121,145
17076,1,0,325,7,49,282
17077,1,0,192.5,6,36,8
17078,1,0,52,2,4,365
17079,0,0,351.95,9,81,167
17080,0,0,112,3,9,368
17081,0,0,103.2,6,36,366
17082,1,68.5,1268,17,289,267
17083,1,0,122.85,5,25,365
17084,0,0,191.95,5,25,369
17085,1,0,158.95,2,4,361
17086,1,0,39,1,1,361
17087,0,0,104,4,16,360
17088,0,0,118.95,2,4,94
17089,0,0,170,2,4,356
17090,0,0,141,3,9,106
17091,0,0,118,2,4,359
17092,1,0,69,2,4,156
17093,0,0,39.5,1,1,358
17094,1,0,284.5,10,100,186
17095,0,0,58,1,1,345
17096,0,0,138,2,4,358
17097,0,0,97.95,3,9,315
17098,1,0,316.95,10,100,8
17099,0,0,206.95,7,49,158
17100,1,0,78,3,9,12
17101,0,0,68.5,2,4,358
17102,0,0,158,5,25,430
17103,0,0,25,1,1,362
17104,0,174.5,478,7,49,348
17105,0,239,129,1,1,357
17106,0,0,58,1,1,362
17107,1,0,89,2,4,388
17108,1,0,49.75,2,4,569
17109,1,0,417,3,9,359
17110,0,0,93,2,4,75
17111,1,0,178.9,4,16,252
17112,0,50.75,485.4,17,289,13
17113,1,0,315.75,12,144,361
17114,1,91,330.95,11,121,6
17115,1,0,302,6,36,43
17116,1,0,776,19,361,11
17117,1,0,77.5,3,9,16
17118,0,0,0,1,1,358
17119,0,0,79.95,2,4,358
17120,0,0,58,2,4,358
17121,0,0,298.25,5,25,361
17122,0,0,297,3,9,29
17123,0,0,91.5,2,4,371
17124,0,0,425,8,64,20
17125,1,0,82.95,2,4,43
17126,0,0,538.35,14,196,20
17127,0,0,109.95,1,1,356
17128,0,0,129,3,9,352
17129,1,0,59,1,1,361
17130,0,0,785.5,15,225,60
17131,1,0,338.3,7,49,32
17132,0,256,238,2,4,21
17133,0,0,330,9,81,402
17134,0,0,19.5,1,1,359
17135,0,0,119,1,1,354
17136,1,0,88,2,4,17
17137,1,0,73,2,4,354
17138,0,0,199,1,1,353
17139,0,0,36.95,1,1,353
17140,1,0,754.45,18,324,12
17141,0,0,140,5,25,33
17142,0,0,99,1,1,352
17143,0,0,29,1,1,352
17144,0,0,119,1,1,351
17145,1,0,131.8,5,25,190
17146,0,0,71,2,4,351
17147,1,0,279,1,1,350
17148,1,49,1098,29,841,73
17149,0,35,48,2,4,350
17150,0,291,49.95,1,1,349
17151,1,0,141,4,16,46
17152,0,0,69,1,1,69
17153,0,317.25,437,12,144,21
17154,1,34.8,49.5,1,1,351
17155,0,0,113,3,9,340
17156,0,0,39,1,1,349
17157,1,0,57.95,4,16,154
17158,0,121.2,44.95,1,1,349
17159,1,0,578.9,19,361,262
17160,0,0,169,1,1,349
17161,1,0,313.5,7,49,13
17162,0,0,134.75,4,16,347
17163,1,0,1092.54,53,2809,5
17164,0,208,864.8,27,729,24
17165,1,0,25,1,1,350
17166,0,0,58,4,16,94
17167,0,0,356,4,16,25
17168,0,0,78,1,1,697
17169,1,0,118,3,9,353
17170,0,0,122,5,25,354
17171,0,0,169,5,25,379
17172,1,0,103,5,25,48
17173,0,35,100,2,4,354
17174,1,0,58.5,3,9,391
17175,0,0,107.8,4,16,351
17176,1,0,503.5,14,196,20
17177,1,0,285.5,9,81,355
17178,1,0,193,2,4,442
17179,0,0,76,2,4,375
17180,0,0,46,1,1,354
17181,0,0,158.5,2,4,358
17182,1,150.5,463.9,9,81,2
17183,0,0,88,3,9,317
17184,0,0,65,2,4,389
17185,1,0,291.95,4,16,177
17186,0,304.25,846,18,324,5
17187,0,114,308.5,12,144,33
17188,0,0,69,1,1,430
17189,0,0,99,1,1,353
17190,1,0,17,1,1,360
17191,0,32,349,8,64,23
17192,0,0,263,6,36,196
17193,0,0,153,2,4,467
17194,0,0,44,1,1,31
17195,0,0,63.5,2,4,11
17196,0,0,39.5,2,4,478
17197,0,0,44,1,1,385
17198,0,0,136.5,3,9,17
17199,0,0,69,1,1,347
17200,0,0,361.5,3,9,333
17201,0,0,159,1,1,346
17202,0,0,128,4,16,27
17203,0,0,45,1,1,346
17204,1,0,79.45,2,4,345
17205,1,0,217,2,4,116
17206,1,0,264.5,8,64,10
17207,0,0,98.95,3,9,345
17208,0,0,204.5,11,121,345
17209,1,0,98,2,4,345
17210,0,0,87.5,3,9,344
17211,1,0,428,10,100,22
17212,0,0,395.9,6,36,3
17213,1,0,262.9,8,64,143
17214,0,0,22,1,1,343
17215,1,0,399.9,1,1,341
17216,1,0,138,2,4,342
17217,0,0,49,1,1,340
17218,0,0,138,5,25,261
17219,1,0,337,4,16,494
17220,0,0,77.95,3,9,262
17221,0,115,578.5,15,225,4
17222,1,0,161.5,5,25,28
17223,0,0,59,3,9,344
17224,0,0,28.95,2,4,348
17225,0,0,357,3,9,346
17226,1,0,246.5,6,36,63
17227,1,0,337.95,8,64,46
17228,0,0,208,4,16,13
17229,0,0,247,4,16,344
17230,1,87,58,2,4,314
17231,0,0,398,2,4,330
17232,0,0,237,3,9,394
17233,0,0,69.5,1,1,16
17234,0,0,55,2,4,343
17235,1,0,154.4,14,196,95
17236,0,44,48.5,3,9,12
17237,0,0,19,1,1,347
17238,0,0,49,1,1,348
17239,1,96,213.95,6,36,346
17240,1,0,103,2,4,54
17241,1,0,24,1,1,345
17242,1,0,150,4,16,344
17243,0,0,85,1,1,347
17244,1,99,223,3,9,102
17245,0,0,59,1,1,340
17246,1,0,79,2,4,62
17247,0,0,118.95,3,9,121
17248,0,147.85,535.5,14,196,14
17249,1,0,24,1,1,337
17250,1,0,69,1,1,337
17251,0,0,0,1,1,337
17252,0,0,36,2,4,28
17253,1,0,44,1,1,337
17254,0,0,49,1,1,63
17255,0,0,31,1,1,335
17256,0,0,44,1,1,335
17257,0,0,44,1,1,335
17258,0,87.5,234,7,49,329
17259,0,0,34,1,1,335
17260,0,0,208,5,25,334
17261,0,48.5,1208.86,26,676,306
17262,0,0,39.5,1,1,485
17263,0,0,135.6,8,64,123
17264,1,0,75,1,1,388
17265,0,0,156.5,8,64,205
17266,1,0,618.5,7,49,91
17267,0,19,119,3,9,198
17268,1,0,142,5,25,243
17269,1,0,343.5,7,49,98
17270,1,164.9,175.75,8,64,189
17271,1,0,139,2,4,381
17272,0,0,39,1,1,367
17273,0,0,92,2,4,28
17274,0,0,165.5,8,64,23
17275,0,0,219.9,2,4,336
17276,0,0,64.45,2,4,341
17277,0,39.9,100,3,9,666
17278,0,0,37,2,4,46
17279,0,0,315.85,11,121,22
17280,1,0,29.5,1,1,383
17281,0,65.5,31,1,1,26
17282,0,0,48,2,4,335
17283,0,0,68,1,1,390
17284,0,0,30,1,1,390
17285,0,0,69,2,4,17
17286,0,0,143,3,9,28
17287,0,0,34.9,2,4,1
17288,0,0,26,1,1,339
17289,0,0,45,1,1,21
17290,0,83.95,213,4,16,440
17291,0,211.5,714,15,225,69
17292,0,0,130.95,3,9,80
17293,0,0,118.5,2,4,391
17294,0,0,148,4,16,6
17295,1,0,58,2,4,388
17296,1,0,143,4,16,268
17297,0,0,56,1,1,142
17298,1,0,1771.45,36,1296,17
17299,0,0,191.5,7,49,103
17300,1,0,545,10,100,204
17301,0,0,29.5,1,1,399
17302,0,0,93,4,16,142
17303,1,0,120,6,36,388
17304,0,0,174.9,3,9,354
17305,1,0,59,2,4,47
17306,1,0,36,1,1,392
17307,0,0,58,2,4,69
17308,1,15,54,3,9,236
17309,0,0,0,1,1,373
17310,1,0,149,1,1,392
17311,1,124,748.85,19,361,154
17312,1,0,188,2,4,383
17313,0,0,26,1,1,707
17314,1,0,303,4,16,205
17315,0,0,95,5,25,17
17316,0,0,110,2,4,340
17317,0,0,157,4,16,383
17318,0,0,29.5,1,1,392
17319,0,0,149,1,1,39
17320,0,0,1173.9,24,576,63
17321,1,63.5,329.9,10,100,85
17322,1,0,1232.55,28,784,4
17323,0,68,552,12,144,258
17324,0,0,90,3,9,390
17325,0,0,22.95,1,1,380
17326,1,0,166,5,25,380
17327,0,0,164.5,4,16,154
17328,0,0,117,3,9,420
17329,1,29,2038.5,32,1024,5
17330,0,0,20,1,1,555
17331,0,0,182.5,3,9,342
17332,1,0,166,5,25,18
17333,1,12.95,255.5,11,121,3
17334,0,0,272.45,4,16,12
17335,0,0,517,9,81,26
17336,1,122,1778.5,62,3844,4
17337,0,0,59,1,1,482
17338,0,0,22.5,1,1,569
17339,1,0,453.9,7,49,18
17340,1,0,57.95,3,9,342
17341,0,0,186,4,16,160
17342,1,0,131,5,25,154
17343,0,0,328.95,12,144,583
17344,0,0,73.5,3,9,318
17345,0,0,75,1,1,385
17346,1,0,1253.5,30,900,26
17347,1,127.5,73,2,4,15
17348,1,222.5,315.5,7,49,36
17349,0,0,76,2,4,51
17350,0,0,123,2,4,389
17351,1,0,643.4,17,289,5
17352,1,0,347.9,11,121,340
17353,1,66.65,558.8,13,169,2
17354,0,0,237.4,6,36,363
17355,0,0,34,1,1,22
17356,0,0,180.3,6,36,25
17357,1,0,328,4,16,121
17358,0,0,191,4,16,16
17359,1,61.9,0,2,4,63
17360,1,0,248.5,2,4,360
17361,1,0,140.15,3,9,51
17362,0,0,40,1,1,387
17363,1,0,346,4,16,26
17364,1,0,59,1,1,392
17365,0,0,460.95,10,100,16
17366,0,0,44,1,1,337
17367,1,0,344.95,8,64,15
17368,0,0,209,5,25,394
17369,0,0,49.5,1,1,654
17370,1,0,283.9,8,64,76
17371,0,89,258.5,7,49,82
17372,0,0,59,1,1,337
17373,0,0,256.45,9,81,12
17374,0,0,29,1,1,335
17375,0,77,179,4,16,264
17376,0,0,301.5,4,16,67
17377,0,0,358.5,9,81,7
17378,1,0,566.8,11,121,77
17379,0,0,48,2,4,337
17380,0,0,105,1,1,391
17381,0,0,324,2,4,415
17382,0,0,104,5,25,20
17383,1,0,401.9,8,64,65
17384,1,0,44,1,1,376
17385,1,0,216,3,9,334
17386,0,0,39.5,2,4,119
17387,1,0,345,6,36,70
17388,1,0,51,2,4,322
17389,0,0,228,2,4,30
17390,0,0,90,2,4,87
17391,0,0,321.45,9,81,80
17392,1,0,383,12,144,117
17393,0,0,39,1,1,16
17394,0,0,82,3,9,384
17395,0,0,49,1,1,17
17396,0,0,24,1,1,333
17397,1,0,143,4,16,249
17398,0,0,218,2,4,329
17399,0,0,140,4,16,332
17400,0,0,59.9,2,4,339
17401,0,0,270.95,9,81,9
17402,1,15,341,8,64,28
17403,1,0,235,6,36,330
17404,0,0,29,1,1,29
17405,0,199.85,29,1,1,328
17406,0,0,108,3,9,328
17407,1,0,333.5,6,36,17
17408,1,59,222,3,9,397
17409,1,0,409.45,17,289,15
17410,0,0,118,3,9,28
17411,0,0,16,1,1,451
17412,1,0,170,7,49,16
17413,0,0,93.75,4,16,81
17414,0,0,93,3,9,69
17415,0,0,882.5,19,361,16
17416,0,0,21,1,1,27
17417,0,0,223.95,4,16,1
17418,1,0,586,17,289,85
17419,0,0,35,1,1,401
17420,0,0,42.25,2,4,14
17421,1,0,199,1,1,714
17422,0,0,59,1,1,331
17423,1,0,462.35,16,256,1
17424,1,0,442,9,81,25
17425,0,0,48.95,2,4,316
17426,0,0,58.5,2,4,389
17427,0,0,222.5,7,49,27
17428,1,0,72,1,1,288
17429,0,0,197,6,36,26
17430,1,0,657,3,9,530
17431,0,0,34,2,4,364
17432,0,0,120,3,9,547
17433,0,0,59,1,1,304
17434,0,0,89,2,4,334
17435,1,0,44,1,1,393
17436,0,0,49,1,1,333
17437,0,0,28,1,1,37
17438,1,29,93.5,3,9,20
17439,1,45.65,183.4,13,169,66
17440,1,0,230,7,49,379
17441,1,0,333.95,14,196,221
17442,1,29,283.6,12,144,228
17443,0,39,104,2,4,20
17444,0,0,139,1,1,380
17445,1,0,499,1,1,439
17446,1,0,0,1,1,11
17447,0,49.5,302.75,8,64,1
17448,0,0,76,3,9,466
17449,0,99,125,5,25,19
17450,0,0,100.95,3,9,66
17451,0,0,330.7,12,144,24
17452,0,0,64,1,1,542
17453,0,0,19,1,1,331
17454,1,0,445.95,9,81,26
17455,0,0,726.7,32,1024,10
17456,0,82.95,76.5,2,4,23
17457,0,88,638,9,81,214
17458,1,89,317,5,25,18
17459,0,0,139,1,1,333
17460,0,0,172.5,4,16,26
17461,1,0,559.95,6,36,105
17462,0,0,29,1,1,414
17463,0,0,44,1,1,381
17464,0,0,24,2,4,396
17465,0,0,159.35,6,36,153
17466,1,0,225,3,9,211
17467,1,139.5,237.9,5,25,9
17468,0,0,512,12,144,408
17469,1,0,58.5,2,4,376
17470,1,0,328,5,25,407
17471,1,0,74,2,4,275
17472,0,0,138,2,4,88
17473,1,0,161.95,4,16,119
17474,0,0,55,1,1,411
17475,0,0,32,1,1,328
17476,0,0,104.5,5,25,133
17477,0,0,522.95,15,225,24
17478,0,0,58,2,4,105
17479,0,0,48.95,2,4,724
17480,1,0,120.5,5,25,387
17481,1,0,39.5,2,4,90
17482,1,0,255,7,49,237
17483,0,0,75,2,4,434
17484,1,0,315,8,64,296
17485,0,0,80.95,2,4,45
17486,1,0,838.4,28,784,46
17487,1,69,408.95,10,100,17
17488,1,225,2168.5,46,2116,30
17489,1,0,628,19,361,142
17490,1,0,113,3,9,376
17491,1,0,143,6,36,328
17492,0,0,59,2,4,63
17493,1,0,197.5,4,16,51
17494,0,0,44,1,1,19
17495,0,39.5,39.5,1,1,44
17496,0,0,189.8,7,49,39
17497,1,29,201.45,8,64,108
17498,1,0,48.95,2,4,44
17499,0,0,30,1,1,552
17500,1,0,79,3,9,68
17501,0,0,208.5,8,64,21
17502,0,29,219,7,49,291
17503,1,0,262,7,49,334
17504,1,0,29.5,1,1,326
17505,0,0,19.5,1,1,326
17506,0,0,246,5,25,326
17507,1,184.45,369.8,18,324,44
17508,1,0,59,1,1,325
17509,0,0,119,1,1,325
17510,0,0,58,2,4,325
17511,0,0,218.5,3,9,27
17512,0,0,49,1,1,150
17513,1,0,910.2,24,576,28
17514,0,0,35,1,1,324
17515,0,0,69,1,1,324
17516,0,0,210.35,6,36,190
17517,1,0,142.95,2,4,54
17518,1,29.5,212,3,9,56
17519,0,0,41,2,4,253
17520,1,0,77,3,9,70
17521,0,0,99,1,1,28
17522,0,0,709,14,196,114
17523,1,0,645,10,100,20
17524,0,0,175.65,4,16,137
17525,0,0,132.5,3,9,327
17526,0,0,0,1,1,326
17527,0,0,134.5,4,16,118
17528,1,0,566.5,16,256,22
17529,0,99,302.45,6,36,18
17530,0,0,74,2,4,140
17531,0,94.5,44,1,1,327
17532,1,0,89,1,1,324
17533,1,0,516,12,144,304
17534,1,0,74,3,9,322
17535,0,0,89,1,1,435
17536,1,126,339.5,7,49,98
17537,0,0,154,3,9,320
17538,0,0,55.5,2,4,244
17539,0,0,118,2,4,322
17540,1,0,44,1,1,327
17541,1,0,49,1,1,319
17542,0,0,203.95,3,9,4
17543,0,0,44,1,1,80
17544,1,0,196,5,25,29
17545,0,0,283,8,64,23
17546,0,0,149,1,1,315
17547,0,0,132,3,9,316
17548,0,0,39,1,1,316
17549,0,0,16,1,1,314
17550,1,0,440.2,15,225,49
17551,1,68.95,70.95,2,4,108
17552,0,0,348.95,10,100,4
17553,0,0,138,2,4,174
17554,1,79,144,5,25,69
17555,0,0,49.9,2,4,190
17556,1,0,95,2,4,362
17557,1,0,52,1,1,616
17558,0,0,174.85,7,49,348
17559,1,0,505,6,36,22
17560,0,161.75,367.2,10,100,32
17561,0,0,49.5,3,9,536
17562,1,0,69,1,1,119
17563,0,0,59,1,1,384
17564,0,0,242,8,64,89
17565,0,0,384,7,49,10
17566,0,0,22,1,1,319
17567,1,0,220.95,6,36,125
17568,1,0,144.95,5,25,693
17569,0,0,116,4,16,22
17570,0,0,79.9,2,4,149
17571,0,0,30,1,1,147
17572,0,0,42,2,4,14
17573,0,0,89,3,9,319
17574,1,0,199,1,1,90
17575,1,0,123.9,3,9,124
17576,0,0,31.65,3,9,627
17577,0,0,44,1,1,387
17578,0,0,169,1,1,689
17579,1,0,306.5,9,81,156
17580,0,0,59,1,1,319
17581,1,0,375,6,36,16
17582,1,509.55,1907.05,81,6561,3
17583,0,0,99,2,4,66
17584,0,0,348.5,6,36,711
17585,1,0,36,1,1,527
17586,0,0,69,1,1,433
17587,0,0,49,1,1,29
17588,1,0,719.75,17,289,270
17589,1,0,444,6,36,105
17590,1,0,689.5,18,324,15
17591,0,0,234.5,6,36,19
17592,1,0,197,3,9,390
17593,0,0,68.5,2,4,316
17594,1,0,38,2,4,112
17595,0,0,133,2,4,326
17596,1,0,29.5,1,1,211
17597,0,0,379.5,7,49,135
17598,1,0,207.45,10,100,9
17599,1,84,1099.6,28,784,7
17600,0,0,6.25,6,36,79
17601,0,0,200.7,4,16,484
17602,1,0,1126.65,30,900,184
17603,0,0,44,1,1,345
17604,0,0,245,4,16,320
17605,0,0,39,1,1,317
17606,1,0,154,5,25,463
17607,1,32,100,2,4,53
17608,0,0,89,2,4,310
17609,1,0,39,2,4,49
17610,0,12,669.8,22,484,15
17611,0,0,69,1,1,572
17612,0,0,468.5,14,196,21
17613,1,0,175,5,25,194
17614,0,0,59,1,1,309
17615,0,0,59,1,1,309
17616,1,354.5,1958.55,68,4624,12
17617,0,0,36,2,4,308
17618,0,0,75,1,1,308
17619,0,0,270.45,6,36,17
17620,0,0,199,1,1,307
17621,1,0,144,3,9,25
17622,0,0,99,1,1,584
17623,1,0,251.25,9,81,247
17624,1,359.45,2213.35,69,4761,15
17625,1,0,1125,27,729,143
17626,1,0,1059.24,30,900,133
17627,1,0,122,4,16,342
17628,0,0,46,1,1,310
17629,0,0,69,1,1,313
17630,0,0,287,6,36,24
17631,0,0,29,1,1,307
17632,1,0,139.95,3,9,81
17633,0,0,59.95,2,4,86
17634,0,15,89.9,2,4,311
17635,1,0,244,8,64,306
17636,0,0,288.95,4,16,13
17637,1,0,2348.85,48,2304,9
17638,0,0,191.95,7,49,16
17639,0,0,214.95,2,4,472
17640,0,0,343,3,9,24
17641,0,0,95,1,1,308
17642,0,158,98,2,4,308
17643,1,0,59,1,1,309
17644,0,0,29,1,1,309
17645,1,0,242.45,4,16,92
17646,1,0,68.5,2,4,379
17647,0,0,117,3,9,313
17648,0,104,157.5,6,36,258
17649,1,133.5,247.95,7,49,70
17650,0,0,291.85,12,144,78
17651,0,0,20,2,4,501
17652,0,0,257.45,7,49,131
17653,1,0,386,9,81,16
17654,0,0,65,2,4,229
17655,1,0,64.95,2,4,313
17656,0,0,264.5,14,196,7
17657,1,0,231.95,8,64,182
17658,0,0,103.8,7,49,217
17659,0,0,59,1,1,313
17660,1,0,312,6,36,310
17661,0,0,29,1,1,307
17662,1,0,486.5,10,100,19
17663,1,59,167.5,4,16,71
17664,0,0,227.5,5,25,12
17665,0,0,19.95,2,4,310
17666,0,0,58,2,4,304
17667,1,0,119.95,1,1,304
17668,0,0,127.5,4,16,134
17669,1,0,543,14,196,23
17670,0,0,129,1,1,304
17671,0,0,184.95,8,64,303
17672,0,0,49,1,1,303
17673,0,0,43.95,2,4,72
17674,0,0,35,1,1,302
17675,0,0,98,1,1,302
17676,0,0,10,2,4,102
17677,1,0,179,7,49,25
17678,0,0,169,1,1,299
17679,0,0,19,1,1,10
17680,0,0,39,1,1,299
17681,0,0,59,1,1,303
17682,0,0,0,1,1,305
17683,0,0,185,5,25,25
17684,0,0,353.5,9,81,302
17685,1,0,340,7,49,187
17686,0,0,91.8,4,16,301
17687,0,0,163,2,4,306
17688,0,0,888,8,64,69
17689,1,0,796,9,81,84
17690,0,35,65,1,1,304
17691,0,0,97.95,3,9,258
17692,0,0,124.5,6,36,304
17693,0,0,142.4,5,25,55
17694,1,0,258,4,16,308
17695,0,89.5,29,1,1,26
17696,1,0,0,1,1,300
17697,1,123.8,355,12,144,14
17698,0,0,36,1,1,304
17699,1,176.4,306.85,11,121,77
17700,0,39.95,480.4,11,121,151
17701,1,39,488,2,4,392
17702,0,0,88,2,4,150
17703,0,0,160,3,9,304
17704,0,0,39.5,1,1,304
17705,0,0,244.95,6,36,179
17706,0,0,110,2,4,396
17707,1,29,23,1,1,636
17708,1,0,219.5,6,36,303
17709,1,34,801.5,14,196,123
17710,0,0,117,3,9,301
17711,1,0,375.7,9,81,213
17712,0,0,185.15,8,64,306
17713,1,90,231,7,49,304
17714,1,0,34,1,1,312
17715,0,0,75,1,1,388
17716,0,0,58,2,4,333
17717,0,0,29.5,1,1,296
17718,0,0,94.95,1,1,298
17719,0,0,78.95,2,4,299
17720,0,0,199,2,4,266
17721,0,0,39.5,1,1,296
17722,0,0,69,1,1,46
17723,0,0,29,1,1,267
17724,0,0,899.85,31,961,11
17725,0,0,149,1,1,295
17726,0,0,628.5,2,4,17
17727,0,0,59,2,4,63
17728,1,0,165,4,16,50
17729,0,131.45,48.99,2,4,136
17730,0,0,55.95,2,4,257
17731,0,0,109.9,5,25,263
17732,1,0,29,2,4,286
17733,1,0,49,1,1,293
17734,0,26.95,29,1,1,92
17735,0,0,81,2,4,14
17736,0,0,189,1,1,292
17737,0,0,21,1,1,292
17738,1,0,32,2,4,292
17739,0,0,398.3,9,81,26
17740,0,54.5,112,6,36,38
17741,1,0,242,5,25,297
17742,0,0,19.5,3,9,293
17743,0,0,79,1,1,297
17744,1,0,301.95,6,36,273
17745,0,0,88,2,4,140
17746,0,0,99,1,1,298
17747,1,0,666.65,20,400,141
17748,0,0,33,1,1,385
17749,0,105,36,1,1,294
17750,0,0,676.95,24,576,4
17751,1,0,113,4,16,16
17752,1,0,65.95,2,4,133
17753,1,0,42,1,1,297
17754,0,0,143,4,16,299
17755,1,0,331.5,13,169,200
17756,1,0,294,2,4,384
17757,1,0,89,4,16,22
17758,0,0,159,1,1,298
17759,0,180.45,370.9,13,169,20
17760,1,134.5,896.5,26,676,10
17761,0,0,258,2,4,322
17762,1,0,381.5,12,144,43
17763,1,249.5,4169.9,92,8464,25
17764,1,0,19.5,1,1,297
17765,0,0,61.95,3,9,18
17766,0,0,49,1,1,299
17767,0,0,59,1,1,294
17768,1,137.5,501,13,169,343
17769,1,0,42.85,3,9,294
17770,1,0,378.4,5,25,259
17771,1,0,54,2,4,63
17772,0,0,30,1,1,290
17773,0,0,39.5,1,1,290
17774,0,0,93.45,3,9,287
17775,1,82,158,3,9,56
17776,1,0,108,2,4,30
17777,0,0,100,4,16,280
17778,0,0,72,3,9,252
17779,0,0,311,12,144,14
17780,0,0,24,1,1,285
17781,0,55,78.95,3,9,14
17782,1,0,504,13,169,33
17783,1,0,380.2,15,225,284
17784,0,173,93,2,4,245
17785,1,0,157,3,9,280
17786,0,0,39.5,1,1,288
17787,1,0,252.5,8,64,95
17788,0,0,29,1,1,359
17789,0,0,270.45,9,81,80
17790,0,0,78,2,4,296
17791,1,0,337.65,13,169,134
17792,1,0,198,6,36,21
17793,0,24,158,5,25,292
17794,0,0,75,1,1,382
17795,0,0,19.5,1,1,257
17796,0,0,206,7,49,27
17797,0,0,79,1,1,500
17798,1,0,198.75,10,100,1
17799,0,0,69,2,4,298
17800,1,49.9,641.95,18,324,16
17801,1,26,267,9,81,74
17802,1,287.95,1478.45,34,1156,20
17803,0,0,257.5,3,9,376
17804,0,0,49,1,1,114
17805,1,78,323.95,8,64,2
17806,1,0,147.45,6,36,14
17807,0,0,30,1,1,284
17808,0,0,64,2,4,284
17809,0,0,29,1,1,283
17810,1,0,175,1,1,283
17811,0,0,24,1,1,7
17812,0,69,102,3,9,281
17813,1,0,159,4,16,201
17814,0,29.5,231,7,49,21
17815,0,0,50,2,4,27
17816,0,273.95,287,3,9,25
17817,0,0,87,3,9,279
17818,0,9.95,207.95,3,9,139
17819,0,0,39.95,1,1,599
17820,0,14.95,518.55,13,169,32
17821,0,0,363,12,144,262
17822,0,0,53,2,4,196
17823,1,0,1503.45,42,1764,1
17824,0,0,32,1,1,105
17825,0,0,148,4,16,282
17826,0,0,219,4,16,283
17827,1,246.4,281.5,11,121,272
17828,0,0,0,1,1,285
17829,0,0,38,2,4,276
17830,0,0,32,1,1,249
17831,0,0,51,4,16,285
17832,0,0,227,6,36,81
17833,0,0,136,4,16,138
17834,1,0,247,7,49,23
17835,0,49,302,8,64,52
17836,1,0,317.75,10,100,420
17837,1,0,39.5,2,4,495
17838,1,0,508.5,11,121,5
17839,1,0,40,1,1,387
17840,0,109,75,1,1,281
17841,0,0,59,1,1,653
17842,0,0,335,9,81,431
17843,0,0,87.95,4,16,84
17844,0,0,666.5,9,81,18
17845,1,0,311.85,9,81,80
17846,0,153.95,919.95,22,484,19
17847,0,0,0,1,1,392
17848,1,49,423.4,13,169,32
17849,0,0,88.5,2,4,331
17850,0,110,585.25,17,289,6
17851,1,0,176,9,81,61
17852,1,112.95,969.5,39,1521,43
17853,0,0,53,2,4,513
17854,0,0,59.95,1,1,652
17855,0,68,118.9,3,9,681
17856,0,0,157.95,4,16,552
17857,1,0,146,2,4,379
17858,1,0,581,12,144,74
17859,1,29.5,137,4,16,142
17860,0,0,168,4,16,19
17861,1,0,248,6,36,358
17862,0,0,32,1,1,277
17863,1,0,84,2,4,275
17864,0,0,39.5,1,1,275
17865,0,0,114.85,3,9,274
17866,1,0,191,5,25,13
17867,0,0,34,2,4,273
17868,0,0,24.95,1,1,221
17869,0,103,211,6,36,224
17870,0,0,65,1,1,271
17871,0,0,46,1,1,271
17872,0,0,192,5,25,41
17873,1,0,56,2,4,273
17874,0,0,90,2,4,514
17875,0,0,99,1,1,191
17876,1,36,586.35,18,324,14
17877,0,0,56,1,1,273
17878,0,0,89,1,1,279
17879,1,0,55,1,1,387
17880,1,0,24,1,1,273
17881,1,0,1252.7,34,1156,12
17882,1,0,616,5,25,64
17883,0,0,261.95,8,64,17
17884,1,0,118,3,9,295
17885,0,0,162,4,16,2
17886,0,0,75,1,1,660
17887,0,0,96,2,4,275
17888,0,0,36,2,4,278
17889,0,15,394.5,16,256,9
17890,1,0,55,2,4,276
17891,0,0,29,1,1,277
17892,0,239,151,4,16,10
17893,1,0,837,23,529,18
17894,0,0,163.5,4,16,694
17895,1,40.4,1264.6,38,1444,11
17896,1,0,31,1,1,278
17897,0,0,147,3,9,30
17898,1,179.95,1145.35,49,2401,21
17899,0,0,130.95,2,4,199
17900,1,61.9,60.5,3,9,44
17901,0,0,23.5,1,1,275
17902,1,0,148,4,16,60
17903,0,0,121,3,9,83
17904,1,196.95,69,2,4,143
17905,0,0,58,1,1,267
17906,0,0,49,2,4,266
17907,0,43.5,461.65,12,144,18
17908,0,0,107,6,36,225
17909,0,0,38,1,1,265
17910,0,0,148.85,11,121,82
17911,0,56,104,3,9,26
17912,0,0,99,1,1,21
17913,1,0,81.45,2,4,100
17914,1,79,240,6,36,102
17915,0,0,113.95,2,4,627
17916,0,0,89,1,1,270
17917,0,0,49.5,1,1,54
17918,0,0,252.5,9,81,11
17919,0,0,494.85,16,256,30
17920,0,0,355,13,169,21
17921,0,154.45,158,4,16,46
17922,1,0,89,1,1,266
17923,1,0,71,3,9,39
17924,0,0,189,1,1,120
17925,0,0,426,10,100,168
17926,1,930,1526.9,29,841,3
17927,1,138,367,8,64,16
17928,1,0,200,6,36,41
17929,0,0,56,2,4,266
17930,0,0,19.5,1,1,266
17931,0,0,108.5,2,4,379
17932,1,0,20,1,1,268
17933,0,0,260,6,36,47
17934,0,0,242,5,25,59
17935,1,88,522.45,13,169,131
17936,1,0,885.45,24,576,12
17937,1,99,4284.2,83,6889,23
17938,1,0,336,4,16,207
17939,0,62.5,271.5,8,64,269
17940,0,36.25,47.5,2,4,270
17941,1,0,379,9,81,27
17942,0,50,124.45,9,81,18
17943,0,0,18,1,1,270
17944,0,0,433.9,13,169,99
17945,1,0,141.95,5,25,133
17946,0,38,130,7,49,23
17947,0,0,307.95,5,25,266
17948,0,49.9,478,13,169,26
17949,1,0,393,8,64,54
17950,1,0,892,28,784,17
17951,0,0,24,1,1,262
17952,0,0,103.95,2,4,33
17953,0,0,30,3,9,262
17954,1,0,174.9,7,49,79
17955,0,0,104,2,4,260
17956,0,0,118,2,4,223
17957,0,20.93,70,3,9,92
17958,1,0,101,3,9,258
17959,0,0,46,1,1,259
17960,0,0,59,1,1,245
17961,0,149,361,10,100,199
17962,0,0,80,4,16,262
17963,1,0,130.95,4,16,16
17964,0,0,58,3,9,19
17965,0,0,77.95,2,4,264
17966,1,0,131.15,8,64,261
17967,1,0,488,9,81,263
17968,1,22.5,127.9,4,16,245
17969,0,0,108.9,4,16,258
17970,0,0,0,1,1,260
17971,0,0,79,2,4,261
17972,0,0,175,5,25,261
17973,0,0,1069.5,21,441,51
17974,0,14,232,8,64,18
17975,0,0,206,4,16,65
17976,0,0,159.85,3,9,390
17977,1,0,433.5,13,169,171
17978,0,0,820.95,15,225,31
17979,1,332.85,377.5,15,225,14
17980,1,0,587.45,13,169,128
17981,1,0,519.9,11,121,205
17982,0,49.45,440.9,15,225,263
17983,0,0,128,2,4,258
17984,0,0,131.5,6,36,22
17985,0,0,57,2,4,261
17986,0,0,0,2,4,95
17987,1,0,169,2,4,382
17988,0,0,477.5,15,225,260
17989,0,0,99,1,1,247
17990,1,0,116,4,16,254
17991,0,0,20,1,1,253
17992,0,0,115,4,16,253
17993,0,0,139,1,1,253
17994,0,24.95,88,3,9,243
17995,0,0,24,1,1,250
17996,0,0,412.5,10,100,94
17997,1,86.5,832,14,196,50
17998,1,0,424,10,100,256
17999,0,0,59,1,1,100
18000,0,85,389,6,36,86
18001,0,0,0,1,1,346
18002,0,60,250.35,13,169,75
18003,0,0,222,10,100,27
18004,1,0,123,2,4,57
18005,0,0,95.5,3,9,32
18006,0,0,39,1,1,688
18007,1,0,36.5,1,1,390
18008,0,69.7,64.85,3,9,251
18009,0,0,266,12,144,258
18010,1,0,478,2,4,514
18011,0,0,59.5,1,1,705
18012,0,0,30,1,1,707
18013,1,0,1281.5,18,324,83
18014,1,0,109,4,16,40
18015,0,0,365.5,9,81,18
18016,1,0,155,6,36,252
18017,0,0,156.95,4,16,29
18018,0,0,69,1,1,451
18019,1,0,58,2,4,254
18020,0,0,10.95,1,1,312
18021,1,0,76,3,9,158
18022,1,0,1377.4,30,900,9
18023,0,0,88.5,2,4,255
18024,0,109,337,5,25,39
18025,1,0,297.6,12,144,10
18026,0,165,187,2,4,29
18027,1,0,109,3,9,47
18028,1,0,149.5,5,25,73
18029,0,0,39,1,1,249
18030,0,0,82.95,3,9,248
18031,0,0,37,1,1,248
18032,0,0,117.5,3,9,92
18033,0,0,0,1,1,245
18034,0,0,119,4,16,64
18035,0,0,37,1,1,243
18036,0,0,36,1,1,425
18037,1,0,141,3,9,103
18038,0,0,77,5,25,402
18039,0,73,115,6,36,137
18040,0,0,119,1,1,32
18041,1,133.5,29,1,1,391
18042,0,0,19.5,3,9,281
18043,0,121.95,27,1,1,645
18044,0,0,222,4,16,150
18045,0,0,24,1,1,378
18046,0,0,63,2,4,96
18047,0,124.95,334.95,8,64,616
18048,0,0,79,3,9,37
18049,0,0,86.2,6,36,8
18050,0,0,29,1,1,203
18051,0,0,265.5,10,100,25
18052,0,0,0,1,1,373
18053,1,0,508,11,121,134
18054,0,0,59,1,1,23
18055,1,0,347.5,8,64,60
18056,0,0,49.5,1,1,391
18057,0,0,68,2,4,107
18058,0,0,575.85,26,676,13
18059,0,0,161,3,9,18
18060,1,0,118,2,4,392
18061,1,0,49,1,1,83
18062,1,0,99,4,16,47
18063,0,0,89,1,1,712
18064,1,0,266,8,64,138
18065,0,0,61.95,2,4,724
18066,1,0,589,13,169,14
18067,0,0,134,6,36,504
18068,0,0,85,1,1,300
18069,1,0,39.5,1,1,244
18070,0,0,149,1,1,396
18071,0,0,16.95,1,1,716
18072,1,0,126.6,10,100,109
18073,0,0,250,5,25,244
18074,0,0,111,3,9,11
18075,0,0,448,11,121,25
18076,0,0,195,3,9,431
18077,0,0,410,12,144,217
18078,1,0,1247,39,1521,226
18079,0,0,155,2,4,291
18080,0,152,287,5,25,11
18081,1,0,19,1,1,38
18082,1,0,44,2,4,249
18083,1,0,29.5,1,1,16
18084,0,0,49.5,1,1,720
18085,1,0,46,1,1,415
18086,1,383.95,2549.7,85,7225,18
18087,0,0,89,2,4,10
18088,1,0,285.95,7,49,39
18089,0,89,582,6,36,67
18090,1,28.9,843.49,29,841,26
18091,1,0,34,3,9,372
18092,1,0,39,1,1,384
18093,0,0,188,2,4,26
18094,0,0,44,1,1,375
18095,0,0,160.5,10,100,14
18096,0,0,118,2,4,88
18097,1,29,168,4,16,46
18098,0,0,99,1,1,352
18099,1,69,172,3,9,177
18100,0,0,29,1,1,122
18101,0,0,39.5,1,1,266
18102,0,0,44,2,4,56
18103,1,0,458,11,121,32
18104,0,0,119,3,9,472
18105,1,0,577.3,11,121,19
18106,1,128.95,2365.6,86,7396,73
18107,1,0,261.9,9,81,19
18108,1,0,76,2,4,19
18109,0,0,39,1,1,580
18110,0,0,39.5,1,1,44
18111,1,0,136,2,4,92
18112,0,0,20,1,1,246
18113,0,145,129,1,1,423
18114,0,0,24.95,1,1,707
18115,0,0,191.5,9,81,26
18116,1,0,407.95,9,81,137
18117,1,0,187.95,6,36,23
18118,1,0,305.95,13,169,62
18119,1,0,39.5,1,1,389
18120,1,0,186.7,5,25,226
18121,0,0,122.93,5,25,468
18122,1,0,340,4,16,64
18123,0,0,79,1,1,56
18124,1,305.8,1092.75,31,961,59
18125,0,0,26.9,2,4,145
18126,0,0,275,1,1,86
18127,0,0,139,1,1,397
18128,0,0,447,21,441,381
18129,0,0,29.5,1,1,12
18130,0,0,65,1,1,11
18131,0,0,78,2,4,311
18132,0,0,39,2,4,33
18133,0,0,56,1,1,58
18134,0,0,0,2,4,379
18135,0,0,106.9,8,64,60
18136,1,0,41,1,1,698
18137,0,0,89,1,1,23
18138,1,0,89,1,1,329
18139,0,0,38,1,1,399
18140,0,0,433.6,8,64,370
18141,1,0,147,4,16,349
18142,0,0,0,1,1,706
18143,0,0,171,2,4,391
18144,0,97,57,2,4,41
18145,0,0,39.5,2,4,487
18146,0,0,115,3,9,400
18147,0,0,68.85,3,9,73
18148,0,0,99,2,4,336
18149,1,0,262,5,25,378
18150,0,0,99.5,1,1,721
18151,1,0,69,3,9,104
18152,1,0,211,4,16,421
18153,0,0,27.85,3,9,25
18154,0,0,42.5,1,1,14
18155,0,0,49,1,1,505
18156,0,0,208,5,25,635
18157,1,0,625.15,18,324,3
18158,0,0,168,2,4,533
18159,0,0,398.65,12,144,654
18160,1,0,336,13,169,155
18161,0,0,85,2,4,29
18162,1,19.5,621,18,324,17
18163,1,0,59,1,1,247
18164,1,0,234,6,36,415
18165,1,0,474,6,36,500
18166,0,0,78,2,4,297
18167,0,6.75,391.5,12,144,26
18168,0,0,29,1,1,29
18169,1,0,69,2,4,382
18170,0,0,103.5,2,4,467
18171,1,0,83,3,9,83
18172,0,0,79,3,9,486
18173,1,0,129.21,10,100,189
18174,0,168,50,2,4,515
18175,0,0,127,4,16,242
18176,1,50,201.9,7,49,241
18177,0,0,29,1,1,238
18178,0,0,24.5,1,1,237
18179,0,0,20,1,1,237
18180,1,0,39.5,2,4,493
18181,0,0,39,1,1,493
18182,0,0,156,7,49,266
18183,1,0,95,5,25,252
18184,1,0,232,9,81,240
18185,0,0,39.5,2,4,139
18186,1,0,159,1,1,492
18187,0,0,85.5,3,9,410
18188,0,0,90,3,9,91
18189,0,0,126,3,9,39
18190,0,203.65,64,3,9,27
18191,0,0,108.9,3,9,253
18192,1,0,22,1,1,218
18193,1,0,154,3,9,336
18194,0,54,46,2,4,78
18195,0,0,256,6,36,359
18196,0,0,113,2,4,396
18197,1,0,215,4,16,56
18198,0,153.5,229,7,49,239
18199,0,0,109.5,4,16,484
18200,1,0,176.5,6,36,674
18201,1,0,80,2,4,465
18202,0,0,447.4,26,676,40
18203,0,0,186.95,5,25,12
18204,0,58,199,1,1,27
18205,0,0,92.7,7,49,73
18206,1,0,108.85,4,16,29
18207,0,0,497,3,9,426
18208,0,0,64.5,2,4,186
18209,0,0,44.5,2,4,246
18210,0,0,359,3,9,350
18211,0,0,376.75,8,64,232
18212,1,0,547,6,36,618
18213,0,0,49.5,1,1,299
18214,0,0,198.5,5,25,14
18215,0,0,58,2,4,243
18216,0,0,49,1,1,617
18217,0,0,49.95,1,1,237
18218,0,0,153.5,6,36,84
18219,1,0,82.5,3,9,238
18220,1,0,77,4,16,386
18221,0,0,75,1,1,239
18222,1,0,500.9,13,169,240
18223,1,78.95,152,4,16,240
18224,0,0,56,2,4,243
18225,0,0,650,12,144,101
18226,1,0,359.95,14,196,31
18227,0,0,29,2,4,230
18228,0,0,79,1,1,555
18229,0,0,24.5,2,4,249
18230,1,0,144,2,4,36
18231,0,0,107.95,3,9,9
18232,1,0,234.95,7,49,61
18233,1,0,144,3,9,241
18234,1,0,279,1,1,340
18235,0,0,261,6,36,47
18236,0,0,142.3,10,100,105
18237,1,39,741.5,10,100,241
18238,1,57.5,194,8,64,61
18239,0,0,109,1,1,193
18240,0,0,847,14,196,13
18241,1,39.9,186,5,25,47
18242,0,0,61,3,9,25
18243,1,0,135.55,10,100,26
18244,1,0,128,6,36,149
18245,1,0,99,1,1,255
18246,1,23.25,288.95,7,49,21
18247,1,0,165.5,5,25,50
18248,0,0,53,2,4,241
18249,1,319.08,1345.95,44,1936,13
18250,0,0,65,2,4,656
18251,0,87.95,38,1,1,333
18252,0,0,428,14,196,19
18253,0,0,30,1,1,240
18254,0,0,59,3,9,233
18255,0,0,59,1,1,235
18256,1,114.85,537,5,25,235
18257,0,0,68,2,4,29
18258,0,0,119,3,9,234
18259,1,34,408.25,13,169,92
18260,0,0,194,5,25,2
18261,0,0,35,1,1,140
18262,1,59,567.45,14,196,201
18263,0,0,90,4,16,17
18264,1,34.7,498.9,17,289,195
18265,0,0,247,6,36,21
18266,1,110,1118.45,24,576,23
18267,1,0,522.15,15,225,21
18268,1,0,657.45,14,196,236
18269,0,84,180,3,9,22
18270,0,0,217.3,11,121,235
18271,0,0,49.95,2,4,218
18272,1,178.75,1074.5,28,784,13
18273,0,0,194,14,196,233
18274,0,0,91,2,4,237
18275,0,0,102.4,4,16,236
18276,0,81.75,192.55,10,100,24
18277,1,12,381,9,81,5
18278,1,0,39,1,1,236
18279,0,0,493.5,17,289,37
18280,1,0,401,7,49,57
18281,0,0,93.9,3,9,235
18282,1,0,144.85,5,25,237
18283,0,0,231.5,8,64,233
18284,1,0,104,5,25,230
18285,0,0,93,2,4,235
18286,1,197.5,255,4,16,46
18287,0,0,30,1,1,16
18288,1,0,403,7,49,193
18289,1,0,393,12,144,43
18290,0,0,79,1,1,227
18291,0,0,84,4,16,150
18292,0,0,52,2,4,225
18293,0,0,39.95,1,1,224
18294,0,0,333.95,3,9,210
18295,0,0,99,1,1,224
18296,0,0,69,1,1,179
18297,0,0,573.85,14,196,24
18298,0,0,207,4,16,465
18299,0,0,192.2,10,100,229
18300,0,0,282.95,4,16,11
18301,0,0,154.95,3,9,229
18302,0,0,193,3,9,224
18303,0,0,52,2,4,229
18304,1,0,928.5,8,64,226
18305,1,0,45,1,1,229
18306,0,0,267.25,10,100,235
18307,1,0,138,2,4,203
18308,0,0,777.95,18,324,12
18309,1,0,123.4,17,289,42
18310,1,0,798.95,23,529,100
18311,0,103.5,103.5,2,4,21
18312,0,0,10,1,1,223
18313,1,0,504.8,13,169,16
18314,0,0,39,1,1,226
18315,1,0,354,8,64,28
18316,0,0,69,1,1,228
18317,1,0,108.45,3,9,227
18318,1,0,549.5,14,196,225
18319,1,0,278,10,100,227
18320,1,0,346.95,14,196,8
18321,0,0,64,3,9,228
18322,1,0,374,6,36,58
18323,1,0,248,2,4,225
18324,0,0,25,1,1,228
18325,0,0,27.5,1,1,228
18326,1,0,196.9,6,36,20
18327,0,0,51.85,6,36,228
18328,0,19.95,285.75,9,81,231
18329,0,0,151.45,4,16,21
18330,0,0,50,2,4,221
18331,0,88.5,284.95,19,361,20
18332,1,0,110,1,1,219
18333,0,0,74,1,1,219
18334,1,0,39,1,1,218
18335,0,0,29,2,4,218
18336,0,0,25,2,4,227
18337,1,0,68,3,9,196
18338,0,0,58,2,4,216
18339,1,38,1766.9,56,3136,3
18340,0,0,152.95,3,9,216
18341,1,28,519.19,22,484,41
18342,1,0,67.9,3,9,62
18343,0,0,0,1,1,220
18344,1,174,711.45,14,196,25
18345,1,0,69.25,4,16,221
18346,1,95.95,1549.4,51,2601,33
18347,1,39,952.9,29,841,21
18348,1,102,92,4,16,217
18349,1,0,213.25,12,144,128
18350,0,0,0,1,1,219
18351,1,417,78.95,2,4,342
18352,0,0,41,2,4,219
18353,0,0,168,2,4,220
18354,1,29,1130,25,625,14
18355,0,0,35,1,1,450
18356,0,0,83.95,2,4,214
18357,1,0,128.8,6,36,160
18358,0,0,251.5,6,36,153
18359,1,0,81,2,4,211
18360,0,0,79,3,9,205
18361,0,0,84,4,16,139
18362,1,0,246.85,9,81,157
18363,0,0,323.75,7,49,109
18364,1,0,220,9,81,95
18365,0,111.95,1059.75,37,1369,14
18366,0,159.5,430,10,100,22
18367,0,0,44,1,1,27
18368,1,39.95,59.95,2,4,327
18369,0,0,112.5,4,16,263
18370,1,221,1121.5,27,729,22
18371,1,0,427,10,100,71
18372,0,0,418.5,9,81,20
18373,0,0,183,3,9,17
18374,0,0,84,1,1,15
18375,1,0,150,2,4,412
18376,0,0,35,1,1,436
18377,0,0,152.5,3,9,13
18378,0,0,0,1,1,429
18379,0,0,34.95,1,1,366
18380,0,0,10,1,1,421
18381,1,0,633.5,12,144,25
18382,1,0,177,4,16,32
18383,1,0,366.45,8,64,23
18384,0,0,147.5,5,25,15
18385,1,49.5,838.5,13,169,20
18386,1,0,164,6,36,36
18387,0,0,68,2,4,213
18388,1,0,171.95,3,9,212
18389,0,0,93,3,9,210
18390,1,0,119,4,16,389
18391,1,29,605.45,18,324,17
18392,0,124.2,1101,36,1296,8
18393,0,0,0,1,1,159
18394,0,0,16,1,1,210
18395,0,0,516.65,12,144,23
18396,1,0,206.5,7,49,355
18397,0,0,305.93,11,121,13
18398,1,0,1260.6,30,900,19
18399,0,0,86,2,4,408
18400,1,0,380,10,100,72
18401,0,0,49,1,1,425
18402,1,0,2678,7,49,196
18403,0,0,210.95,4,16,61
18404,1,0,38,2,4,209
18405,0,0,115,2,4,427
18406,1,84.9,233.95,6,36,550
18407,1,0,183.5,7,49,386
18408,0,69,776.85,21,441,7
18409,0,0,167.9,4,16,388
18410,1,284.5,836,32,1024,15
18411,1,0,68,2,4,285
18412,0,0,556.95,16,256,586
18413,1,0,646.3,12,144,24
18414,0,34,29,1,1,403
18415,1,0,227,3,9,401
18416,0,0,167,3,9,5
18417,0,0,38,2,4,413
18418,0,0,46,1,1,55
18419,0,0,116,7,49,214
18420,0,0,1332.95,25,625,103
18421,0,0,89,1,1,358
18422,1,119,320,10,100,389
18423,1,0,49,1,1,301
18424,0,72.8,401.05,18,324,33
18425,0,0,252,3,9,24
18426,0,49,221.05,13,169,151
18427,1,877.8,6100.24,148,21904,2
18428,1,476.95,1455.7,23,529,9
18429,1,0,118,2,4,499
18430,0,0,265.85,10,100,413
18431,1,0,170,3,9,358
18432,0,198.9,376.15,12,144,13
18433,0,0,99,1,1,292
18434,0,0,665.9,21,441,5
18435,0,0,85,1,1,19
18436,1,0,113.95,2,4,686
18437,1,0,110.95,3,9,190
18438,1,0,75,1,1,48
18439,0,0,193.7,7,49,137
18440,0,0,0,1,1,27
18441,0,39,49.95,1,1,370
18442,1,114.5,106.95,2,4,98
18443,1,0,109,1,1,564
18444,0,0,65,2,4,390
18445,0,0,39.5,1,1,207
18446,1,0,50,1,1,206
18447,0,0,109,1,1,205
18448,1,0,235.5,5,25,141
18449,0,0,253,3,9,204
18450,0,0,148,3,9,204
18451,0,0,29,4,16,16
18452,1,0,29.5,1,1,92
18453,1,0,175,3,9,204
18454,1,0,87.5,3,9,681
18455,1,0,925.1,35,1225,18
18456,0,0,1087.99,23,529,26
18457,0,0,0,1,1,203
18458,0,0,39.5,2,4,452
18459,1,0,484.9,8,64,202
18460,1,0,302,8,64,30
18461,1,0,25,1,1,202
18462,0,0,39,1,1,207
18463,0,0,237.45,8,64,424
18464,0,0,93,2,4,26
18465,0,0,29,1,1,204
18466,0,0,39.95,1,1,202
18467,0,161.5,865.4,22,484,18
18468,1,0,398.5,8,64,20
18469,0,35,69.95,1,1,205
18470,1,0,109.85,3,9,186
18471,0,53.5,18.95,1,1,216
18472,0,0,1195,29,841,69
18473,0,0,157,3,9,205
18474,0,0,25,1,1,206
18475,0,0,37,2,4,207
18476,0,0,16.45,2,4,206
18477,1,0,69.95,6,36,15
18478,0,0,715,7,49,216
18479,1,0,490.5,18,324,199
18480,0,0,29.5,1,1,204
18481,1,0,402.5,10,100,208
18482,1,0,419.9,11,121,10
18483,0,52,1076.25,35,1225,11
18484,0,0,59,1,1,207
18485,1,0,81.45,3,9,9
18486,0,0,73,3,9,408
18487,0,0,113,3,9,207
18488,1,0,94,2,4,76
18489,0,0,69,1,1,207
18490,0,0,45,1,1,185
18491,0,0,128.95,2,4,213
18492,0,36,50,2,4,606
18493,0,79,31,1,1,200
18494,0,0,78,2,4,198
18495,0,0,25,1,1,198
18496,0,0,18.95,1,1,197
18497,0,0,109,7,49,159
18498,0,0,148.9,3,9,196
18499,0,0,78.5,2,4,182
18500,0,0,69.95,1,1,191
18501,1,0,492.15,16,256,3
18502,0,0,91,3,9,194
18503,0,0,88.5,3,9,353
18504,1,55.5,665.1,22,484,5
18505,1,0,143,3,9,196
18506,0,0,511,5,25,73
18507,0,0,49.5,2,4,202
18508,0,0,136.25,4,16,199
18509,0,284.9,789.25,25,625,18
18510,0,162.5,1271.3,40,1600,9
18511,1,0,34,2,4,198
18512,1,0,552.85,16,256,134
18513,0,29.5,39.5,1,1,198
18514,0,0,470,10,100,25
18515,1,0,136.9,6,36,186
18516,0,0,97,3,9,11
18517,0,0,69,2,4,198
18518,1,0,27,1,1,200
18519,1,226.5,479.35,17,289,48
18520,0,0,48.95,2,4,195
18521,0,129,338,9,81,15
18522,1,93,183.9,3,9,136
18523,1,0,533,7,49,26
18524,1,0,203,2,4,191
18525,1,0,88,6,36,173
18526,0,0,101.5,3,9,167
18527,0,0,440.6,18,324,139
18528,1,0,99.9,2,4,188
18529,0,0,40,1,1,191
18530,1,0,268.5,3,9,499
18531,1,0,353.5,12,144,23
18532,0,0,17.9,1,1,325
18533,0,0,325.5,7,49,415
18534,0,0,55.5,2,4,13
18535,0,0,108,3,9,15
18536,0,0,0,1,1,193
18537,0,0,18,1,1,462
18538,0,0,78,4,16,378
18539,0,0,119.95,5,25,12
18540,1,0,260,11,121,43
18541,0,0,88,2,4,28
18542,0,0,49,1,1,489
18543,0,0,49,1,1,392
18544,0,0,138,1,1,385
18545,0,0,90,2,4,27
18546,1,0,72,2,4,395
18547,0,0,281.5,4,16,386
18548,0,0,25,1,1,146
18549,0,0,110,5,25,25
18550,1,0,75,1,1,540
18551,0,0,92.4,4,16,38
18552,0,10.95,308.34,19,361,159
18553,0,0,76,3,9,192
18554,0,0,30.9,2,4,189
18555,0,0,83.5,2,4,27
18556,1,0,267,3,9,188
18557,0,0,459.5,15,225,132
18558,1,0,405.5,6,36,154
18559,0,0,137.5,4,16,188
18560,0,0,489,6,36,29
18561,0,0,69,1,1,194
18562,0,0,179.25,8,64,419
18563,0,59,24,1,1,452
18564,1,0,69,1,1,379
18565,0,0,481.95,9,81,57
18566,1,0,348.45,11,121,162
18567,0,0,41.95,2,4,79
18568,0,0,88,2,4,336
18569,0,0,99,1,1,402
18570,0,0,156,4,16,30
18571,1,0,540.6,26,676,17
18572,1,521.45,405.4,9,81,44
18573,0,0,39,1,1,461
18574,0,0,6,1,1,194
18575,1,0,868.45,9,81,22
18576,0,18,49.95,1,1,337
18577,1,0,72,1,1,353
18578,0,0,368.5,6,36,8
18579,0,0,320,5,25,23
18580,0,29,235.6,10,100,150
18581,0,0,455,13,169,13
18582,1,0,234,7,49,11
18583,0,0,65,1,1,441
18584,0,20.9,508.9,7,49,141
18585,0,0,38,1,1,485
18586,0,0,185,4,16,359
18587,1,0,83.7,6,36,52
18588,0,0,39.5,2,4,147
18589,0,0,60,1,1,184
18590,0,0,216,5,25,22
18591,0,0,70,2,4,157
18592,0,0,53,2,4,37
18593,0,0,400.8,13,169,188
18594,1,0,528,10,100,10
18595,0,0,367.9,11,121,29
18596,0,0,180,5,25,20
18597,1,63,376,13,169,65
18598,1,0,360.4,8,64,182
18599,0,0,214,2,4,399
18600,1,0,29,1,1,389
18601,1,59.4,290.35,8,64,22
18602,0,58.94,251.6,11,121,184
18603,0,0,39,1,1,727
18604,1,0,372,8,64,27
18605,0,0,99,1,1,229
18606,0,0,164,3,9,108
18607,0,0,59,2,4,182
18608,0,0,222,9,81,205
18609,1,130.4,458.4,16,256,94
18610,0,0,272.45,6,36,126
18611,0,0,131,4,16,182
18612,1,0,197.65,7,49,184
18613,1,625.75,709.75,15,225,40
18614,0,0,39.5,1,1,187
18615,1,0,2881.95,80,6400,4
18616,1,97,235,11,121,13
18617,1,59,97.95,3,9,190
18618,1,0,738.5,21,441,24
18619,1,0,80.5,3,9,85
18620,1,0,45,1,1,340
18621,0,0,34.9,2,4,186
18622,0,0,100,2,4,183
18623,1,0,599,1,1,174
18624,1,0,53.85,3,9,165
18625,1,0,166.5,4,16,14
18626,1,0,294,14,196,55
18627,0,0,17,1,1,173
18628,0,104.5,213.95,4,16,119
18629,0,0,80,1,1,129
18630,1,0,69,1,1,274
18631,0,20,86,3,9,44
18632,0,0,37.85,3,9,178
18633,0,0,106.45,4,16,176
18634,1,0,243.95,4,16,320
18635,0,0,39.5,2,4,137
18636,0,0,48,4,16,62
18637,1,0,884.75,38,1444,16
18638,1,0,276.15,22,484,181
18639,1,0,124.5,6,36,15
18640,0,44,90,4,16,31
18641,1,0,89,5,25,176
18642,1,0,79,4,16,174
18643,1,0,269,3,9,506
18644,1,22.95,587.3,12,144,41
18645,1,0,51,2,4,175
18646,0,0,76.5,3,9,175
18647,1,134.45,453.3,12,144,32
18648,1,0,89.5,4,16,104
18649,0,65,187.5,6,36,222
18650,0,0,189.95,5,25,180
18651,1,70.75,488.2,12,144,15
18652,0,29,410.45,11,121,28
18653,1,0,10,1,1,180
18654,1,0,158.95,6,36,143
18655,0,0,107,3,9,171
18656,1,0,49,1,1,147
18657,0,0,35,2,4,170
18658,0,0,36,1,1,169
18659,1,0,915.45,28,784,27
18660,0,0,0,1,1,169
18661,0,0,75,3,9,107
18662,0,0,113,2,4,25
18663,0,89,98,2,4,169
18664,0,0,89.5,4,16,145
18665,0,0,99,1,1,169
18666,0,0,341.5,12,144,17
18667,0,0,89,4,16,84
18668,0,0,168,5,25,67
18669,0,0,153,4,16,168
18670,0,0,112,5,25,167
18671,0,0,35,1,1,167
18672,0,0,93,2,4,167
18673,1,0,78.5,3,9,145
18674,0,0,15,1,1,167
18675,0,0,251.99,9,81,108
18676,1,0,374,6,36,52
18677,1,0,212.95,12,144,167
18678,0,0,12.45,2,4,167
18679,1,0,288.3,5,25,164
18680,0,0,90,3,9,168
18681,0,0,147.35,6,36,253
18682,0,12,346,9,81,32
18683,1,22,58,2,4,167
18684,0,0,39.5,2,4,167
18685,0,0,186,5,25,171
18686,1,0,194,6,36,185
18687,0,0,137.99,7,49,170
18688,1,85,63,2,4,39
18689,1,112.95,117,3,9,63
18690,0,158,257,9,81,44
18691,0,0,90,2,4,173
18692,1,0,373.5,8,64,24
18693,0,0,56,1,1,167
18694,0,0,39.5,3,9,170
18695,1,0,55,2,4,67
18696,0,0,47,2,4,169
18697,0,0,56,1,1,153
18698,0,0,69,1,1,383
18699,0,0,1465.75,37,1369,96
18700,1,0,240.4,12,144,37
18701,0,0,29,1,1,168
18702,1,0,68,2,4,169
18703,0,0,222,6,36,16
18704,0,0,49,1,1,167
18705,0,0,68,2,4,728
18706,1,0,49,2,4,173
18707,0,99,712.45,11,121,162
18708,1,0,488,7,49,174
18709,1,0,138.4,8,64,36
18710,1,0,876.15,38,1444,14
18711,0,0,60,1,1,168
18712,1,0,18,1,1,124
18713,1,99,237,5,25,329
18714,0,0,44,1,1,170
18715,0,0,143.65,7,49,169
18716,1,0,99.5,4,16,56
18717,0,0,25,2,4,170
18718,1,96.5,232.4,12,144,52
18719,1,0,755.85,16,256,35
18720,0,0,106,3,9,63
18721,0,0,112.5,3,9,164
18722,0,0,99,2,4,157
18723,0,0,24.5,1,1,164
18724,1,0,50,2,4,163
18725,1,0,107,4,16,136
18726,0,0,75,4,16,163
18727,0,0,59.9,1,1,163
18728,1,0,1051.3,17,289,91
18729,0,0,72,3,9,29
18730,0,0,59,1,1,163
18731,0,0,72,2,4,162
18732,0,0,39.5,2,4,162
18733,0,0,248,2,4,162
18734,0,0,39.5,2,4,162
18735,0,0,24,1,1,161
18736,1,0,25,1,1,161
18737,1,0,24,1,1,161
18738,0,0,39.5,2,4,161
18739,0,0,396.5,5,25,2
18740,0,0,75,2,4,161
18741,0,0,28.5,1,1,161
18742,0,0,103.5,2,4,106
18743,0,0,57,2,4,3
18744,0,0,15,1,1,160
18745,1,0,68.95,2,4,67
18746,1,0,189,10,100,160
18747,0,0,59,2,4,160
18748,0,0,45,3,9,29
18749,0,0,49,1,1,159
18750,1,56,75,2,4,159
18751,0,0,273.9,4,16,132
18752,0,0,31,1,1,159
18753,0,0,90.28,9,81,124
18754,1,0,65,1,1,390
18755,1,0,147.95,3,9,328
18756,1,0,640,16,256,16
18757,0,34,122.95,5,25,14
18758,1,0,907,21,441,24
18759,0,0,49,1,1,165
18760,0,88,393,8,64,1
18761,1,0,277,3,9,164
18762,0,0,138,2,4,165
18763,0,0,364.5,13,169,18
18764,0,0,35,1,1,506
18765,0,0,58,3,9,394
18766,0,0,59,1,1,164
18767,0,0,18,1,1,165
18768,0,0,64.45,5,25,170
18769,1,0,244,10,100,225
18770,0,0,179,7,49,111
18771,1,0,60,2,4,52
18772,0,0,170,8,64,23
18773,1,0,133.8,5,25,88
18774,0,92,49.95,1,1,342
18775,0,0,29,1,1,91
18776,1,0,242.2,5,25,575
18777,0,0,103.9,3,9,503
18778,0,0,92,2,4,177
18779,0,0,175,4,16,149
18780,1,0,445.15,15,225,166
18781,1,0,262.5,6,36,160
18782,0,133,124,4,16,165
18783,0,0,865,15,225,163
18784,0,0,102.5,3,9,19
18785,0,0,157,4,16,623
18786,1,0,35,1,1,652
18787,1,0,29,1,1,96
18788,0,0,29,1,1,391
18789,0,0,768,5,25,269
18790,0,0,26,1,1,595
18791,0,0,196,6,36,25
18792,1,32.62,224.5,7,49,5
18793,0,0,45,1,1,203
18794,1,69,88,2,4,154
18795,1,0,280,7,49,51
18796,1,0,369.5,10,100,244
18797,0,0,64.5,1,1,20
18798,1,0,100,2,4,336
18799,1,0,300,7,49,202
18800,0,0,152.9,3,9,557
18801,0,0,259,7,49,161
18802,0,0,35,1,1,163
18803,0,0,28,1,1,330
18804,1,0,205.5,4,16,162
18805,0,0,59.95,1,1,610
18806,1,0,421.9,11,121,1
18807,0,0,503.45,18,324,12
18808,0,0,56,1,1,166
18809,1,0,79.95,3,9,162
18810,1,161,306,8,64,93
18811,0,0,88.5,3,9,394
18812,0,0,19.5,1,1,164
18813,0,0,109,3,9,383
18814,0,0,111.5,2,4,397
18815,0,0,192.5,6,36,15
18816,0,0,467.5,13,169,158
18817,0,0,39.5,2,4,166
18818,0,0,168.5,5,25,184
18819,0,0,100.65,7,49,17
18820,1,0,430.5,16,256,131
18821,1,0,491.5,10,100,50
18822,0,0,183.5,4,16,440
18823,0,0,290,2,4,106
18824,1,0,179,5,25,161
18825,1,0,224,5,25,8
18826,0,0,39.5,2,4,166
18827,1,0,240.5,6,36,388
18828,0,0,64.5,3,9,158
18829,1,44.85,65.8,4,16,158
18830,1,0,177.5,4,16,135
18831,0,0,183.5,6,36,15
18832,0,0,84,3,9,157
18833,0,0,88,2,4,157
18834,0,0,216,4,16,18
18835,0,0,45,2,4,156
18836,1,0,49,1,1,156
18837,0,0,24.5,1,1,156
18838,0,0,25,1,1,155
18839,0,0,49.5,3,9,154
18840,0,0,49.5,3,9,153
18841,0,0,229,1,1,154
18842,1,149,34,1,1,153
18843,0,0,79,2,4,153
18844,0,0,29.95,1,1,153
18845,1,0,20,2,4,153
18846,0,0,25,1,1,153
18847,0,0,39.5,2,4,153
18848,0,0,298.5,8,64,153
18849,1,75,367.8,10,100,52
18850,1,0,39,1,1,152
18851,0,0,237,7,49,85
18852,0,0,39.5,2,4,152
18853,0,0,39.5,2,4,152
18854,0,0,28,1,1,252
18855,0,0,70,2,4,512
18856,1,0,519,8,64,30
18857,0,0,60,2,4,154
18858,0,0,39.5,2,4,155
18859,1,0,226.5,6,36,115
18860,0,0,37,1,1,358
18861,0,0,169,1,1,35
18862,0,0,105,4,16,153
18863,0,0,352.05,12,144,159
18864,1,0,479,12,144,72
18865,0,0,173.5,4,16,14
18866,1,177,278.5,9,81,13
18867,1,0,515.85,15,225,35
18868,0,0,78,2,4,43
18869,1,0,29,1,1,386
18870,0,0,39.5,2,4,156
18871,0,0,39.5,2,4,156
18872,0,0,19.95,1,1,521
18873,0,0,39,1,1,383
18874,0,0,70,2,4,625
18875,0,0,29,1,1,13
18876,1,0,56,1,1,156
18877,0,0,42.5,1,1,153
18878,0,0,56,1,1,533
18879,1,0,184,4,16,391
18880,1,0,87,3,9,38
18881,0,73.5,184.5,3,9,578
18882,0,0,77,4,16,373
18883,1,0,55,1,1,408
18884,1,0,152,9,81,156
18885,0,0,96,2,4,105
18886,0,0,81,4,16,159
18887,1,0,127,3,9,239
18888,0,0,109,1,1,4
18889,1,129,535.9,6,36,15
18890,0,0,167.5,5,25,155
18891,0,0,352.49,14,196,153
18892,0,0,240,6,36,226
18893,0,0,218,7,49,2
18894,1,0,20,1,1,54
18895,1,0,193.4,4,16,48
18896,1,0,76,3,9,72
18897,1,0,49,1,1,70
18898,0,0,16,1,1,620
18899,0,0,118,3,9,357
18900,0,0,234.5,3,9,719
18901,0,0,89,1,1,682
18902,0,0,144.9,5,25,18
18903,0,0,133.5,3,9,461
18904,0,0,104,2,4,129
18905,0,0,34,1,1,159
18906,1,85.9,132,4,16,203
18907,0,0,25,1,1,686
18908,1,0,171.95,5,25,41
18909,1,18,750.25,32,1024,9
18910,0,29,146,3,9,23
18911,0,0,453,15,225,10
18912,0,0,511.95,15,225,75
18913,0,37,39.9,2,4,188
18914,0,0,423.45,11,121,27
18915,0,0,134,7,49,154
18916,0,0,196,6,36,158
18917,1,0,59,2,4,396
18918,0,0,99,2,4,722
18919,1,0,100.9,3,9,189
18920,0,0,66.85,5,25,16
18921,0,0,591,11,121,384
18922,1,0,290.95,9,81,192
18923,1,0,209,4,16,142
18924,1,0,126.95,3,9,26
18925,0,0,112.9,3,9,419
18926,1,175,435.85,13,169,21
18927,1,0,92.5,3,9,25
18928,1,0,169,3,9,405
18929,1,0,409.4,8,64,35
18930,0,0,75,1,1,381
18931,0,0,30.99,2,4,312
18932,1,0,357.35,12,144,147
18933,0,0,243.5,4,16,422
18934,0,0,33,2,4,127
18935,0,0,155,6,36,645
18936,0,0,39.5,2,4,491
18937,1,0,247.15,8,64,158
18938,0,0,570,7,49,22
18939,1,0,195.5,5,25,163
18940,1,336.95,111,3,9,542
18941,1,26,383.7,11,121,33
18942,1,0,163.9,5,25,183
18943,0,0,35,2,4,155
18944,0,0,107.5,4,16,275
18945,1,0,98.95,4,16,195
18946,1,0,881.9,28,784,146
18947,0,0,79,3,9,154
18948,0,0,24,1,1,518
18949,1,0,111.5,5,25,158
18950,0,39,356.45,8,64,1
18951,0,100,58,2,4,19
18952,0,0,90,2,4,418
18953,0,0,44.85,3,9,55
18954,1,53,285,5,25,313
18955,0,0,75,1,1,115
18956,0,0,248,6,36,72
18957,0,0,169.95,9,81,582
18958,0,0,45,3,9,157
18959,1,0,29.5,1,1,37
18960,1,0,77,2,4,387
18961,0,0,152.75,5,25,593
18962,1,0,65.9,3,9,26
18963,0,0,46,4,16,156
18964,0,0,595.4,20,400,18
18965,1,0,325.75,8,64,141
18966,1,0,389.5,12,144,23
18967,0,0,2169.25,50,2500,185
18968,0,0,112.8,7,49,165
18969,0,0,18,1,1,467
18970,1,0,20,1,1,236
18971,0,0,34,1,1,153
18972,0,0,133,4,16,11
18973,0,0,160,3,9,25
18974,0,0,49,2,4,156
18975,1,0,243.45,5,25,17
18976,0,0,133,3,9,354
18977,0,0,100,3,9,299
18978,0,39.8,64.9,2,4,583
18979,1,0,39,2,4,550
18980,0,0,88.85,4,16,215
18981,0,0,54,2,4,400
18982,1,0,52,1,1,466
18983,0,37,189.9,6,36,10
18984,0,0,64.5,3,9,151
18985,0,0,59.95,1,1,151
18986,1,0,112,2,4,114
18987,0,0,81,2,4,47
18988,0,0,65,3,9,150
18989,0,0,174,6,36,143
18990,0,0,39.5,2,4,150
18991,0,0,49,2,4,150
18992,1,0,63,2,4,149
18993,0,0,39.5,2,4,149
18994,0,0,54.5,4,16,149
18995,1,0,39.5,2,4,149
18996,0,15,39.5,2,4,148
18997,0,0,29,1,1,148
18998,0,0,198,6,36,25
18999,0,0,181,4,16,142
19000,1,0,324.5,11,121,28
19001,0,0,15,1,1,147
19002,0,0,92.5,4,16,147
19003,0,0,39.5,2,4,147
19004,1,0,69,1,1,147
19005,0,0,186.5,4,16,19
19006,0,0,15,1,1,146
19007,1,0,84.5,4,16,146
19008,1,0,64.5,3,9,140
19009,0,0,39,1,1,146
19010,0,0,415,17,289,50
19011,1,0,99.9,1,1,145
19012,0,0,99,1,1,145
19013,0,0,70,2,4,125
19014,0,0,18,1,1,145
19015,0,0,39.5,2,4,145
19016,0,0,71,2,4,145
19017,0,0,32,2,4,145
19018,0,0,50,2,4,145
19019,0,0,206,5,25,147
19020,0,0,50,2,4,146
19021,1,0,113.5,4,16,38
19022,0,0,30,2,4,150
19023,1,0,0,1,1,150
19024,1,0,74,2,4,15
19025,1,0,181,4,16,17
19026,1,0,117,2,4,30
19027,1,0,568.55,21,441,22
19028,0,0,134,3,9,148
19029,0,0,1046.95,30,900,182
19030,0,0,108,2,4,149
19031,0,0,60,2,4,118
19032,0,0,272.5,6,36,26
19033,0,59,285,8,64,12
19034,1,0,414.95,15,225,62
19035,1,0,98,3,9,39
19036,0,0,142.9,6,36,166
19037,1,0,331.35,11,121,146
19038,0,0,124,7,49,148
19039,0,0,157.95,6,36,127
19040,1,0,187.5,3,9,22
19041,0,0,157.95,3,9,390
19042,1,0,193,4,16,147
19043,0,0,78.95,2,4,147
19044,0,0,137,4,16,133
19045,1,0,50,2,4,148
19046,0,0,74.35,5,25,135
19047,0,0,0,2,4,139
19048,1,0,294.4,10,100,14
19049,0,0,88.5,3,9,152
19050,0,0,107,2,4,130
19051,1,0,29,1,1,149
19052,0,0,29,1,1,151
19053,0,0,732.35,19,361,23
19054,1,0,267,3,9,29
19055,0,0,25,1,1,148
19056,1,75,208,6,36,62
19057,0,0,92.25,9,81,11
19058,0,0,35,1,1,665
19059,1,0,104,2,4,38
19060,0,0,220,6,36,74
19061,1,0,232,4,16,59
19062,0,0,36.5,4,16,158
19063,1,0,60,1,1,147
19064,1,0,121.5,2,4,152
19065,0,17,24,1,1,150
19066,1,0,133.5,6,36,126
19067,0,0,58,2,4,150
19068,0,0,69,1,1,146
19069,1,0,175.5,5,25,24
19070,1,0,85,2,4,146
19071,1,0,66,2,4,146
19072,1,0,158.85,13,169,16
19073,1,0,281.45,14,196,146
19074,1,21,304,6,36,28
19075,0,0,325,5,25,38
19076,0,0,5,1,1,150
19077,1,0,172.45,6,36,383
19078,0,0,49,1,1,144
19079,0,0,49.5,3,9,144
19080,0,0,12.5,1,1,144
19081,0,0,59,1,1,76
19082,0,0,172,5,25,31
19083,1,0,811,26,676,19
19084,0,0,75,2,4,24
19085,0,0,59,1,1,143
19086,0,0,205.5,11,121,93
19087,0,0,79,1,1,143
19088,0,0,39.5,2,4,143
19089,1,0,39,1,1,142
19090,0,0,50,1,1,142
19091,0,0,49.5,3,9,142
19092,0,0,103.5,4,16,132
19093,1,0,142,3,9,142
19094,0,0,25,1,1,97
19095,1,0,136,3,9,141
19096,0,0,39.5,2,4,141
19097,1,0,48,2,4,141
19098,0,0,29,2,4,140
19099,0,0,0,1,1,21
19100,0,0,64.9,3,9,138
19101,0,0,270.95,7,49,37
19102,0,0,20,2,4,139
19103,1,118,69,1,1,139
19104,0,0,98,2,4,117
19105,0,0,156,4,16,138
19106,0,0,131.5,5,25,23
19107,0,0,49,1,1,142
19108,0,0,169,1,1,99
19109,0,0,69.95,2,4,144
19110,0,0,79,4,16,131
19111,1,0,678.45,25,625,143
19112,1,0,234,6,36,144
19113,0,44,39.5,2,4,145
19114,1,0,1039,19,361,90
19115,0,0,75.4,3,9,119
19116,0,0,39.5,2,4,140
19117,0,0,160,3,9,140
19118,1,0,99,1,1,163
19119,0,0,58,1,1,30
19120,0,0,136.95,4,16,142
19121,1,0,1469,62,3844,8
19122,1,0,72,2,4,403
19123,1,0,51.95,3,9,14
19124,0,0,79,4,16,142
19125,0,0,69,4,16,131
19126,0,0,64.5,3,9,138
19127,0,0,372.5,11,121,73
19128,0,0,64.5,2,4,130
19129,0,0,25,1,1,145
19130,0,0,49,1,1,142
19131,0,0,39.95,1,1,145
19132,1,0,1163,33,1089,20
19133,0,0,63,3,9,139
19134,0,0,58,2,4,64
19135,0,0,44,1,1,140
19136,0,0,941,17,289,10
19137,1,0,123,2,4,143
19138,1,0,157.5,4,16,141
19139,0,0,18,1,1,493
19140,0,92,131.5,7,49,13
19141,1,0,217,10,100,104
19142,0,0,40.9,4,16,130
19143,1,24,137.5,4,16,145
19144,0,0,39.5,2,4,142
19145,1,0,137.5,5,25,41
19146,1,0,236,4,16,145
19147,1,0,343.9,4,16,141
19148,0,0,108.5,3,9,141
19149,0,0,66,2,4,144
19150,0,0,91.95,3,9,488
19151,1,0,330,4,16,144
19152,1,0,415,5,25,130
19153,0,0,39.5,2,4,141
19154,1,0,104,5,25,22
19155,0,0,42.95,2,4,129
19156,1,84.95,501.9,12,144,23
19157,0,0,19,1,1,144
19158,0,0,221,5,25,141
19159,0,0,79,3,9,140
19160,1,0,84,2,4,140
19161,0,305.95,436,8,64,140
19162,0,0,98.5,3,9,2
19163,0,0,79,4,16,140
19164,0,0,430,9,81,141
19165,0,0,79,4,16,137
19166,0,0,125,5,25,137
19167,0,0,39.5,2,4,136
19168,0,38,104.5,2,4,27
19169,0,0,39.5,2,4,136
19170,1,0,50,2,4,135
19171,0,0,68,2,4,135
19172,0,0,79,4,16,135
19173,0,0,149,1,1,135
19174,0,0,39,1,1,135
19175,0,0,39.5,2,4,135
19176,0,0,178,2,4,131
19177,1,0,511,15,225,31
19178,0,0,44,1,1,134
19179,0,0,59,1,1,134
19180,1,0,39.5,2,4,133
19181,0,0,186,4,16,133
19182,0,0,94.5,5,25,132
19183,0,0,127,3,9,132
19184,0,0,51,2,4,132
19185,0,49,25,2,4,132
19186,1,0,68,2,4,131
19187,0,0,25,1,1,131
19188,0,0,39.5,2,4,131
19189,0,0,79,4,16,125
19190,1,47.5,1709.95,34,1156,132
19191,1,0,39.5,2,4,137
19192,0,69,219,3,9,145
19193,0,108.3,627.7,23,529,7
19194,1,238,338.9,9,81,113
19195,1,0,78,2,4,68
19196,1,0,59,1,1,139
19197,1,0,484.5,11,121,15
19198,1,0,395.45,15,225,341
19199,0,0,50,2,4,130
19200,1,0,247.8,11,121,133
19201,0,0,125,2,4,133
19202,0,0,136,4,16,22
19203,0,0,49,1,1,139
19204,0,0,49,1,1,132
19205,0,0,44,2,4,135
19206,0,0,280,4,16,50
19207,0,0,219.22,11,121,133
19208,0,0,59,4,16,18
19209,0,0,25,1,1,133
19210,1,0,202,4,16,25
19211,0,0,19.5,1,1,135
19212,1,0,68,2,4,389
19213,0,0,18,1,1,133
19214,0,0,39.5,2,4,137
19215,1,0,497.85,19,361,98
19216,1,162.5,518,11,121,25
19217,1,0,39.5,2,4,133
19218,1,0,1506.15,52,2704,18
19219,0,0,39.5,2,4,138
19220,1,0,168,2,4,149
19221,0,0,39.5,2,4,133
19222,1,22.5,316,5,25,53
19223,0,0,24,1,1,133
19224,1,0,202,5,25,23
19225,0,0,81,3,9,27
19226,1,0,144.9,3,9,144
19227,0,0,39.5,2,4,136
19228,0,0,56,1,1,134
19229,0,0,49.5,3,9,132
19230,0,0,29,1,1,137
19231,1,54.45,282.45,7,49,139
19232,1,79,380.35,9,81,151
19233,1,0,253,5,25,138
19234,0,0,127.5,4,16,132
19235,0,0,39.5,2,4,494
19236,0,0,88,2,4,133
19237,1,18,548.25,19,361,31
19238,1,0,83,3,9,36
19239,1,44,353.5,9,81,20
19240,0,0,248.95,7,49,137
19241,1,69,359.85,10,100,88
19242,0,0,19.95,1,1,134
19243,1,0,69,2,4,132
19244,0,0,157,6,36,24
19245,0,0,77,2,4,132
19246,1,0,1387.75,35,1225,133
19247,0,0,484.95,13,169,24
19248,1,0,1041.5,21,441,13
19249,0,0,40,2,4,138
19250,1,0,442,10,100,29
19251,1,0,240.35,11,121,12
19252,0,0,59.5,4,16,118
19253,1,0,89,1,1,136
19254,0,0,40,3,9,137
19255,0,0,78,3,9,91
19256,1,0,259.5,8,64,62
19257,1,0,945.5,13,169,104
19258,0,0,129,2,4,135
19259,1,0,30,2,4,133
19260,0,0,99.5,3,9,135
19261,1,0,49,1,1,133
19262,0,0,80,2,4,132
19263,0,0,187.75,4,16,105
19264,0,15,69,1,1,135
19265,1,0,108.5,3,9,134
19266,0,0,157.5,7,49,132
19267,1,0,444.4,10,100,88
19268,0,0,59,1,1,20
19269,1,0,178.5,7,49,134
19270,1,29.95,897.4,28,784,15
19271,0,0,253.95,6,36,25
19272,0,29,544.95,10,100,15
19273,0,0,236,12,144,130
19274,1,0,186,4,16,130
19275,1,0,611.5,14,196,13
19276,1,0,39.5,2,4,129
19277,0,0,49.5,2,4,129
19278,0,0,94,4,16,130
19279,0,129,191.49,9,81,129
19280,1,0,110.8,5,25,39
19281,0,0,69,1,1,129
19282,1,0,209.7,11,121,147
19283,0,0,125,3,9,22
19284,1,0,88,2,4,128
19285,0,0,78,2,4,128
19286,0,0,74.5,5,25,126
19287,0,127.95,292.5,5,25,20
19288,0,0,39.5,2,4,109
19289,1,0,147,3,9,110
19290,0,19.95,39,1,1,128
19291,0,0,247,9,81,91
19292,0,0,25,1,1,126
19293,1,0,289.95,6,36,125
19294,0,0,90,1,1,125
19295,0,38,39.5,2,4,125
19296,0,0,79,4,16,124
19297,1,0,27,1,1,130
19298,0,0,59,1,1,46
19299,0,0,178,8,64,123
19300,1,0,49,1,1,124
19301,0,0,173.5,2,4,124
19302,0,0,39.5,2,4,124
19303,0,0,277,14,196,122
19304,0,0,39.5,2,4,125
19305,0,0,105,3,9,128
19306,0,0,72,4,16,480
19307,0,91,25,1,1,193
19308,0,0,259,6,36,23
19309,1,0,44,1,1,437
19310,0,0,188.95,2,4,729
19311,0,0,158.5,3,9,26
19312,0,0,235.5,5,25,125
19313,0,0,159.5,4,16,390
19314,1,0,80,4,16,22
19315,0,0,280,7,49,425
19316,1,0,177.45,5,25,216
19317,0,0,58.95,2,4,314
19318,1,0,182.5,3,9,2
19319,1,181.45,392.95,5,25,4
19320,1,0,463.5,13,169,22
19321,1,0,87,3,9,16
19322,0,0,67.9,2,4,726
19323,0,0,59,1,1,727
19324,1,0,322,4,16,128
19325,0,0,61,2,4,386
19326,0,0,152.5,10,100,16
19327,1,177.5,395.2,13,169,22
19328,1,0,281.5,6,36,29
19329,0,0,59,1,1,377
19330,0,0,10,1,1,340
19331,0,0,448.3,13,169,124
19332,1,0,65,3,9,33
19333,0,0,39.5,2,4,133
19334,0,29.5,267,9,81,99
19335,1,0,821.8,21,441,25
19336,1,0,708,20,400,13
19337,1,0,226,5,25,18
19338,0,0,882.95,11,121,120
19339,1,0,67,2,4,54
19340,0,0,49,1,1,365
19341,1,0,177,2,4,360
19342,1,0,313.95,9,81,265
19343,0,0,205,5,25,467
19344,1,0,58,1,1,689
19345,0,0,393,12,144,21
19346,0,130.95,2621.75,61,3721,29
19347,0,0,183.5,4,16,384
19348,0,0,384,10,100,40
19349,0,0,126,3,9,113
19350,0,0,136.85,3,9,349
19351,0,0,41,2,4,280
19352,0,0,69,1,1,13
19353,0,0,39.5,2,4,131
19354,1,0,79,4,16,131
19355,0,0,93.5,4,16,128
19356,1,0,64.5,3,9,52
19357,0,0,84,2,4,380
19358,1,0,109.5,5,25,128
19359,0,0,131,3,9,127
19360,0,0,198,2,4,709
19361,0,0,176.33,9,81,129
19362,1,243.5,301,10,100,27
19363,0,0,149,1,1,25
19364,0,0,58,2,4,618
19365,0,0,148,4,16,71
19366,1,0,620,14,196,125
19367,0,0,94,4,16,140
19368,1,66,150.9,3,9,547
19369,1,0,39.5,2,4,131
19370,1,0,63.5,2,4,228
19371,0,0,59,1,1,724
19372,0,0,103,2,4,410
19373,0,0,59,1,1,374
19374,0,0,55,1,1,483
19375,1,89.5,1389.4,48,2304,223
19376,0,0,15,2,4,127
19377,0,0,54,1,1,131
19378,1,0,67,2,4,258
19379,1,0,69,1,1,460
19380,0,0,169,2,4,410
19381,0,0,16.5,1,1,407
19382,1,0,177,4,16,385
19383,1,0,339,4,16,96
19384,0,0,29,1,1,692
19385,0,0,129,1,1,303
19386,0,0,49,1,1,128
19387,0,0,39.5,1,1,123
19388,0,0,199.5,9,81,111
19389,1,0,96,2,4,122
19390,1,0,124,3,9,52
19391,0,0,135,3,9,92
19392,0,0,54,1,1,120
19393,1,0,69,1,1,120
19394,0,0,36.5,1,1,120
19395,0,0,39.5,2,4,120
19396,1,0,139,3,9,127
19397,0,0,98,2,4,111
19398,1,19.5,64,1,1,118
19399,1,0,69,1,1,118
19400,0,0,81,2,4,118
19401,0,0,93,2,4,118
19402,1,0,74,1,1,117
19403,0,0,136,4,16,110
19404,1,0,133,3,9,58
19405,0,0,98,2,4,38
19406,0,0,39,1,1,117
19407,1,0,37,1,1,117
19408,1,0,49,2,4,117
19409,0,0,55,1,1,573
19410,0,0,44.5,2,4,124
19411,1,0,294.5,5,25,16
19412,0,0,35,1,1,120
19413,0,0,29.95,2,4,13
19414,0,0,124,2,4,25
19415,0,0,35,1,1,121
19416,1,515.95,496.75,13,169,27
19417,1,0,44,1,1,123
19418,0,0,39.5,1,1,556
19419,0,0,42,1,1,495
19420,0,0,25,1,1,121
19421,0,0,39.95,2,4,120
19422,1,0,95,1,1,111
19423,1,0,109,1,1,120
19424,0,0,12,1,1,124
19425,1,0,182,4,16,74
19426,0,123,79,2,4,124
19427,1,0,421.5,14,196,80
19428,0,0,73,2,4,87
19429,1,0,148.5,9,81,139
19430,1,0,123,3,9,121
19431,0,621.5,2982.7,58,3364,26
19432,1,0,78,2,4,142
19433,1,0,59,2,4,119
19434,0,0,213.85,9,81,82
19435,0,0,15,1,1,124
19436,0,0,223.5,13,169,121
19437,0,0,39.5,2,4,126
19438,0,0,89,5,25,128
19439,0,0,199.95,6,36,368
19440,1,0,167,4,16,87
19441,0,0,758.7,9,81,4
19442,0,0,12.5,1,1,118
19443,0,0,24.5,1,1,104
19444,0,0,341.95,10,100,18
19445,0,0,35,1,1,79
19446,1,0,101,4,16,114
19447,1,0,364,5,25,28
19448,0,0,0,2,4,29
19449,0,0,79.4,4,16,20
19450,1,0,47.5,1,1,112
19451,1,0,477,13,169,16
19452,1,0,211,6,36,387
19453,0,0,199.95,1,1,111
19454,1,0,81,3,9,65
19455,1,0,59,1,1,111
19456,1,212.5,131,4,16,10
19457,1,0,60,4,16,62
19458,0,0,39.5,2,4,110
19459,0,0,20,1,1,110
19460,1,0,204,2,4,110
19461,0,0,466,4,16,110
19462,1,90,2016.75,69,4761,73
19463,0,0,29,1,1,116
19464,1,0,112,3,9,130
19465,1,0,469.95,6,36,61
19466,0,0,26.9,3,9,123
19467,0,0,69,1,1,111
19468,1,0,715.95,18,324,327
19469,0,0,88,4,16,117
19470,0,138,71.9,3,9,146
19471,1,0,10,2,4,104
19472,0,0,164,4,16,15
19473,0,0,394,5,25,29
19474,0,0,459.6,20,400,118
19475,1,0,169,6,36,158
19476,1,0,899.75,31,961,8
19477,0,0,640.4,14,196,67
19478,0,0,34,1,1,113
19479,1,0,390,7,49,26
19480,0,127,126.5,4,16,111
19481,0,29.5,67,2,4,86
19482,0,0,59,1,1,390
19483,1,0,207,3,9,116
19484,1,0,189.95,4,16,116
19485,0,0,44,1,1,725
19486,1,0,411,6,36,114
19487,0,48.95,127.5,4,16,117
19488,0,0,72,2,4,388
19489,0,0,39.5,2,4,127
19490,0,0,20,2,4,114
19491,1,0,27.5,3,9,155
19492,1,0,19.95,1,1,190
19493,0,0,167.95,5,25,116
19494,0,0,125,5,25,577
19495,1,29,10,1,1,406
19496,0,0,71.5,3,9,113
19497,1,0,168.95,6,36,147
19498,1,0,39.5,2,4,140
19499,1,0,166,7,49,109
19500,1,0,96,3,9,25
19501,1,0,279.85,9,81,39
19502,1,1005.45,399.9,12,144,33
19503,1,18.5,236.5,6,36,37
19504,1,0,459,12,144,20
19505,0,0,256.5,5,25,61
19506,0,0,88,1,1,108
19507,1,0,234.5,8,64,28
19508,1,0,19.5,1,1,107
19509,1,0,59,1,1,62
19510,0,0,88.9,4,16,105
19511,1,0,30,1,1,105
19512,1,0,79,1,1,105
19513,0,0,19.5,1,1,105
19514,0,0,79,2,4,100
19515,0,29.5,54,3,9,105
19516,1,69,61,2,4,105
19517,0,0,44,1,1,104
19518,0,128.9,97.5,3,9,29
19519,0,0,250,6,36,50
19520,1,19.5,245.5,6,36,83
19521,0,0,67.5,4,16,104
19522,1,44,88,2,4,104
19523,0,0,19.95,1,1,104
19524,0,0,39,2,4,104
19525,0,0,163,3,9,104
19526,1,0,83,2,4,104
19527,1,0,118,2,4,104
19528,1,0,129,4,16,103
19529,0,36.9,117,4,16,13
19530,1,29.5,95,5,25,33
19531,0,87.48,237.5,8,64,66
19532,0,0,88,3,9,103
19533,0,0,49,1,1,103
19534,0,0,49,1,1,103
19535,1,88,49,1,1,107
19536,0,0,59,2,4,28
19537,0,0,0,1,1,28
19538,1,32,966.95,18,324,30
19539,0,0,59,1,1,515
19540,0,0,138,3,9,110
19541,0,0,33,1,1,13
19542,1,0,252.5,3,9,18
19543,1,0,94,2,4,394
19544,0,0,0,1,1,201
19545,0,0,231,5,25,23
19546,0,0,52,1,1,110
19547,0,147,208,2,4,56
19548,0,0,99,1,1,212
19549,1,62.95,179.25,4,16,105
19550,0,127,243,8,64,222
19551,0,0,68,2,4,107
19552,0,39,518,11,121,13
19553,1,0,223,4,16,52
19554,1,0,278.5,8,64,109
19555,0,0,257,3,9,230
19556,1,0,317,3,9,110
19557,0,0,384.25,19,361,106
19558,0,175,2023.45,42,1764,30
19559,0,0,49,2,4,31
19560,0,0,0,1,1,632
19561,0,0,139,1,1,48
19562,1,0,301,6,36,50
19563,1,0,446.9,5,25,716
19564,0,0,163,4,16,110
19565,0,0,129,1,1,22
19566,1,0,122,4,16,378
19567,0,0,59.95,1,1,529
19568,0,107.45,674,13,169,67
19569,1,0,86,2,4,310
19570,0,0,248.65,13,169,1
19571,1,69,364.5,6,36,24
19572,1,0,78,1,1,532
19573,0,0,99,6,36,139
19574,0,0,937.75,23,529,26
19575,0,0,49,1,1,119
19576,0,0,225,5,25,7
19577,1,0,575,7,49,128
19578,0,0,261.5,7,49,9
19579,0,0,89,1,1,458
19580,0,0,100,2,4,19
19581,1,0,94.9,2,4,489
19582,0,0,280,7,49,424
19583,0,0,24,1,1,609
19584,1,0,312,4,16,697
19585,0,0,44,1,1,391
19586,1,0,175.5,3,9,652
19587,1,0,221.5,8,64,25
19588,1,0,574,19,361,45
19589,0,0,89.5,3,9,20
19590,1,0,44,1,1,107
19591,0,0,174.5,3,9,674
19592,1,0,948,2,4,107
19593,0,17,32,2,4,396
19594,1,0,124,2,4,391
19595,0,287.85,210.5,7,49,27
19596,0,0,222.5,12,144,107
19597,0,0,281.5,7,49,20
19598,1,0,106,2,4,39
19599,0,0,143.5,5,25,29
19600,0,0,537.2,14,196,104
19601,0,0,8.25,1,1,663
19602,0,0,29,1,1,275
19603,0,39.5,346.9,12,144,43
19604,0,0,75,1,1,385
19605,0,0,42,2,4,374
19606,0,0,97.5,2,4,397
19607,0,0,85,2,4,105
19608,0,0,39,1,1,388
19609,1,0,250,6,36,357
19610,0,0,334.5,23,529,144
19611,0,0,157.95,3,9,376
19612,1,0,400.9,20,400,14
19613,1,0,81,2,4,49
19614,0,0,0,1,1,109
19615,1,0,216.95,7,49,104
19616,0,101.6,332,7,49,656
19617,0,0,44,1,1,401
19618,0,0,45.5,2,4,357
19619,1,0,174.65,8,64,28
19620,0,59,107,5,25,28
19621,0,0,132,3,9,66
19622,0,0,24,1,1,328
19623,1,325.95,550.9,9,81,19
19624,1,0,630.45,7,49,104
19625,1,7.9,104.85,3,9,529
19626,0,0,69.5,3,9,23
19627,1,0,1115.7,26,676,23
19628,0,0,29,1,1,478
19629,1,36,126,3,9,342
19630,0,0,521.5,9,81,56
19631,0,0,158,6,36,434
19632,0,0,121.5,4,16,318
19633,0,0,90.85,3,9,110
19634,1,0,44,1,1,105
19635,0,0,295,1,1,439
19636,0,0,16.95,1,1,135
19637,0,0,75.95,5,25,172
19638,0,0,99,1,1,105
19639,0,0,36.85,5,25,148
19640,1,0,214.95,6,36,426
19641,0,0,29,1,1,108
19642,0,0,29.5,1,1,109
19643,1,44,543.5,16,256,32
19644,0,58.5,35,1,1,492
19645,1,0,141,4,16,108
19646,1,0,78,2,4,431
19647,0,0,189,1,1,442
19648,0,0,39.5,1,1,26
19649,1,0,264,8,64,110
19650,1,208,49,1,1,348
19651,0,0,280.5,7,49,392
19652,0,0,28,2,4,102
19653,0,0,49,2,4,162
19654,1,59,719.5,19,361,24
19655,0,0,74,1,1,23
19656,0,0,109,1,1,102
19657,1,0,69,1,1,98
19658,0,0,168.9,5,25,13
19659,0,0,111,3,9,10
19660,1,0,39,1,1,101
19661,0,0,151,3,9,14
19662,0,0,159,2,4,26
19663,1,0,189,1,1,98
19664,1,0,42.5,1,1,100
19665,0,98,88.95,2,4,100
19666,1,0,146.95,3,9,100
19667,0,0,257,4,16,95
19668,0,0,59.95,1,1,100
19669,0,0,69,1,1,100
19670,1,0,99,1,1,100
19671,0,0,56,1,1,100
19672,0,0,42.95,2,4,99
19673,0,0,412.5,12,144,20
19674,0,0,118.45,7,49,16
19675,1,0,179,1,1,99
19676,0,0,39,1,1,99
19677,1,0,0,2,4,58
19678,1,0,69,1,1,99
19679,1,0,19,1,1,99
19680,1,0,171,4,16,24
19681,0,0,49,1,1,98
19682,0,0,249,7,49,90
19683,1,72.5,69,6,36,19
19684,1,0,93,2,4,98
19685,1,44,45,2,4,98
19686,1,0,71,3,9,98
19687,1,0,34.5,1,1,98
19688,0,0,49,1,1,97
19689,1,167,113,4,16,47
19690,0,39.9,29.9,2,4,97
19691,1,0,136,4,16,97
19692,0,0,17,1,1,97
19693,1,0,68,2,4,57
19694,0,0,189,1,1,96
19695,0,0,24,1,1,96
19696,0,0,93.95,2,4,102
19697,0,32,22.5,1,1,134
19698,0,0,139.9,4,16,4
19699,0,0,78,3,9,26
19700,1,0,148,5,25,70
19701,0,0,40,2,4,103
19702,0,0,193,5,25,102
19703,0,0,185,6,36,103
19704,1,0,49.5,1,1,34
19705,1,0,38.95,2,4,30
19706,1,0,143.95,3,9,98
19707,1,0,245,5,25,126
19708,1,0,178,5,25,98
19709,0,231.75,524.5,17,289,100
19710,0,0,44,2,4,9
19711,1,0,565.95,12,144,26
19712,0,160,163.5,7,49,52
19713,1,0,10,1,1,337
19714,1,68,2180.65,44,1936,18
19715,1,29,205,5,25,33
19716,1,0,39.5,2,4,125
19717,0,0,460.85,12,144,207
19718,0,0,64,2,4,166
19719,0,0,63.95,2,4,50
19720,1,0,157.95,3,9,380
19721,0,0,54,3,9,13
19722,1,0,135,3,9,110
19723,1,63.95,224.55,6,36,104
19724,0,0,287,6,36,100
19725,1,0,394,14,196,77
19726,1,30.9,515,17,289,22
19727,0,0,15,1,1,38
19728,0,0,129,1,1,571
19729,1,0,257,3,9,336
19730,1,395.33,1726,50,2500,10
19731,0,0,46,2,4,103
19732,0,110,159,1,1,370
19733,0,0,39,1,1,33
19734,0,0,387,13,169,102
19735,0,72,141,4,16,99
19736,0,0,142,4,16,60
19737,0,0,44,1,1,103
19738,0,0,102,3,9,102
19739,0,0,44,1,1,103
19740,1,0,59,1,1,333
19741,0,0,123,7,49,103
19742,1,0,321.95,6,36,93
19743,1,0,24.5,1,1,102
19744,0,0,199.5,13,169,156
19745,0,0,237.5,3,9,12
19746,1,69,59,1,1,102
19747,0,0,45,1,1,380
19748,1,22.5,683.15,26,676,2
19749,1,0,32,1,1,98
19750,1,0,77,2,4,99
19751,0,29.5,179.3,9,81,609
19752,0,0,60,4,16,101
19753,1,0,91,2,4,41
19754,1,0,251,4,16,38
19755,0,0,338,3,9,85
19756,0,0,125,1,1,92
19757,1,0,39.95,1,1,87
19758,0,0,164.5,6,36,91
19759,1,59.95,287.35,6,36,81
19760,0,0,211.95,5,25,120
19761,0,0,59,1,1,91
19762,1,0,88,2,4,91
19763,0,143.95,75,2,4,85
19764,0,0,29.5,1,1,90
19765,1,0,44,1,1,90
19766,1,0,59,1,1,90
19767,1,0,39.5,1,1,90
19768,0,0,350,6,36,90
19769,1,0,112,3,9,89
19770,0,0,138,8,64,82
19771,0,0,36,2,4,89
19772,1,0,445.95,6,36,90
19773,0,0,134,5,25,94
19774,0,0,301,7,49,94
19775,1,0,29,1,1,210
19776,0,0,99,1,1,19
19777,0,0,39,1,1,96
19778,0,0,235.8,8,64,418
19779,1,93.95,552.45,14,196,18
19780,1,0,112,3,9,88
19781,0,0,376,8,64,124
19782,1,0,67,2,4,50
19783,0,0,384.9,5,25,97
19784,0,0,312,13,169,90
19785,0,0,282,4,16,19
19786,1,0,229.85,4,16,185
19787,0,0,555.4,18,324,94
19788,1,0,200,4,16,92
19789,0,0,60,1,1,93
19790,0,0,72,2,4,92
19791,1,0,296.5,5,25,23
19792,0,0,72,2,4,96
19793,0,0,110.5,2,4,55
19794,1,69,339,3,9,93
19795,0,0,49,1,1,94
19796,0,0,382,12,144,232
19797,1,0,49,1,1,93
19798,1,15,275.95,6,36,92
19799,0,0,137,5,25,32
19800,1,63.5,878.35,26,676,91
19801,0,24.5,117.5,2,4,2
19802,1,0,152.5,6,36,90
19803,1,0,255.5,9,81,126
19804,0,0,189,5,25,97
19805,1,0,203,2,4,95
19806,0,313.5,724.45,23,529,5
19807,0,0,162,3,9,623
19808,0,0,58.5,2,4,94
19809,1,0,318,9,81,15
19810,0,0,97,3,9,195
19811,1,0,311,10,100,16
19812,1,0,220.95,3,9,12
19813,0,0,68.5,2,4,91
19814,0,0,204,4,16,3
19815,0,0,666.4,30,900,67
19816,0,0,110,3,9,86
19817,0,0,58.95,3,9,17
19818,0,90,928,32,1024,10
19819,0,0,88.5,2,4,31
19820,1,0,19.5,1,1,92
19821,1,0,391.6,11,121,13
19822,0,0,127,4,16,32
19823,1,0,381.5,12,144,45
19824,0,0,202.85,5,25,93
19825,0,0,89,1,1,92
19826,0,0,58,2,4,385
19827,1,0,105.95,3,9,96
19828,1,0,265.75,8,64,12
19829,1,0,93,2,4,83
19830,0,0,123,4,16,92
19831,0,0,69,1,1,96
19832,0,0,361.5,12,144,13
19833,0,0,57.35,5,25,90
19834,0,0,138,2,4,119
19835,0,0,103,4,16,98
19836,1,0,44,1,1,93
19837,0,0,29.5,1,1,31
19838,1,25,211,5,25,93
19839,0,0,167,5,25,14
19840,0,100.4,165.5,5,25,96
19841,1,0,237,3,9,77
19842,0,0,29.5,1,1,92
19843,0,99,50,4,16,88
19844,1,0,39,1,1,88
19845,1,0,461,21,441,78
19846,1,0,88,2,4,75
19847,1,0,49,1,1,88
19848,1,0,145,3,9,25
19849,1,0,89,3,9,88
19850,0,0,197,3,9,88
19851,0,0,48,2,4,87
19852,0,0,45.5,2,4,87
19853,0,0,39,1,1,21
19854,0,0,76,2,4,86
19855,0,0,44,1,1,86
19856,0,0,103.5,3,9,86
19857,1,0,399,1,1,59
19858,0,0,49.5,1,1,85
19859,0,0,29.5,1,1,26
19860,0,0,74,5,25,28
19861,1,0,40,2,4,85
19862,0,0,158,2,4,21
19863,0,0,34.5,1,1,85
19864,0,34,59,1,1,84
19865,0,0,29,1,1,84
19866,1,0,300,8,64,84
19867,0,0,12,1,1,84
19868,0,0,169,1,1,84
19869,0,0,54,1,1,47
19870,0,0,116,4,16,36
19871,0,0,59,1,1,83
19872,0,0,19,1,1,28
19873,1,0,192,5,25,36
19874,1,118.5,237.5,7,49,24
19875,0,0,69,1,1,82
19876,1,0,23.5,1,1,53
19877,0,0,328.5,6,36,82
19878,1,0,614.5,7,49,18
19879,1,0,348,2,4,69
19880,0,0,26.95,1,1,88
19881,1,0,50,2,4,61
19882,0,0,52,1,1,88
19883,0,127.95,153,4,16,14
19884,0,0,56,3,9,83
19885,1,26,104.95,7,49,15
19886,1,0,149,1,1,84
19887,0,0,87,2,4,88
19888,0,0,74,1,1,87
19889,1,0,44,4,16,13
19890,1,0,510.5,16,256,19
19891,1,23,610.5,14,196,88
19892,1,0,29,1,1,83
19893,0,0,198,3,9,19
19894,1,0,178,1,1,86
19895,1,0,251,4,16,405
19896,0,0,383,12,144,51
19897,0,0,29,1,1,87
19898,0,0,88,2,4,397
19899,0,0,89,1,1,84
19900,1,391.7,1965.1,92,8464,17
19901,1,0,117,2,4,88
19902,0,0,17,1,1,435
19903,0,0,29.5,1,1,83
19904,1,0,195,4,16,21
19905,0,236.5,253,4,16,87
19906,0,140.5,492,9,81,26
19907,0,0,257.5,8,64,447
19908,0,0,75,1,1,87
19909,0,0,79,5,25,88
19910,0,0,0,1,1,85
19911,1,0,262,5,25,25
19912,1,0,306,4,16,81
19913,0,29,221.75,4,16,83
19914,0,0,354,11,121,89
19915,1,0,69,1,1,88
19916,1,0,193,9,81,14
19917,0,0,189,5,25,414
19918,0,0,54,3,9,87
19919,1,0,384.8,12,144,1
19920,0,0,238.5,5,25,104
19921,1,0,55,1,1,88
19922,1,0,308.5,6,36,24
19923,0,0,143,4,16,87
19924,0,78.95,684.5,10,100,27
19925,1,0,143,4,16,86
19926,0,0,30,2,4,85
19927,0,58,88,2,4,88
19928,1,125,489.75,13,169,85
19929,0,0,168,2,4,36
19930,1,0,159.95,5,25,86
19931,0,0,396,8,64,83
19932,0,145,59,2,4,40
19933,1,0,292,7,49,79
19934,1,21,166,4,16,87
19935,1,0,183.8,6,36,45
19936,0,0,190.9,4,16,88
19937,1,0,279.5,6,36,65
19938,1,0,105,2,4,86
19939,1,201.5,2998.45,58,3364,23
19940,1,0,59.9,2,4,83
19941,0,0,10,1,1,85
19942,1,0,173,6,36,90
19943,1,0,93,3,9,19
19944,1,0,422.5,9,81,86
19945,1,0,196.85,6,36,119
19946,0,0,49.5,2,4,85
19947,0,0,46.5,1,1,81
19948,1,0,106.45,5,25,5
19949,1,0,59,1,1,80
19950,1,0,49,2,4,80
19951,1,0,188,2,4,80
19952,1,0,26,1,1,80
19953,1,0,131,5,25,45
19954,0,0,199,6,36,71
19955,0,0,40,1,1,79
19956,0,0,268,2,4,64
19957,0,0,78,2,4,63
19958,1,0,49,2,4,79
19959,0,54,59,2,4,79
19960,0,0,140,3,9,79
19961,1,21,120,3,9,79
19962,1,0,138,2,4,71
19963,0,0,60,2,4,78
19964,1,0,45,1,1,78
19965,0,0,251.75,5,25,10
19966,0,0,17,1,1,77
19967,1,0,90,2,4,68
19968,0,0,139,1,1,76
19969,0,0,39,2,4,41
19970,0,0,116,3,9,19
19971,0,0,99,1,1,76
19972,0,0,135.2,10,100,33
19973,1,0,565.95,19,361,77
19974,0,0,29,1,1,75
19975,0,0,29,1,1,75
19976,0,0,170,5,25,75
19977,1,0,125,4,16,75
19978,1,0,444,11,121,22
19979,1,69,335.9,9,81,71
19980,1,0,18,1,1,76
19981,0,0,59,1,1,265
19982,0,0,118,3,9,85
19983,1,0,264.5,6,36,62
19984,0,0,296.5,4,16,402
19985,0,0,136.45,4,16,22
19986,1,0,50,2,4,128
19987,0,0,185,6,36,20
19988,1,0,49,2,4,79
19989,0,0,69,1,1,81
19990,1,0,390.5,9,81,81
19991,1,0,90,2,4,412
19992,0,0,59.9,3,9,144
19993,0,0,126.5,3,9,414
19994,0,0,0,1,1,516
19995,0,0,65.8,4,16,172
19996,1,170.35,545,16,256,1
19997,0,0,163.5,4,16,79
19998,0,0,38,1,1,378
19999,0,34,34,1,1,464
20000,1,0,244,6,36,55
20001,1,0,110,1,1,76
20002,1,0,95.85,3,9,77
20003,1,0,99,2,4,78
20004,0,0,83.5,2,4,26
20005,1,0,89.85,3,9,175
20006,1,0,49,4,16,80
20007,0,0,44,1,1,81
20008,1,0,84,2,4,709
20009,0,0,99,3,9,365
20010,0,31.35,152.5,4,16,80
20011,0,0,39,1,1,77
20012,0,0,140.9,4,16,79
20013,0,0,44,1,1,14
20014,0,0,0,1,1,399
20015,0,0,59,1,1,477
20016,0,0,89,1,1,28
20017,0,0,39.95,1,1,718
20018,1,0,218,5,25,78
20019,0,0,89,1,1,497
20020,0,44,88,2,4,82
20021,0,0,122.5,3,9,80
20022,1,0,268,2,4,76
20023,0,0,91,2,4,334
20024,0,55.95,88.5,2,4,68
20025,1,0,693.7,13,169,80
20026,0,0,29,1,1,390
20027,0,0,167.35,8,64,380
20028,1,29,973.75,27,729,5
20029,0,0,391.85,6,36,78
20030,1,0,190,4,16,14
20031,1,0,319.85,11,121,80
20032,0,0,152,4,16,333
20033,0,0,93.95,2,4,601
20034,0,0,34,1,1,384
20035,1,0,241.5,9,81,32
20036,1,0,512.4,14,196,25
20037,0,0,59,1,1,79
20038,0,0,125,1,1,143
20039,1,170.5,216,5,25,25
20040,0,0,108,3,9,18
20041,0,0,452,13,169,82
20042,1,0,801.4,20,400,10
20043,1,0,160.85,4,16,82
20044,0,0,240,8,64,18
20045,0,0,39,1,1,652
20046,0,0,49.5,1,1,391
20047,0,0,413.95,8,64,3
20048,0,0,12.95,1,1,572
20049,0,0,434.9,17,289,9
20050,0,0,245,13,169,15
20051,1,0,44,1,1,79
20052,1,27,314.45,8,64,85
20053,1,84,65.9,3,9,321
20054,1,0,59.9,2,4,301
20055,1,0,225,8,64,20
20056,0,0,157,6,36,29
20057,0,0,65,3,9,21
20058,1,0,221,6,36,9
20059,0,0,178,4,16,415
20060,1,0,452.5,10,100,332
20061,0,0,88.5,3,9,633
20062,0,0,49,1,1,42
20063,0,0,27.5,1,1,35
20064,1,0,145,4,16,19
20065,1,36.95,281.8,7,49,378
20066,0,0,84,2,4,75
20067,0,0,3,2,4,369
20068,1,0,141.5,6,36,22
20069,1,169,227,3,9,19
20070,0,0,217,7,49,82
20071,1,320.5,244,7,49,67
20072,0,0,189,1,1,74
20073,0,0,79,1,1,74
20074,1,0,217,7,49,16
20075,0,0,95,3,9,73
20076,1,0,114,3,9,17
20077,0,0,19,1,1,72
20078,1,0,69,1,1,72
20079,1,0,59,1,1,72
20080,1,0,77.95,3,9,58
20081,0,0,119,1,1,71
20082,0,0,98,4,16,19
20083,0,0,422,9,81,25
20084,0,0,68,2,4,21
20085,0,0,59,1,1,22
20086,1,0,157.5,3,9,70
20087,0,0,49,1,1,70
20088,0,0,88,2,4,70
20089,0,0,29,1,1,70
20090,1,29.95,59,1,1,70
20091,0,68.95,282.95,9,81,26
20092,1,0,59,1,1,69
20093,0,0,145.5,3,9,69
20094,1,0,263,8,64,15
20095,0,0,49,2,4,69
20096,1,0,158,2,4,68
20097,0,0,29,1,1,68
20098,1,9.95,176.5,5,25,19
20099,1,0,103.75,6,36,18
20100,0,24,39,1,1,72
20101,1,42.9,102.9,3,9,21
20102,0,0,56,1,1,71
20103,1,0,109,4,16,73
20104,0,0,112.95,3,9,73
20105,0,0,25.5,3,9,382
20106,1,0,391,5,25,55
20107,0,0,107,4,16,1
20108,0,0,390.45,7,49,59
20109,0,0,141.95,4,16,75
20110,1,0,131,4,16,44
20111,1,111,213.5,8,64,102
20112,1,0,879.35,25,625,161
20113,0,0,162,5,25,41
20114,1,72.95,334,8,64,71
20115,1,0,221,7,49,75
20116,1,0,52,2,4,73
20117,1,164,217.95,4,16,69
20118,0,0,186.8,4,16,278
20119,0,0,68,2,4,75
20120,1,0,221,3,9,73
20121,0,0,457,5,25,8
20122,0,27.9,28,1,1,71
20123,1,0,152.5,4,16,70
20124,1,0,320,7,49,12
20125,1,0,520.4,12,144,12
20126,0,0,133,5,25,75
20127,0,0,168.5,6,36,70
20128,0,73,346,11,121,74
20129,1,112,876.5,24,576,77
20130,0,0,37.75,4,16,388
20131,1,0,359,10,100,69
20132,1,263.4,803.3,32,1024,16
20133,1,0,145.5,3,9,44
20134,1,58.5,111.5,4,16,73
20135,0,0,272,6,36,74
20136,1,0,78,2,4,70
20137,0,159,118.5,2,4,75
20138,1,0,39.5,2,4,150
20139,0,0,36,2,4,73
20140,0,0,89.85,3,9,63
20141,1,0,1045.85,19,361,81
20142,0,0,137,2,4,73
20143,0,0,44.95,2,4,54
20144,0,0,108,3,9,85
20145,1,0,368.65,13,169,55
20146,1,317.95,159.75,7,49,27
20147,1,97.95,1280.4,32,1024,16
20148,0,0,103.5,5,25,378
20149,0,0,37.75,2,4,260
20150,1,0,200.95,5,25,112
20151,0,82.8,85.45,3,9,73
20152,0,0,258,2,4,75
20153,1,0,371.85,7,49,16
20154,1,0,661.4,9,81,18
20155,1,0,381,8,64,36
20156,1,0,212,8,64,72
20157,0,0,208,2,4,73
20158,1,103,64,2,4,74
20159,0,0,60,4,16,70
20160,1,0,794.35,26,676,24
20161,1,0,537,14,196,27
20162,0,0,279.5,7,49,68
20163,0,0,165,5,25,46
20164,0,0,29,1,1,67
20165,0,0,39.5,1,1,67
20166,1,0,59,1,1,67
20167,1,0,101.9,6,36,66
20168,1,0,206.5,9,81,9
20169,0,15,153.5,4,16,5
20170,1,0,270,8,64,46
20171,1,0,190,7,49,25
20172,0,0,73,2,4,65
20173,0,0,80,1,1,65
20174,0,0,39,1,1,65
20175,1,0,58,2,4,65
20176,0,0,99,1,1,65
20177,0,0,166,5,25,65
20178,0,0,158.5,2,4,64
20179,0,0,49,1,1,64
20180,0,0,98,2,4,64
20181,1,497.5,141,5,25,10
20182,1,0,79.9,2,4,61
20183,1,77,71.5,2,4,64
20184,1,49.45,223.95,6,36,49
20185,0,0,213,6,36,49
20186,1,289,143,2,4,63
20187,0,0,39,1,1,63
20188,1,0,130,6,36,63
20189,0,68.95,61.5,2,4,311
20190,0,0,295.7,14,196,23
20191,0,0,24,1,1,63
20192,0,0,44,1,1,62
20193,1,0,49,1,1,62
20194,1,0,715.4,16,256,38
20195,1,0,64.5,1,1,62
20196,0,0,155.5,5,25,62
20197,1,0,64,2,4,62
20198,0,0,99,1,1,62
20199,0,74,270.5,16,256,13
20200,0,0,49.95,1,1,62
20201,0,0,39.5,1,1,61
20202,0,0,53.95,3,9,25
20203,1,0,217,4,16,39
20204,0,0,43.7,6,36,66
20205,1,0,79,1,1,66
20206,0,0,567.3,17,289,67
20207,1,0,90,2,4,378
20208,1,0,147.5,5,25,55
20209,0,0,192,7,49,66
20210,1,0,68,3,9,65
20211,1,86.7,440.95,10,100,415
20212,0,247,584.55,21,441,66
20213,0,0,349.5,7,49,63
20214,0,0,118,3,9,88
20215,1,0,463.95,13,169,47
20216,1,0,150,2,4,59
20217,0,90,72,1,1,62
20218,1,9.95,50.5,3,9,65
20219,0,0,229,4,16,66
20220,0,0,53.5,2,4,62
20221,0,132.5,231,5,25,146
20222,0,0,226.95,7,49,5
20223,1,0,375,8,64,19
20224,1,0,251,9,81,67
20225,1,0,88.9,3,9,69
20226,0,0,44,1,1,63
20227,1,0,1492.95,63,3969,14
20228,0,0,66,1,1,62
20229,1,0,272,4,16,63
20230,0,0,61,2,4,66
20231,1,0,460,5,25,44
20232,1,0,226.5,7,49,34
20233,1,0,102,3,9,75
20234,0,0,200.5,7,49,26
20235,0,0,39.5,1,1,65
20236,1,0,219,6,36,29
20237,1,0,196,5,25,55
20238,1,0,210,6,36,12
20239,1,0,234.9,6,36,65
20240,0,0,245,5,25,40
20241,1,0,79,2,4,62
20242,0,0,74,1,1,62
20243,0,0,134.25,4,16,63
20244,0,0,67.85,3,9,86
20245,1,39,456.4,14,196,63
20246,0,18,19,1,1,65
20247,1,407.5,330,9,81,26
20248,1,275,583.5,14,196,3
20249,1,0,100,2,4,67
20250,1,0,48,2,4,50
20251,1,0,209.95,6,36,88
20252,1,0,33,9,81,61
20253,0,0,105,3,9,43
20254,0,0,101,3,9,14
20255,1,0,179,1,1,63
20256,1,0,228,2,4,492
20257,1,34,396.5,9,81,44
20258,1,0,193,3,9,27
20259,1,0,251.5,7,49,50
20260,0,0,150.5,5,25,63
20261,1,129.95,385.9,7,49,25
20262,0,0,24,1,1,64
20263,0,0,45,3,9,62
20264,0,0,170,5,25,63
20265,0,30,499.95,16,256,25
20266,0,0,66,2,4,350
20267,1,0,41.95,2,4,397
20268,1,0,476,12,144,30
20269,0,0,172,5,25,9
20270,1,0,69,1,1,72
20271,1,182.9,493.9,12,144,62
20272,1,0,149,3,9,16
20273,1,0,89,1,1,60
20274,1,0,83,2,4,60
20275,0,0,83.5,2,4,59
20276,0,0,55,1,1,59
20277,0,0,109,1,1,52
20278,0,0,52,1,1,58
20279,1,0,186.5,8,64,13
20280,0,0,118,4,16,58
20281,0,0,45,3,9,58
20282,0,0,107,3,9,57
20283,0,0,138,2,4,57
20284,0,0,25,1,1,57
20285,1,0,228,2,4,53
20286,0,0,177,3,9,27
20287,1,0,125,5,25,9
20288,0,0,84,2,4,56
20289,1,0,34.5,1,1,56
20290,1,0,90,1,1,56
20291,0,0,59,2,4,20
20292,0,0,99,1,1,56
20293,0,0,285,11,121,23
20294,0,0,69,1,1,55
20295,0,0,89,1,1,55
20296,0,0,208.35,8,64,28
20297,0,0,49.5,1,1,54
20298,1,0,77,3,9,54
20299,0,0,28,1,1,54
20300,1,0,129,1,1,54
20301,0,0,34,1,1,54
20302,1,113.98,1137.65,17,289,21
20303,1,0,274,8,64,49
20304,1,0,44,1,1,54
20305,1,0,20,1,1,54
20306,1,0,71,3,9,54
20307,1,0,490,13,169,59
20308,1,24,276.5,8,64,211
20309,1,0,59,2,4,57
20310,1,0,458,9,81,22
20311,1,0,151.45,6,36,22
20312,0,69,526.5,27,729,60
20313,1,0,145,6,36,22
20314,1,0,2316,40,1600,57
20315,1,0,129,2,4,56
20316,0,0,157,2,4,59
20317,1,0,323,8,64,54
20318,1,0,248.85,6,36,5
20319,0,0,44,2,4,58
20320,1,0,24.5,1,1,56
20321,1,127.95,423,5,25,48
20322,1,0,157.5,4,16,33
20323,0,0,109,1,1,380
20324,0,0,79,1,1,71
20325,0,0,213,3,9,59
20326,0,0,92.7,6,36,137
20327,1,0,53,2,4,61
20328,0,0,325.35,12,144,56
20329,0,0,269,5,25,14
20330,1,0,58,1,1,59
20331,1,208.45,944.7,32,1024,1
20332,1,0,80,2,4,25
20333,1,0,51,2,4,56
20334,1,21,811.75,26,676,61
20335,1,0,323.5,13,169,59
20336,0,0,79.45,2,4,61
20337,0,172,87,3,9,59
20338,1,0,59,1,1,55
20339,0,43,43,1,1,58
20340,0,0,65.95,2,4,360
20341,0,0,89,2,4,59
20342,1,137.5,445,5,25,59
20343,1,0,107,4,16,58
20344,0,0,94.5,3,9,48
20345,1,139,268,2,4,56
20346,1,49.5,655.05,22,484,67
20347,1,0,29.5,1,1,58
20348,0,0,143,5,25,55
20349,1,0,352,7,49,55
20350,0,0,71.85,3,9,56
20351,0,0,185.5,6,36,22
20352,0,0,158,4,16,59
20353,1,0,60,2,4,44
20354,0,0,30,2,4,60
20355,0,0,100.05,9,81,52
20356,1,0,0,1,1,56
20357,0,0,71.5,2,4,62
20358,1,0,667,10,100,12
20359,0,0,49.5,1,1,61
20360,0,0,69,2,4,57
20361,1,68,200,5,25,60
20362,1,0,182.5,6,36,61
20363,1,98,378,9,81,4
20364,0,89,114,2,4,57
20365,0,0,29.5,1,1,59
20366,1,0,29,1,1,61
20367,1,0,81,4,16,16
20368,1,29.5,144.5,3,9,51
20369,1,0,648,15,225,56
20370,1,0,18,1,1,56
20371,0,0,219.95,6,36,17
20372,0,0,60,4,16,65
20373,0,0,306,3,9,55
20374,1,0,147,4,16,58
20375,0,0,69,1,1,55
20376,0,119,26.95,1,1,166
20377,0,0,156,2,4,53
20378,0,0,277,5,25,28
20379,0,0,0,1,1,47
20380,0,0,44,1,1,53
20381,1,0,208,2,4,53
20382,0,0,89,4,16,52
20383,1,0,75,1,1,52
20384,0,0,102,3,9,52
20385,1,0,29,1,1,52
20386,1,0,58,3,9,52
20387,0,0,82.5,4,16,52
20388,0,0,84.95,1,1,52
20389,1,59,99,3,9,51
20390,1,28.5,49,1,1,51
20391,1,0,56,2,4,51
20392,1,0,196,4,16,42
20393,0,0,39,1,1,51
20394,1,0,133,2,4,50
20395,1,0,19.5,1,1,50
20396,1,0,191,5,25,50
20397,1,0,72,2,4,50
20398,1,0,358,10,100,36
20399,0,0,59,2,4,50
20400,1,147.35,88,2,4,44
20401,1,0,886.15,18,324,51
20402,1,0,46,1,1,49
20403,1,0,136,5,25,23
20404,0,0,38,1,1,48
20405,0,0,117,3,9,48
20406,1,0,39,2,4,48
20407,1,0,69,1,1,48
20408,1,0,36,1,1,564
20409,1,0,99,2,4,42
20410,0,0,0,1,1,47
20411,1,0,110,2,4,47
20412,0,0,80.75,4,16,19
20413,0,0,32,1,1,47
20414,1,0,205.95,9,81,47
20415,1,0,68,2,4,46
20416,0,0,98.5,3,9,48
20417,0,0,199,6,36,149
20418,1,139,298,4,16,22
20419,0,0,69,1,1,17
20420,1,0,249.2,8,64,328
20421,1,0,39,1,1,50
20422,1,0,90,5,25,308
20423,1,0,289.5,9,81,48
20424,0,0,32.95,1,1,374
20425,1,0,57,3,9,383
20426,0,0,29.5,1,1,48
20427,1,0,598.85,10,100,54
20428,0,0,64.5,1,1,48
20429,0,0,39,1,1,51
20430,1,0,260,5,25,427
20431,1,0,29.5,1,1,385
20432,1,0,758,27,729,17
20433,1,0,158,3,9,54
20434,0,0,59,2,4,76
20435,0,0,98,2,4,51
20436,1,0,455.35,16,256,20
20437,0,63,423.5,8,64,28
20438,1,0,176,4,16,51
20439,0,0,29.5,1,1,54
20440,0,19.5,78,3,9,51
20441,1,678,209.84,8,64,29
20442,1,0,39,1,1,559
20443,0,0,321.5,6,36,461
20444,0,0,20,1,1,48
20445,1,0,44,1,1,42
20446,0,0,59,1,1,50
20447,0,213.9,489,9,81,13
20448,1,0,1053.85,25,625,7
20449,1,0,165,4,16,31
20450,0,0,69,1,1,52
20451,0,0,49.5,1,1,406
20452,1,0,20,2,4,87
20453,0,0,534,10,100,53
20454,1,0,76,2,4,51
20455,0,0,64.5,3,9,21
20456,0,0,130.5,3,9,127
20457,0,0,498,9,81,52
20458,0,0,29.5,1,1,54
20459,0,87,183,3,9,62
20460,1,29.95,49,1,1,48
20461,0,0,516,9,81,25
20462,1,0,194,2,4,50
20463,0,0,69,1,1,407
20464,1,0,59,2,4,385
20465,1,55,425.5,12,144,61
20466,1,0,730,7,49,32
20467,1,204,357,13,169,204
20468,0,0,218.6,11,121,571
20469,0,29.5,321.99,11,121,114
20470,1,64.8,734.6,33,1089,13
20471,1,0,1496.7,15,225,2
20472,1,0,67,2,4,566
20473,1,0,197.5,4,16,389
20474,0,29.95,134,2,4,52
20475,0,0,57.5,3,9,49
20476,0,0,174.5,6,36,714
20477,0,29,247.5,8,64,25
20478,1,0,121.3,6,36,47
20479,1,67,363.5,13,169,22
20480,1,0,287.5,8,64,147
20481,1,0,97,2,4,51
20482,1,161.9,1113.35,17,289,46
20483,0,0,138,2,4,407
20484,1,0,398,3,9,143
20485,0,0,29.5,1,1,53
20486,0,0,367,11,121,43
20487,1,527,1338.7,34,1156,9
20488,1,0,24.95,1,1,261
20489,1,0,200,6,36,58
20490,0,0,114,3,9,488
20491,0,49,201,4,16,16
20492,0,0,219.5,6,36,49
20493,1,0,127,3,9,23
20494,1,29.95,482.36,11,121,20
20495,0,0,427.25,7,49,32
20496,1,131,553.95,9,81,50
20497,0,0,458.5,9,81,53
20498,1,0,0,1,1,48
20499,1,0,113,3,9,52
20500,1,0,38,1,1,63
20501,0,0,38,1,1,50
20502,0,136,150,6,36,4
20503,0,0,43,1,1,52
20504,0,0,36,1,1,378
20505,1,0,19.5,1,1,520
20506,1,0,48,2,4,479
20507,0,48.45,694.5,14,196,49
20508,1,0,402,10,100,111
20509,0,67.5,368,7,49,24
20510,1,0,143,3,9,377
20511,1,36,541,19,361,4
20512,1,0,99,1,1,54
20513,1,0,52,1,1,51
20514,0,0,36,2,4,50
20515,0,0,216,9,81,144
20516,1,99,133.45,4,16,33
20517,1,0,69,1,1,53
20518,1,0,45,1,1,54
20519,1,0,69,1,1,54
20520,1,0,126,5,25,23
20521,0,0,32.85,3,9,52
20522,0,0,351,9,81,59
20523,1,0,424.5,12,144,50
20524,1,108,892.8,19,361,36
20525,0,516.7,458.75,15,225,45
20526,1,0,160,3,9,51
20527,1,0,423,13,169,47
20528,0,0,119,2,4,50
20529,0,0,180,3,9,523
20530,0,0,58,2,4,51
20531,0,0,39.5,1,1,54
20532,1,70.95,631,4,16,14
20533,1,0,63,2,4,22
20534,1,0,20,2,4,44
20535,1,0,202,4,16,44
20536,1,0,91,2,4,81
20537,1,0,183.5,3,9,50
20538,0,103,99,1,1,48
20539,1,29,606,18,324,8
20540,0,0,24.95,1,1,529
20541,1,118.75,1099.8,41,1681,21
20542,0,0,44,1,1,405
20543,0,0,113,4,16,697
20544,0,0,109,1,1,54
20545,0,0,139,1,1,50
20546,1,0,232,4,16,84
20547,1,0,40,2,4,52
20548,0,0,79,1,1,441
20549,0,0,105,4,16,54
20550,0,0,271,5,25,50
20551,0,0,262,3,9,49
20552,1,0,22,1,1,381
20553,0,0,89,1,1,13
20554,0,0,88,2,4,48
20555,0,0,34,1,1,49
20556,1,36,72,2,4,46
20557,0,0,39,2,4,46
20558,1,408.5,147,3,9,46
20559,0,0,176,4,16,46
20560,1,0,244,6,36,46
20561,1,0,80,2,4,46
20562,1,0,113,3,9,7
20563,0,0,89,1,1,45
20564,1,0,34,1,1,45
20565,1,0,99,2,4,45
20566,1,0,119,1,1,45
20567,1,0,0,1,1,45
20568,1,0,59,2,4,12
20569,1,0,286,5,25,45
20570,0,0,118,2,4,45
20571,1,330.95,97,3,9,45
20572,1,0,42.5,1,1,45
20573,0,0,237,3,9,40
20574,0,0,10,1,1,44
20575,1,0,44,2,4,39
20576,0,0,435.45,10,100,11
20577,0,495.5,171,5,25,45
20578,0,63,34.95,1,1,702
20579,1,0,158.5,2,4,44
20580,0,0,126.25,5,25,39
20581,1,34.95,64.5,1,1,44
20582,1,0,122,4,16,44
20583,1,0,335.5,6,36,27
20584,1,0,122,4,16,44
20585,0,0,49,1,1,44
20586,0,49,59,1,1,44
20587,1,0,77,3,9,44
20588,1,0,59,1,1,44
20589,1,0,228,2,4,44
20590,0,24.95,132,3,9,44
20591,0,0,44,1,1,44
20592,1,0,69,1,1,43
20593,1,0,233,3,9,23
20594,1,0,59,1,1,36
20595,0,0,117,3,9,43
20596,1,0,178,2,4,43
20597,1,0,49,1,1,43
20598,1,0,49,1,1,41
20599,0,0,177.5,4,16,17
20600,0,0,74,1,1,42
20601,1,0,118.5,5,25,36
20602,1,0,29.5,1,1,42
20603,0,0,89,1,1,42
20604,0,0,106.5,4,16,32
20605,1,0,22,1,1,41
20606,1,0,163,4,16,41
20607,1,0,39.5,1,1,41
20608,0,0,111.5,6,36,40
20609,0,41.5,98,2,4,41
20610,1,118.5,79,1,1,41
20611,1,0,59,2,4,41
20612,1,0,320.69,13,169,42
20613,1,0,90.5,4,16,37
20614,0,0,120,3,9,40
20615,1,0,120,2,4,40
20616,1,0,9.95,1,1,40
20617,1,0,39.5,1,1,40
20618,1,0,49,1,1,40
20619,0,0,188.5,2,4,40
20620,1,0,158.6,9,81,36
20621,0,0,49,2,4,40
20622,0,0,100,3,9,40
20623,0,0,984.5,25,625,41
20624,1,74.95,50.85,3,9,40
20625,1,0,660.65,17,289,41
20626,0,0,54,1,1,47
20627,1,0,51.5,2,4,30
20628,1,171,235,11,121,47
20629,0,0,49,1,1,46
20630,1,41,78,2,4,44
20631,1,0,118.5,3,9,28
20632,0,0,78,2,4,44
20633,1,0,69,1,1,46
20634,0,0,18,1,1,97
20635,0,0,318.85,7,49,173
20636,0,0,175.5,5,25,30
20637,1,0,21.5,1,1,47
20638,1,49,388.95,9,81,45
20639,1,0,34,1,1,46
20640,1,29.95,205.95,5,25,44
20641,0,0,28,1,1,42
20642,1,0,151,3,9,43
20643,1,0,67.95,3,9,44
20644,1,0,2786.2,78,6084,9
20645,1,0,0,1,1,41
20646,1,0,136.3,5,25,47
20647,1,0,29.5,1,1,42
20648,1,0,194.5,6,36,46
20649,0,0,125,3,9,46
20650,0,0,34.5,1,1,44
20651,1,0,81,3,9,41
20652,0,0,99,2,4,344
20653,1,0,198,6,36,55
20654,0,0,150,2,4,41
20655,0,0,23,1,1,11
20656,1,94.85,813.85,32,1024,18
20657,0,37,472,8,64,55
20658,1,0,1401.3,30,900,42
20659,0,0,48,2,4,44
20660,1,75,128,2,4,43
20661,0,0,30,1,1,42
20662,0,117,987.49,22,484,13
20663,1,0,445,13,169,24
20664,0,0,78.5,2,4,45
20665,1,0,307.9,11,121,69
20666,0,0,253.5,8,64,24
20667,1,0,231.14,12,144,44
20668,1,0,42,1,1,42
20669,1,0,371.45,12,144,43
20670,0,0,227,6,36,21
20671,0,0,44.5,2,4,17
20672,1,0,232,3,9,56
20673,1,0,200.45,5,25,43
20674,0,0,36,2,4,45
20675,1,51,459.45,12,144,14
20676,1,0,32,2,4,43
20677,1,0,138.5,3,9,47
20678,1,0,277,7,49,46
20679,0,0,168,2,4,47
20680,1,0,40,2,4,40
20681,1,0,556.75,16,256,41
20682,1,0,78,2,4,46
20683,0,0,184,5,25,100
20684,1,0,22.5,1,1,46
20685,1,0,516,10,100,4
20686,1,0,86,2,4,50
20687,0,0,34,1,1,41
20688,0,0,60,1,1,48
20689,0,0,326,4,16,43
20690,1,0,48,2,4,41
20691,1,0,25,1,1,717
20692,1,0,59,2,4,46
20693,0,0,110,1,1,39
20694,1,0,107,2,4,13
20695,1,0,58,3,9,20
20696,1,0,178,1,1,39
20697,1,0,24.5,1,1,39
20698,0,0,88,2,4,2
20699,0,49,49,1,1,39
20700,1,0,52,1,1,39
20701,1,0,52,1,1,39
20702,0,0,49,1,1,39
20703,1,0,44,1,1,38
20704,1,0,236.5,5,25,12
20705,0,0,32,1,1,38
20706,1,0,417,5,25,35
20707,1,0,139.5,3,9,37
20708,1,0,24,1,1,37
20709,1,0,19.5,1,1,36
20710,0,0,69,1,1,37
20711,0,0,80,2,4,37
20712,1,0,58,2,4,37
20713,1,0,49,1,1,35
20714,0,0,44,1,1,37
20715,0,0,128.5,2,4,20
20716,0,0,87,4,16,36
20717,0,0,64,2,4,36
20718,0,0,30,2,4,36
20719,1,0,24.95,1,1,36
20720,1,0,51.5,2,4,36
20721,1,0,199,1,1,35
20722,1,0,29,1,1,35
20723,1,0,44,2,4,37
20724,1,0,190,1,1,36
20725,1,0,49,1,1,35
20726,1,0,65,2,4,35
20727,0,0,29,1,1,35
20728,1,0,44,1,1,35
20729,1,0,84,4,16,35
20730,0,29.5,417,6,36,34
20731,0,0,212.5,4,16,12
20732,1,0,24,1,1,34
20733,0,0,45,1,1,34
20734,0,34,257.95,10,100,35
20735,1,0,29.5,1,1,33
20736,1,0,138,5,25,17
20737,1,0,316,8,64,27
20738,0,0,56,2,4,33
20739,0,0,34,2,4,33
20740,0,0,64,1,1,33
20741,0,0,91.5,5,25,33
20742,0,0,34,1,1,33
20743,0,0,96,3,9,33
20744,0,0,91,4,16,33
20745,0,0,99,2,4,33
20746,0,54.5,39,1,1,33
20747,0,0,49,1,1,33
20748,0,0,45,3,9,33
20749,0,104.95,45,1,1,33
20750,0,193.95,394.95,27,729,31
20751,0,0,75,3,9,29
20752,1,0,267,7,49,36
20753,1,0,77,3,9,36
20754,1,49.95,980.95,13,169,39
20755,0,0,39,1,1,35
20756,0,0,61.7,7,49,37
20757,0,0,49,1,1,52
20758,1,0,345,14,196,21
20759,0,0,207,3,9,35
20760,0,0,26,1,1,39
20761,1,88,669.7,21,441,17
20762,0,0,4.99,2,4,39
20763,1,150,229,1,1,35
20764,0,201.5,334,2,4,38
20765,1,0,0,2,4,9
20766,1,0,147.95,4,16,36
20767,1,0,271.8,7,49,36
20768,0,227.95,281,8,64,37
20769,1,0,162.5,5,25,6
20770,0,0,39,1,1,65
20771,0,0,39,2,4,40
20772,0,0,223.5,5,25,30
20773,1,61,437,10,100,39
20774,0,0,82,2,4,39
20775,1,38,348.5,10,100,35
20776,1,0,47.95,3,9,36
20777,0,0,128,2,4,333
20778,1,0,100,2,4,28
20779,0,0,39,1,1,39
20780,1,161.45,625.7,14,196,95
20781,0,0,19,1,1,402
20782,0,0,138.5,3,9,3
20783,1,0,38,1,1,36
20784,1,0,69,1,1,126
20785,1,0,281.8,6,36,353
20786,0,0,135,4,16,399
20787,1,78,199.9,4,16,140
20788,1,0,77,2,4,40
20789,1,0,339.5,8,64,19
20790,0,25,84,2,4,40
20791,0,73,149,7,49,21
20792,0,0,24.5,1,1,35
20793,0,15,290,6,36,17
20794,1,0,161,4,16,2
20795,1,0,508.65,13,169,223
20796,1,250.5,365.25,11,121,38
20797,0,118,291,6,36,3
20798,0,0,49,1,1,128
20799,0,0,39.5,2,4,143
20800,0,0,93,2,4,35
20801,0,0,225,2,4,37
20802,0,0,269.5,6,36,29
20803,1,77.45,475,14,196,39
20804,0,0,14.95,1,1,40
20805,1,100.35,442,9,81,15
20806,0,0,88.95,2,4,35
20807,0,0,0,1,1,27
20808,1,0,60,1,1,36
20809,0,0,126.7,6,36,4
20810,0,0,424,9,81,35
20811,1,0,59,1,1,77
20812,1,314.95,1262.5,34,1156,32
20813,0,0,59.95,1,1,36
20814,0,0,89,1,1,35
20815,0,0,84,6,36,39
20816,0,0,175,1,1,37
20817,0,0,359,11,121,39
20818,0,21,656,13,169,19
20819,1,0,172.5,4,16,14
20820,0,29,106.85,4,16,65
20821,0,0,42,2,4,39
20822,1,0,236.5,4,16,39
20823,0,0,629.45,29,841,446
20824,1,0,110,3,9,18
20825,1,43.8,177,3,9,38
20826,1,0,192,5,25,34
20827,0,0,176.5,5,25,39
20828,1,34,1005.5,8,64,36
20829,0,0,163,4,16,40
20830,0,0,231.8,6,36,38
20831,0,0,69,1,1,37
20832,1,44,219.45,7,49,29
20833,0,0,58,2,4,38
20834,1,0,97.5,3,9,39
20835,1,0,35,1,1,128
20836,1,169,379,9,81,11
20837,1,0,491.3,14,196,95
20838,1,0,19.5,1,1,36
20839,0,47,249,6,36,37
20840,1,0,523,10,100,21
20841,0,0,68.5,2,4,35
20842,0,50,109.5,4,16,290
20843,0,0,363,7,49,448
20844,0,69,946.95,28,784,33
20845,0,177,144,5,25,33
20846,0,0,39,1,1,22
20847,0,0,281.5,6,36,33
20848,0,0,296,4,16,13
20849,0,0,129,1,1,32
20850,0,0,58,1,1,32
20851,0,0,44,1,1,32
20852,0,0,172,8,64,27
20853,0,0,24,1,1,32
20854,0,0,537,6,36,31
20855,0,0,49,1,1,32
20856,0,0,69.95,1,1,32
20857,0,0,69,1,1,32
20858,0,0,19,1,1,32
20859,0,0,107,2,4,27
20860,0,0,109,1,1,32
20861,0,0,207.95,11,121,28
20862,0,0,108,4,16,31
20863,0,0,116.5,3,9,17
20864,0,135,161.5,4,16,31
20865,0,0,29.5,1,1,31
20866,0,49.5,81.5,2,4,31
20867,0,0,59,2,4,31
20868,0,61.4,45,1,1,31
20869,0,0,48.5,2,4,31
20870,0,0,44,1,1,31
20871,0,0,93,3,9,31
20872,0,0,214,5,25,31
20873,0,0,125,1,1,31
20874,0,0,107,2,4,31
20875,0,0,98,2,4,31
20876,0,0,359,3,9,15
20877,0,0,140,3,9,31
20878,0,0,39,1,1,31
20879,0,0,109,1,1,31
20880,0,0,199.95,7,49,14
20881,0,56,127,3,9,30
20882,0,0,118.5,5,25,30
20883,0,0,90,3,9,30
20884,0,0,59,2,4,30
20885,0,0,147,5,25,23
20886,0,0,108,4,16,30
20887,0,0,29.5,1,1,30
20888,0,0,28,1,1,30
20889,0,0,39,1,1,30
20890,0,0,278,2,4,30
20891,0,0,65,1,1,30
20892,0,0,59,1,1,30
20893,0,0,69,1,1,30
20894,0,0,118,3,9,14
20895,0,0,77,3,9,24
20896,0,0,19,1,1,30
20897,0,0,78,2,4,30
20898,0,0,243.5,6,36,387
20899,0,52,79.5,3,9,30
20900,0,0,337.5,7,49,25
20901,0,331.5,2496.5,41,1681,7
20902,0,0,169,1,1,30
20903,0,0,99,2,4,30
20904,0,0,392,4,16,23
20905,0,0,59,1,1,30
20906,0,0,59,2,4,30
20907,0,0,349,6,36,22
20908,0,0,29,1,1,29
20909,0,0,109,2,4,30
20910,0,0,44,1,1,29
20911,0,0,59,1,1,29
20912,0,0,44,1,1,29
20913,0,0,65,1,1,29
20914,0,0,108,3,9,29
20915,0,0,161,7,49,29
20916,0,0,259,1,1,29
20917,0,0,39,1,1,29
20918,0,0,49.5,1,1,29
20919,0,0,59,1,1,29
20920,0,0,54,1,1,29
20921,0,0,39,1,1,29
20922,0,0,73.5,2,4,29
20923,0,0,39,1,1,29
20924,0,0,29,1,1,29
20925,0,0,98.5,2,4,29
20926,0,0,59,1,1,28
20927,0,29.5,0,1,1,23
20928,0,0,86.95,3,9,5
20929,0,0,98,3,9,28
20930,0,0,79,2,4,18
20931,0,0,69,1,1,28
20932,0,0,41.5,2,4,28
20933,0,0,147.5,5,25,28
20934,0,49.5,49.5,1,1,28
20935,0,0,281,6,36,28
20936,0,0,59,1,1,28
20937,0,0,99,1,1,28
20938,0,0,49.5,1,1,28
20939,0,0,39,1,1,28
20940,0,0,0,1,1,28
20941,0,0,88,1,1,28
20942,0,0,34.95,1,1,28
20943,0,0,88.5,2,4,28
20944,0,0,96,6,36,28
20945,0,0,88,2,4,28
20946,0,0,90,2,4,28
20947,0,0,29.5,1,1,28
20948,0,0,69,1,1,28
20949,0,0,45,1,1,28
20950,0,0,24,1,1,28
20951,0,0,168,2,4,28
20952,0,0,168,5,25,27
20953,0,0,89.8,4,16,27
20954,0,0,44,1,1,27
20955,0,0,282.85,10,100,15
20956,0,0,129,1,1,27
20957,0,0,299,1,1,27
20958,0,0,39,1,1,27
20959,0,0,278,2,4,4
20960,0,0,176,4,16,27
20961,0,0,75,1,1,27
20962,0,0,29,1,1,27
20963,0,0,53.5,2,4,27
20964,0,0,45,1,1,27
20965,0,0,49,1,1,27
20966,0,0,69,2,4,27
20967,0,0,46.5,1,1,27
20968,0,0,112,3,9,21
20969,0,0,42.5,1,1,27
20970,0,0,49.5,1,1,27
20971,0,0,44,1,1,27
20972,0,0,59,1,1,27
20973,0,0,80,6,36,27
20974,0,0,29.5,1,1,27
20975,0,0,54,3,9,27
20976,0,0,90,4,16,27
20977,0,36,148,5,25,27
20978,0,0,59,1,1,26
20979,0,0,39,1,1,26
20980,0,0,59,1,1,26
20981,0,0,54,2,4,26
20982,0,0,88,1,1,26
20983,0,0,88,2,4,20
20984,0,0,158.5,4,16,26
20985,0,0,144,4,16,26
20986,0,0,30,2,4,26
20987,0,49,88.5,2,4,26
20988,0,19.5,59,1,1,26
20989,0,0,59,2,4,26
20990,0,0,75,1,1,26
20991,0,0,39.5,1,1,26
20992,0,0,77.5,2,4,26
20993,0,0,49.5,1,1,26
20994,0,0,108,2,4,26
20995,0,0,48,2,4,26
20996,0,32.45,84,4,16,20
20997,0,0,65,1,1,26
20998,0,0,64,1,1,26
20999,0,0,377.75,8,64,112
21000,0,118,381,12,144,14
21001,0,0,872,14,196,32
21002,0,0,69,1,1,28
21003,0,0,382.45,8,64,29
21004,0,0,429,15,225,28
21005,0,0,119,2,4,29
21006,0,0,60,4,16,28
21007,0,0,96,4,16,23
21008,0,0,29,1,1,31
21009,0,0,127.5,4,16,27
21010,0,0,727.5,24,576,23
21011,0,0,670.93,27,729,30
21012,0,48,119,1,1,490
21013,0,0,291.4,7,49,11
21014,0,0,49,1,1,31
21015,0,0,74,1,1,31
21016,0,0,1856,49,2401,21
21017,0,0,96,3,9,32
21018,0,0,206,4,16,24
21019,0,38,227.5,4,16,4
21020,0,0,76,2,4,32
21021,0,0,24,1,1,719
21022,0,0,217.5,3,9,31
21023,0,0,99,3,9,26
21024,0,49,2080.3,45,2025,29
21025,0,0,328.5,9,81,27
21026,0,0,137.95,3,9,26
21027,0,0,168,8,64,16
21028,0,0,309.5,6,36,29
21029,0,0,152,4,16,33
21030,0,0,69,2,4,381
21031,0,0,595.4,9,81,15
21032,0,0,215.75,9,81,22
21033,0,116.9,263.95,6,36,116
21034,0,0,24,1,1,29
21035,0,0,77,2,4,33
21036,0,0,289.2,6,36,21
21037,0,0,24.95,1,1,28
21038,0,0,345,10,100,17
21039,0,0,66,2,4,27
21040,0,0,29.95,1,1,34
21041,0,0,87,3,9,5
21042,0,0,169,3,9,28
21043,0,0,376.7,10,100,32
21044,0,0,297,7,49,29
21045,0,0,204,7,49,23
21046,0,59,725.95,16,256,22
21047,0,0,984.5,12,144,25
21048,0,0,418.95,12,144,15
21049,0,27.9,816.3,22,484,27
21050,0,0,713.95,20,400,17
21051,0,0,100,2,4,28
21052,0,0,131,4,16,29
21053,0,0,68,2,4,30
21054,0,69.45,345,4,16,33
21055,0,0,28,1,1,27
21056,0,0,29,1,1,27
21057,0,0,93.5,2,4,345
21058,0,0,52,1,1,29
21059,0,75,219.8,15,225,128
21060,0,110,1525.05,44,1936,20
21061,0,0,33.9,3,9,145
21062,0,0,69,1,1,31
21063,0,0,90,2,4,32
21064,0,0,323.35,10,100,11
21065,0,0,104,3,9,29
21066,0,0,109,4,16,29
21067,0,118,450.95,6,36,9
21068,0,0,164.5,11,121,24
21069,0,0,39,1,1,28
21070,0,0,29.5,1,1,27
21071,0,0,82,2,4,29
21072,0,0,1489.95,45,2025,27
21073,0,0,19,1,1,33
21074,0,0,129,4,16,27
21075,0,0,506.45,17,289,18
21076,0,245.45,698.95,20,400,19
21077,0,0,54,2,4,28
21078,0,0,90,4,16,31
21079,0,0,36.5,1,1,28
21080,0,0,125,1,1,29
21081,0,0,39,1,1,33
21082,0,0,383.5,9,81,30
21083,0,68,1456.3,45,2025,23
21084,0,0,268,2,4,5
21085,0,0,102.5,4,16,29
21086,0,0,38,2,4,31
21087,0,106.9,44.5,2,4,31
21088,0,0,79,3,9,31
21089,0,0,144.85,4,16,27
21090,0,0,19,1,1,28
21091,0,0,29,1,1,27
21092,0,0,0,1,1,32
21093,0,0,44,1,1,27
21094,0,0,63,3,9,29
21095,0,211.85,892,28,784,23
21096,0,0,68.5,3,9,28
21097,0,0,746,15,225,33
21098,0,0,42,1,1,32
21099,0,0,102,2,4,27
21100,0,59.95,498.5,24,576,32
21101,0,0,230.5,9,81,31
21102,0,0,117,3,9,32
21103,0,0,195.5,7,49,28
21104,0,0,24,1,1,28
21105,0,0,276.5,4,16,26
21106,0,29,921,26,676,32
21107,0,0,142.95,5,25,31
21108,0,260,1338.8,47,2209,28
21109,0,0,29.5,1,1,27
21110,0,0,139,1,1,28
21111,0,44,1664.5,50,2500,33
21112,0,0,162.5,4,16,26
21113,0,0,156.35,6,36,101
21114,0,0,1519.35,33,1089,26
21115,0,0,99,3,9,18
21116,0,0,120,2,4,29
21117,0,92,14.95,1,1,32
21118,0,0,29.5,1,1,28
21119,0,28.95,560.5,17,289,93
21120,0,0,64,3,9,39
21121,0,49.5,418,13,169,32
21122,0,0,454,9,81,21
21123,0,0,385.45,8,64,31
21124,0,29,127,4,16,32
21125,0,0,224.5,4,16,17
21126,0,62,159.9,6,36,37
21127,0,0,134,4,16,30
21128,0,0,343,5,25,29
21129,0,0,277.95,17,289,13
21130,0,0,49.5,1,1,377
21131,0,0,203.5,5,25,33
21132,0,0,54,2,4,29
21133,0,16.95,172,3,9,10
21134,0,0,107.5,3,9,29
21135,0,59,29.5,1,1,28
21136,0,78,44,2,4,29
21137,0,0,44,1,1,411
21138,0,0,125,3,9,27
21139,0,0,108,2,4,25
21140,0,0,69,1,1,26
21141,0,0,69,1,1,29
21142,0,0,133.9,7,49,31
21143,0,214,1226.65,29,841,27
21144,0,0,28,1,1,32
21145,0,0,182,4,16,31
21146,0,0,204,3,9,27
21147,0,0,823,9,81,14
21148,0,80,1718.2,42,1764,15
21149,0,0,156.5,7,49,31
21150,0,0,49.5,1,1,33
21151,0,0,377.35,11,121,21
21152,0,93,1737.4,55,3025,2
21153,0,0,84,4,16,27
21154,0,0,78,2,4,651
21155,0,39,27.5,2,4,32
21156,0,0,380.9,6,36,20
21157,0,0,337,10,100,28
21158,0,0,215,4,16,33
21159,0,0,134.5,3,9,32
21160,0,0,88,2,4,27
21161,0,0,1272.8,21,441,14
21162,0,0,77,3,9,32
21163,0,0,177,5,25,16
21164,0,0,0,3,9,15
21165,0,0,641.5,22,484,27
21166,0,40,31,1,1,252
21167,0,0,72,2,4,32
21168,0,0,93,3,9,27
21169,0,0,69,1,1,150
21170,0,0,254.9,9,81,31
21171,0,0,151.5,4,16,32
21172,0,0,502.5,9,81,16
21173,0,4.95,143,4,16,29
21174,0,0,735.95,22,484,32
21175,0,29,249.5,10,100,10
21176,0,0,99,1,1,37
21177,0,0,352,10,100,29
21178,0,0,393,6,36,13
21179,0,0,26,1,1,569
21180,0,0,2159.9,65,4225,33
21181,0,0,273.6,14,196,33
21182,0,0,133,3,9,32
21183,0,0,88,3,9,28
21184,0,0,657,15,225,15
21185,0,98.45,499,1,1,53
21186,0,0,303.6,16,256,25
21187,0,0,39.5,2,4,28
21188,0,135,205,5,25,32
21189,0,0,110.5,4,16,8
21190,0,0,64,1,1,30
21191,0,0,39.5,2,4,502
21192,0,72,470.95,8,64,15
21193,0,0,178.95,5,25,26
21194,0,0,344.5,8,64,27
21195,0,0,292.9,7,49,11
21196,0,0,0,1,1,27
21197,0,0,224,5,25,24
21198,0,32.9,376.3,22,484,20
21199,0,0,22,1,1,77
21200,0,68.5,703.45,20,400,18
21201,0,0,352.9,9,81,18
21202,0,0,61,2,4,18
21203,0,0,29,2,4,30
21204,0,0,183.5,6,36,28
21205,0,0,214.5,18,324,29
21206,0,0,252,11,121,27
21207,0,0,222,6,36,16
21208,0,0,30.85,5,25,25
21209,0,0,570.2,19,361,10
21210,0,0,32.5,1,1,28
21211,0,0,32,1,1,28
21212,0,0,315,6,36,28
21213,0,0,73.5,2,4,29
21214,0,0,201,4,16,29
21215,0,0,295,6,36,9
21216,0,0,537,3,9,51
21217,0,0,274,9,81,28
21218,0,0,209.95,5,25,22
21219,0,101,250,6,36,28
21220,0,69.45,436.5,7,49,13
21221,0,214.5,1037,15,225,32
21222,0,139,438.5,9,81,22
21223,0,0,156.5,7,49,20
21224,0,0,372,12,144,29
21225,0,0,38,2,4,29
21226,0,0,63,2,4,29
21227,0,0,69,1,1,31
21228,0,0,249.5,12,144,64
21229,0,0,38,2,4,8
21230,0,0,168,2,4,29
21231,0,0,125,4,16,27
21232,0,0,68,2,4,27
21233,0,0,60,3,9,29
21234,0,0,99.5,4,16,535
21235,0,0,291.5,7,49,27
21236,0,0,0,1,1,30
21237,0,0,305,9,81,26
21238,0,0,1338.5,35,1225,77
21239,0,0,66,2,4,32
21240,0,62,2347.85,47,2209,19
21241,0,0,454.9,15,225,17
21242,0,0,69,1,1,29
21243,0,0,0,2,4,244
21244,0,0,69,2,4,28
21245,0,0,71,2,4,32
21246,0,0,179.5,8,64,28
21247,0,0,128.5,3,9,4
21248,0,19.95,108,3,9,25
21249,0,0,694,13,169,23
21250,0,0,69,1,1,25
21251,0,0,66,2,4,25
21252,0,0,39.5,1,1,25
21253,0,0,457.5,3,9,5
21254,0,55.8,159.45,4,16,7
21255,0,0,80,3,9,25
21256,0,49,30,2,4,25
21257,0,0,129,1,1,25
21258,0,0,64,2,4,25
21259,0,0,39,1,1,25
21260,0,0,179,2,4,22
21261,0,0,24.95,1,1,25
21262,0,0,103,2,4,25
21263,0,0,65,3,9,25
21264,0,0,197,2,4,25
21265,0,0,213.95,4,16,25
21266,0,0,528,8,64,5
21267,0,0,114,2,4,25
21268,0,0,203.4,5,25,26
21269,0,0,36,2,4,16
21270,0,354.5,2009.9,38,1444,26
21271,0,0,58,2,4,10
21272,0,0,49,1,1,24
21273,0,0,63.5,2,4,24
21274,0,0,109,1,1,24
21275,0,0,194,4,16,10
21276,0,0,49.5,1,1,24
21277,0,0,75,5,25,24
21278,0,0,58,2,4,14
21279,0,135.5,56,2,4,24
21280,0,0,72,2,4,24
21281,0,0,189.5,6,36,24
21282,0,0,205.95,7,49,19
21283,0,0,116,3,9,24
21284,0,0,148.95,3,9,24
21285,0,0,24,1,1,24
21286,0,0,59,2,4,24
21287,0,0,195,5,25,24
21288,0,0,128,4,16,20
21289,0,0,199,1,1,24
21290,0,0,117.9,5,25,11
21291,0,0,59,2,4,24
21292,0,0,125,1,1,24
21293,0,0,202,5,25,23
21294,0,0,84,1,1,23
21295,0,0,55,1,1,23
21296,0,0,122,5,25,23
21297,0,0,65.9,3,9,23
21298,0,0,139,1,1,23
21299,0,0,0,1,1,23
21300,0,0,133.5,4,16,23
21301,0,0,59,2,4,23
21302,0,58,22,1,1,23
21303,0,0,89,1,1,23
21304,0,0,19,1,1,23
21305,0,101.4,24,2,4,23
21306,0,0,97.5,3,9,23
21307,0,64.5,90,1,1,23
21308,0,0,69,2,4,23
21309,0,0,145,1,1,23
21310,0,0,99,1,1,23
21311,0,0,44,1,1,23
21312,0,0,83,4,16,23
21313,0,0,166,7,49,23
21314,0,0,83,2,4,23
21315,0,21.45,726,13,169,15
21316,0,219.9,2479.4,92,8464,21
21317,0,79,475.4,20,400,19
21318,0,42,285,10,100,9
21319,0,0,1685,47,2209,17
21320,0,0,22,1,1,23
21321,0,0,241,8,64,13
21322,0,0,685.5,12,144,11
21323,0,0,79,1,1,22
21324,0,0,114,3,9,23
21325,0,0,127,3,9,23
21326,0,0,19.9,3,9,23
21327,0,0,344,5,25,9
21328,0,0,68,2,4,23
21329,0,0,59,1,1,23
21330,0,0,98.5,2,4,23
21331,0,252.4,138,2,4,19
21332,0,0,44,1,1,23
21333,0,0,39,1,1,23
21334,0,0,218,4,16,22
21335,0,0,50,1,1,23
21336,0,0,88,2,4,22
21337,0,0,316,9,81,22
21338,0,69,114,4,16,22
21339,0,49,78,1,1,22
21340,0,0,49.5,1,1,22
21341,0,60,124.5,4,16,22
21342,0,0,90,2,4,22
21343,0,0,59,1,1,22
21344,0,0,124.5,3,9,22
21345,0,0,545,11,121,13
21346,0,0,53,2,4,22
21347,0,0,59,1,1,22
21348,0,0,2203.4,27,729,23
21349,0,0,1998,50,2500,5
21350,0,0,55,1,1,22
21351,0,0,295.5,5,25,22
21352,0,0,24,1,1,22
21353,0,0,59,1,1,21
21354,0,0,167.5,4,16,21
21355,0,0,44,1,1,21
21356,0,0,0,1,1,21
21357,0,0,220,3,9,21
21358,0,0,50,2,4,21
21359,0,0,99,1,1,21
21360,0,0,62.5,2,4,21
21361,0,0,211,5,25,18
21362,0,0,29.5,1,1,21
21363,0,0,39,1,1,21
21364,0,0,59,2,4,21
21365,0,39,29,1,1,21
21366,0,0,140,5,25,21
21367,0,0,49,1,1,21
21368,0,0,99,1,1,21
21369,0,0,73,2,4,21
21370,0,49,73.5,2,4,21
21371,0,0,125,1,1,14
21372,0,0,24,1,1,21
21373,0,0,55,2,4,21
21374,0,0,29.5,1,1,21
21375,0,0,78.5,2,4,21
21376,0,0,49,1,1,21
21377,0,0,44,1,1,21
21378,0,0,29,1,1,16
21379,0,0,99,4,16,20
21380,0,0,143,4,16,20
21381,0,0,79,1,1,20
21382,0,0,216,4,16,20
21383,0,0,29,1,1,20
21384,0,0,44,1,1,20
21385,0,0,95,2,4,20
21386,0,0,24.5,1,1,20
21387,0,0,44,1,1,15
21388,0,0,39,1,1,20
21389,0,0,15,1,1,20
21390,0,0,321.65,11,121,7
21391,0,39,91.5,2,4,20
21392,0,0,29.5,1,1,20
21393,0,0,0,1,1,20
21394,0,0,28,1,1,20
21395,0,0,75,1,1,20
21396,0,0,117,3,9,19
21397,0,0,0,1,1,19
21398,0,0,89,1,1,14
21399,0,0,89,1,1,19
21400,0,0,90,1,1,19
21401,0,0,56,2,4,19
21402,0,178.95,159,1,1,19
21403,0,0,99,1,1,19
21404,0,0,40,2,4,19
21405,0,0,59,1,1,19
21406,0,0,19.95,1,1,19
21407,0,0,220,6,36,19
21408,0,44.95,68,1,1,19
21409,0,0,99,3,9,19
21410,0,0,143,2,4,17
21411,0,0,299.5,8,64,19
21412,0,0,74,1,1,19
21413,0,0,149.5,4,16,19
21414,0,0,27,2,4,19
21415,0,0,69,1,1,19
21416,0,0,79,2,4,19
21417,0,0,128.5,4,16,20
21418,0,0,256.5,5,25,3
21419,0,29.95,942,22,484,20
21420,0,0,554,14,196,26
21421,0,0,16,1,1,23
21422,0,0,22.5,1,1,21
21423,0,172.4,1041.4,29,841,18
21424,0,0,271,8,64,23
21425,0,0,139,1,1,23
21426,0,0,78.5,4,16,22
21427,0,29.95,558,15,225,1
21428,0,0,185.95,6,36,5
21429,0,0,381,10,100,25
21430,0,0,1026.25,15,225,19
21431,0,156,3226.65,64,4096,18
21432,0,0,723.35,13,169,18
21433,0,0,568,2,4,307
21434,0,0,83,2,4,22
21435,0,0,83.5,2,4,26
21436,0,0,44,1,1,33
21437,0,28,151.75,5,25,21
21438,0,0,100,4,16,177
21439,0,55,448,20,400,28
21440,0,29,605,14,196,12
21441,0,0,1637.7,57,3249,12
21442,0,0,474.95,6,36,23
21443,0,0,285.95,5,25,2
21444,0,54.5,104.5,3,9,26
21445,0,49.5,158.5,6,36,20
21446,0,138,69,1,1,25
21447,0,0,88,4,16,104
21448,0,0,206,6,36,79
21449,0,0,64.5,1,1,23
21450,0,36,267,11,121,17
21451,0,0,74.5,3,9,25
21452,0,0,670.95,9,81,24
21453,0,0,27,1,1,25
21454,0,0,875.8,26,676,26
21455,0,0,733.95,26,676,24
21456,0,0,0,1,1,23
21457,0,0,198.95,4,16,23
21458,0,0,44,1,1,24
21459,0,0,0,1,1,24
21460,0,0,115,2,4,26
21461,0,0,1429.6,34,1156,20
21462,0,84.45,208.5,7,49,22
21463,0,0,44,1,1,19
21464,0,0,179,8,64,23
21465,0,67,136,3,9,26
21466,0,0,29,1,1,20
21467,0,24.95,125,2,4,20
21468,0,336,1246.85,36,1296,26
21469,0,0,636,4,16,15
21470,0,0,53,3,9,21
21471,0,0,29.5,1,1,26
21472,0,0,109,1,1,23
21473,0,0,126.5,4,16,20
21474,0,0,663,6,36,21
21475,0,0,263,7,49,25
21476,0,32,139.85,9,81,4
21477,0,0,19.95,1,1,549
21478,0,0,95,1,1,23
21479,0,0,32,2,4,23
21480,0,0,218,2,4,311
21481,0,176.79,228,7,49,18
21482,0,0,29,1,1,23
21483,0,0,180,2,4,26
21484,0,16,63.5,2,4,23
21485,0,0,437,18,324,4
21486,0,0,119,4,16,37
21487,0,0,44,2,4,13
21488,0,0,137.5,3,9,20
21489,0,0,262,6,36,20
21490,0,0,848.45,15,225,24
21491,0,59,172,6,36,23
21492,0,181.3,150,5,25,23
21493,0,0,39.5,2,4,495
21494,0,0,54.5,2,4,23
21495,0,0,300.5,7,49,20
21496,0,0,29.5,1,1,20
21497,0,59,69,1,1,47
21498,0,0,68,2,4,21
21499,0,203.9,45,1,1,23
21500,0,99,213,3,9,20
21501,0,114,535.7,16,256,387
21502,0,0,28,1,1,23
21503,0,0,243,5,25,10
21504,0,0,118,2,4,26
21505,0,0,235.45,8,64,229
21506,0,250.5,1507.75,35,1225,1
21507,0,0,206,6,36,24
21508,0,0,217,4,16,1
21509,0,0,39.95,1,1,274
21510,0,0,82.5,3,9,25
21511,0,269.5,359,9,81,26
21512,0,78.5,3080.15,66,4356,14
21513,0,0,137.5,5,25,20
21514,0,0,230,6,36,21
21515,0,99.95,241,4,16,24
21516,0,0,72.5,3,9,163
21517,0,0,24.5,1,1,20
21518,0,0,129,1,1,24
21519,0,0,178.45,5,25,7
21520,0,115.5,264,9,81,26
21521,0,77,64,3,9,18
21522,0,148,114,3,9,26
21523,0,0,1136,12,144,83
21524,0,0,156,3,9,22
21525,0,24,68,2,4,26
21526,0,0,69,1,1,22
21527,0,0,79,3,9,21
21528,0,38,282.95,7,49,15
21529,0,0,158,3,9,26
21530,0,0,273,8,64,20
21531,0,59,98.5,2,4,21
21532,0,0,64.5,4,16,23
21533,0,0,157,3,9,22
21534,0,0,128.85,4,16,130
21535,0,111.9,947.4,30,900,15
21536,0,65.9,239,5,25,26
21537,0,0,98.5,2,4,445
21538,0,0,55,1,1,19
21539,0,0,784,31,961,2
21540,0,0,223,6,36,22
21541,0,0,135.95,3,9,25
21542,0,0,46,1,1,48
21543,0,0,29.5,1,1,22
21544,0,0,107.5,3,9,21
21545,0,0,70.5,2,4,25
21546,0,182.4,443,19,361,25
21547,0,39.5,193,3,9,25
21548,0,321.95,1088.5,37,1369,22
21549,0,0,97,3,9,20
21550,0,0,539,15,225,25
21551,0,0,98.5,2,4,26
21552,0,0,97,3,9,22
21553,0,59,137.5,3,9,21
21554,0,0,58,2,4,22
21555,0,0,125,1,1,23
21556,0,0,98,5,25,22
21557,0,0,25,1,1,26
21558,0,0,1232.1,33,1089,26
21559,0,0,187,3,9,53
21560,0,0,104,2,4,24
21561,0,0,262.64,10,100,25
21562,0,148,380.3,12,144,22
21563,0,0,155,1,1,20
21564,0,0,287,8,64,19
21565,0,0,821.5,21,441,20
21566,0,95,42.5,1,1,50
21567,0,0,0,2,4,19
21568,0,0,145,4,16,24
21569,0,0,69,2,4,23
21570,0,127,513,7,49,24
21571,0,0,58.5,2,4,21
21572,0,54,1730.9,41,1681,14
21573,0,0,443.5,9,81,21
21574,0,84,388.9,16,256,22
21575,0,0,59.5,3,9,23
21576,0,0,44,1,1,20
21577,0,0,44,1,1,23
21578,0,0,39.5,1,1,35
21579,0,0,1071.8,35,1225,26
21580,0,89.95,207,6,36,21
21581,0,0,291.9,12,144,5
21582,0,0,49,1,1,20
21583,0,0,152,3,9,25
21584,0,0,83.5,3,9,23
21585,0,0,528,2,4,277
21586,0,0,129,1,1,25
21587,0,0,32,1,1,25
21588,0,58.95,457.5,10,100,27
21589,0,0,178,6,36,383
21590,0,0,39,1,1,23
21591,0,0,278,4,16,23
21592,0,0,217,2,4,21
21593,0,0,143,3,9,25
21594,0,39.5,413.85,12,144,1
21595,0,0,0,1,1,20
21596,0,0,39,1,1,23
21597,0,0,45,2,4,22
21598,0,0,1202.9,36,1296,9
21599,0,0,95,1,1,26
21600,0,0,605.9,8,64,380
21601,0,0,73,2,4,23
21602,0,0,2415.05,41,1681,24
21603,0,0,209,3,9,26
21604,0,0,428,7,49,11
21605,0,0,111,3,9,25
21606,0,0,115,2,4,25
21607,0,0,722.95,11,121,22
21608,0,0,46,1,1,24
21609,0,49,352.55,15,225,24
21610,0,0,284,6,36,26
21611,0,91,353.5,8,64,2
21612,0,0,2245.25,44,1936,145
21613,0,0,264,6,36,26
21614,0,0,203.5,5,25,21
21615,0,0,73,2,4,23
21616,0,0,89.95,2,4,2
21617,0,0,53,2,4,23
21618,0,0,276.9,10,100,24
21619,0,0,114,2,4,26
21620,0,0,98.5,2,4,21
21621,0,84.75,1739.15,35,1225,20
21622,0,0,123,2,4,22
21623,0,0,140.5,4,16,22
21624,0,0,467,4,16,2
21625,0,0,57,3,9,24
21626,0,0,78.5,2,4,24
21627,0,59.95,1048.55,43,1849,21
21628,0,107.5,182,4,16,4
21629,0,0,146,4,16,20
21630,0,52,649.95,15,225,26
21631,0,0,38.95,2,4,25
21632,0,0,251.5,10,100,12
21633,0,0,74,2,4,132
21634,0,0,46.5,2,4,385
21635,0,128,145.95,8,64,14
21636,0,0,98,4,16,20
21637,0,64.5,348,7,49,22
21638,0,0,99,1,1,23
21639,0,0,89,1,1,54
21640,0,0,68,2,4,21
21641,0,0,112.5,3,9,21
21642,0,0,464.75,14,196,25
21643,0,0,22,1,1,23
21644,0,0,408.5,11,121,26
21645,0,47.85,346.2,7,49,20
21646,0,0,258,4,16,22
21647,0,78,815,16,256,43
21648,0,0,462,10,100,376
21649,0,0,44,1,1,22
21650,0,28.5,162,4,16,25
21651,0,0,206.5,4,16,26
21652,0,0,223.5,5,25,25
21653,0,36,158,4,16,22
21654,0,0,93,5,25,24
21655,0,0,138.95,2,4,20
21656,0,107.5,200,7,49,13
21657,0,0,29,1,1,23
21658,0,0,102,3,9,20
21659,0,0,537.25,6,36,23
21660,0,0,95,2,4,25
21661,0,0,64,1,1,20
21662,0,0,39.5,1,1,19
21663,0,0,196,4,16,21
21664,0,49.9,1813.3,54,2916,22
21665,0,0,1581.7,43,1849,13
21666,0,55.5,83.75,4,16,23
21667,0,0,102.5,3,9,25
21668,0,0,248,2,4,24
21669,0,69.5,252.95,9,81,24
21670,0,0,138.5,3,9,19
21671,0,0,52,2,4,21
21672,0,0,529.3,18,324,20
21673,0,0,49.5,2,4,31
21674,0,0,67,2,4,321
21675,0,0,378,9,81,24
21676,0,309,1809.6,52,2704,6
21677,0,0,45,3,9,22
21678,0,0,39,1,1,25
21679,0,0,536.5,7,49,23
21680,0,0,878,27,729,24
21681,0,0,59.5,3,9,25
21682,0,44,146,4,16,25
21683,0,0,75.5,2,4,26
21684,0,0,24,1,1,20
21685,0,0,267.5,7,49,26
21686,0,0,858.5,14,196,21
21687,0,0,260.5,13,169,21
21688,0,292.5,848.5,18,324,22
21689,0,0,1049,23,529,11
21690,0,0,125,5,25,23
21691,0,0,213.9,4,16,22
21692,0,79,99.5,2,4,23
21693,0,0,401,8,64,23
21694,0,0,94,2,4,25
21695,0,0,265.5,8,64,21
21696,0,0,313,7,49,20
21697,0,0,39.5,1,1,26
21698,0,0,79,1,1,20
21699,0,0,111,3,9,23
21700,0,0,84.9,3,9,25
21701,0,0,89,1,1,276
21702,0,0,922.45,33,1089,20
21703,0,242.1,391.9,10,100,24
21704,0,263.95,122,3,9,22
21705,0,0,63,4,16,10
21706,0,0,206,8,64,25
21707,0,0,29,1,1,375
21708,0,0,208,3,9,25
21709,0,0,271,7,49,20
21710,0,0,256.1,11,121,26
21711,0,0,186,4,16,22
21712,0,0,29,1,1,22
21713,0,0,39.5,1,1,20
21714,0,58.4,405,9,81,20
21715,0,0,75,1,1,25
21716,0,0,186.5,5,25,21
21717,0,0,276.1,12,144,26
21718,0,0,244,5,25,20
21719,0,0,1496.2,36,1296,23
21720,0,0,59,1,1,20
21721,0,0,361,5,25,26
21722,0,0,103,2,4,22
21723,0,0,44,1,1,20
21724,0,0,85.5,2,4,22
21725,0,18,653.95,10,100,2
21726,0,0,202,5,25,20
21727,0,0,34,1,1,22
21728,0,0,81.5,2,4,25
21729,0,0,116.5,4,16,25
21730,0,0,128,4,16,22
21731,0,34,147,3,9,417
21732,0,334,233,7,49,25
21733,0,0,455.5,12,144,21
21734,0,0,1795.4,44,1936,2
21735,0,0,255,3,9,64
21736,0,0,119,2,4,22
21737,1,63.8,39.5,1,1,392
21738,0,0,88,3,9,23
21739,0,24,24,1,1,26
21740,0,0,69,1,1,25
21741,0,185,565.25,19,361,20
21742,0,0,153.95,4,16,25
21743,0,91,2079,46,2116,28
21744,0,0,674.5,21,441,18
21745,0,0,63.5,2,4,23
21746,0,18,865.2,22,484,5
21747,0,0,99,1,1,365
21748,0,46.5,168,2,4,25
21749,0,200,662.15,19,361,44
21750,0,0,188.5,2,4,20
21751,0,0,56,1,1,18
21752,0,0,0,1,1,18
21753,0,0,39.5,1,1,18
21754,0,0,147,5,25,18
21755,0,0,211.5,5,25,18
21756,0,0,49.5,1,1,18
21757,0,0,129,1,1,18
21758,0,0,0,1,1,18
21759,0,29,37,1,1,18
21760,0,0,74.5,4,16,18
21761,0,0,39,1,1,18
21762,0,0,198,2,4,18
21763,0,0,342.4,6,36,15
21764,0,0,29.5,1,1,18
21765,0,0,179,1,1,18
21766,0,0,29,1,1,18
21767,0,0,72,2,4,18
21768,0,0,105,1,1,18
21769,0,0,19.5,1,1,18
21770,0,0,26,1,1,18
21771,0,39,220.5,6,36,18
21772,0,19.95,49.5,1,1,19
21773,0,0,502.5,15,225,19
21774,0,78.5,99,1,1,17
21775,0,0,118,2,4,9
21776,0,100.5,34.5,1,1,17
21777,0,0,29,1,1,17
21778,0,0,98.5,3,9,17
21779,0,0,401.5,5,25,17
21780,0,0,32,1,1,17
21781,0,0,268.4,6,36,17
21782,0,44.95,49,1,1,17
21783,0,0,44,2,4,17
21784,0,0,83,2,4,17
21785,0,0,143,4,16,17
21786,0,0,65,1,1,17
21787,0,0,95,1,1,17
21788,0,0,67,3,9,17
21789,0,0,102,4,16,17
21790,0,0,44,1,1,16
21791,0,0,943,2,4,16
21792,0,0,64.5,1,1,16
21793,0,0,84,1,1,16
21794,0,0,28,1,1,16
21795,0,0,93,3,9,16
21796,0,0,29,1,1,16
21797,0,0,24,1,1,16
21798,0,0,45,1,1,16
21799,0,0,63.5,2,4,16
21800,0,0,154,2,4,15
21801,0,0,64,2,4,16
21802,0,0,29.5,1,1,16
21803,0,65,99,1,1,16
21804,0,0,34.5,1,1,16
21805,0,0,69,1,1,16
21806,0,0,49,1,1,16
21807,0,0,81,3,9,16
21808,0,0,31,1,1,16
21809,0,0,58,2,4,16
21810,0,0,208,3,9,13
21811,0,0,139,1,1,18
21812,0,0,567.95,17,289,14
21813,0,0,48,2,4,15
21814,0,0,39.5,1,1,15
21815,0,0,57,1,1,15
21816,0,0,167,2,4,15
21817,0,0,77.5,2,4,14
21818,0,45,116.5,4,16,15
21819,0,0,29.5,1,1,15
21820,0,94,36,2,4,15
21821,0,413,99,1,1,15
21822,0,0,165,5,25,15
21823,0,69,65,2,4,15
21824,0,0,99,1,1,15
21825,0,0,95,6,36,15
21826,0,0,109,1,1,15
21827,0,0,59,2,4,15
21828,0,0,49.5,1,1,15
21829,0,0,46,1,1,15
21830,0,0,154.5,3,9,15
21831,0,0,65.5,2,4,15
21832,0,0,0,1,1,14
21833,0,0,131.5,4,16,14
21834,0,19,148.4,7,49,2
21835,0,0,89,1,1,14
21836,0,69,59,1,1,14
21837,0,0,147.5,3,9,14
21838,0,0,91.75,4,16,14
21839,0,0,29,1,1,14
21840,0,0,39,1,1,14
21841,0,0,36,1,1,14
21842,0,0,44,1,1,14
21843,0,0,31,1,1,14
21844,0,0,30,1,1,13
21845,0,0,175,1,1,14
21846,0,0,37,1,1,14
21847,0,0,31,1,1,13
21848,0,0,23.5,1,1,13
21849,0,0,19,1,1,13
21850,0,0,0,3,9,13
21851,0,0,0,1,1,13
21852,0,0,107,3,9,13
21853,0,0,378,2,4,12
21854,0,0,0,1,1,13
21855,0,0,49.5,1,1,13
21856,0,0,0,1,1,13
21857,0,0,79,2,4,13
21858,0,0,124,2,4,13
21859,0,0,29.5,1,1,13
21860,0,0,45,1,1,13
21861,0,0,59,2,4,13
21862,0,0,109,1,1,12
21863,0,0,29.5,1,1,12
21864,0,0,69,1,1,12
21865,0,0,184,2,4,12
21866,0,0,44,1,1,12
21867,0,0,19,1,1,12
21868,0,143,232,4,16,12
21869,0,0,113,3,9,12
21870,0,0,233,4,16,12
21871,0,113.99,39,2,4,12
21872,0,0,39,1,1,16
21873,1,95.8,315.9,6,36,35
21874,0,0,98.5,3,9,14
21875,0,68.5,444,14,196,20
21876,0,48.95,45,1,1,14
21877,0,0,702.2,23,529,19
21878,0,164.98,87,2,4,16
21879,0,0,638.9,18,324,13
21880,0,0,166,5,25,18
21881,0,0,234.5,6,36,18
21882,0,0,204,6,36,550
21883,0,0,20,1,1,8
21884,0,0,168,2,4,16
21885,0,0,29,1,1,19
21886,0,0,0,1,1,17
21887,0,0,282,8,64,14
21888,0,0,39,1,1,16
21889,0,0,79,2,4,17
21890,0,0,499,16,256,14
21891,0,0,118,4,16,14
21892,1,0,199,1,1,15
21893,0,0,295,8,64,14
21894,1,0,540.95,18,324,18
21895,0,0,283,7,49,411
21896,0,0,124,2,4,18
21897,0,0,134,3,9,19
21898,0,0,323.95,10,100,31
21899,0,0,158,2,4,19
21900,0,0,138,3,9,386
21901,0,32,24,1,1,14
21902,0,0,284.45,7,49,15
21903,0,0,15,1,1,19
21904,0,0,175,6,36,25
21905,0,0,531.5,8,64,16
21906,0,0,0,1,1,14
21907,0,0,92,3,9,13
21908,0,0,108,2,4,17
21909,0,0,49,1,1,17
21910,1,0,1546.45,45,2025,13
21911,0,0,39,1,1,19
21912,0,60.8,402.6,15,225,25
21913,0,83.75,432.1,14,196,17
21914,0,0,646.95,10,100,18
21915,0,0,132.9,4,16,13
21916,0,0,100,4,16,14
21917,0,0,29,1,1,31
21918,1,0,149,1,1,15
21919,0,44,2666.35,82,6724,21
21920,0,0,125,1,1,14
21921,0,0,111.95,3,9,9
21922,0,0,64.5,3,9,15
21923,1,142.95,845.35,19,361,25
21924,0,0,39,3,9,11
21925,0,49,104,4,16,15
21926,0,0,206,6,36,18
21927,0,0,179,1,1,16
21928,0,0,630.9,15,225,9
21929,0,0,78,3,9,15
21930,0,0,59,3,9,16
21931,0,0,110,1,1,18
21932,0,0,189,4,16,120
21933,0,0,24.5,2,4,15
21934,0,0,395,11,121,5
21935,1,0,142,6,36,692
21936,1,0,221,8,64,14
21937,0,0,184,4,16,15
21938,1,0,158,5,25,344
21939,0,0,106.5,3,9,16
21940,0,275,39,1,1,21
21941,0,0,159.5,6,36,17
21942,0,278.95,568.3,15,225,1
21943,0,0,69,2,4,16
21944,0,0,157.25,6,36,18
21945,0,0,16.5,1,1,33
21946,0,0,0,1,1,13
21947,1,0,173.45,5,25,18
21948,0,0,76,2,4,14
21949,1,0,62.85,3,9,180
21950,0,0,52,1,1,49
21951,1,0,51,2,4,12
21952,0,0,99,2,4,13
21953,0,0,49,1,1,14
21954,0,0,212,7,49,11
21955,1,44,241,4,16,383
21956,0,0,69,4,16,18
21957,1,0,29.5,1,1,390
21958,0,0,255.5,5,25,17
21959,0,0,93,2,4,15
21960,0,0,55.5,2,4,15
21961,0,0,122.5,3,9,26
21962,0,0,99,1,1,18
21963,0,0,59,2,4,16
21964,0,0,364.45,10,100,313
21965,0,0,288,7,49,17
21966,0,0,99,1,1,19
21967,1,0,117.5,3,9,13
21968,0,0,203,2,4,18
21969,0,0,39,1,1,14
21970,0,108,203,12,144,145
21971,0,0,29,1,1,15
21972,0,195.65,588.6,27,729,8
21973,0,169,1860.9,83,6889,13
21974,0,506,128,2,4,384
21975,1,52.95,172,4,16,17
21976,1,0,172,4,16,14
21977,0,0,1151,18,324,17
21978,0,0,179.5,4,16,19
21979,0,0,229,6,36,16
21980,0,0,133,6,36,17
21981,1,0,69,1,1,673
21982,0,348.5,57,3,9,13
21983,0,0,903,7,49,18
21984,0,0,164,5,25,25
21985,0,0,49.5,2,4,13
21986,0,0,53,2,4,13
21987,0,0,122,3,9,19
21988,0,0,109.95,3,9,17
21989,1,0,164,4,16,15
21990,0,0,49.5,1,1,18
21991,0,65,168,5,25,10
21992,0,0,30,1,1,14
21993,0,0,49,1,1,17
21994,0,19,19,1,1,16
21995,0,0,24,2,4,387
21996,0,0,55,1,1,14
21997,0,0,44,3,9,16
21998,1,0,482.8,11,121,38
21999,0,0,66.5,2,4,14
22000,1,39,668.95,24,576,14
22001,0,0,39,1,1,14
22002,0,0,289,4,16,25
22003,0,0,141,3,9,12
22004,1,0,172.95,5,25,42
22005,0,0,118,3,9,15
22006,1,29,808.45,18,324,14
22007,0,0,46,2,4,19
22008,0,0,252.5,8,64,19
22009,0,0,63.5,2,4,17
22010,0,0,86,3,9,18
22011,1,113.4,647.35,20,400,14
22012,1,0,682.4,22,484,17
22013,0,0,29,2,4,17
22014,0,0,34,1,1,18
22015,0,95,591.45,21,441,5
22016,0,0,0,2,4,17
22017,0,0,98.5,2,4,18
22018,0,0,31,1,1,13
22019,0,97,566.5,16,256,15
22020,0,0,41,3,9,26
22021,0,0,422,8,64,16
22022,0,0,69,1,1,19
22023,0,0,332,8,64,8
22024,0,0,494.5,17,289,27
22025,0,0,41,1,1,391
22026,0,0,58,2,4,17
22027,0,0,810.5,20,400,20
22028,1,0,79,2,4,411
22029,1,156.35,626.1,30,900,12
22030,0,0,290.9,4,16,20
22031,0,200,92,2,4,263
22032,0,0,44,1,1,19
22033,0,12.95,327.9,10,100,13
22034,1,0,246,5,25,14
22035,0,0,182,4,16,19
22036,0,0,456,11,121,16
22037,0,25,174,4,16,13
22038,0,0,39,1,1,27
22039,0,114.75,367,9,81,354
22040,0,0,245.85,7,49,28
22041,0,0,65,3,9,10
22042,0,0,166.5,4,16,18
22043,1,0,728,16,256,17
22044,0,0,39,1,1,18
22045,0,0,0,2,4,13
22046,0,128,39,1,1,23
22047,0,0,39,1,1,15
22048,0,0,484.5,13,169,15
22049,0,0,49,1,1,18
22050,0,0,76,2,4,16
22051,1,0,97.5,3,9,20
22052,0,0,29.5,1,1,18
22053,0,0,192.5,6,36,9
22054,0,0,59.5,2,4,21
22055,0,151,141.3,6,36,12
22056,0,0,34,1,1,18
22057,0,0,255.5,5,25,13
22058,0,0,49,1,1,16
22059,0,0,0,1,1,13
22060,0,44,44,1,1,16
22061,0,0,153,5,25,16
22062,0,0,977.5,15,225,16
22063,0,0,0,1,1,16
22064,0,0,79,4,16,162
22065,0,0,30,1,1,715
22066,0,0,110,3,9,15
22067,0,0,126.5,4,16,15
22068,0,0,34,1,1,16
22069,0,0,21.5,1,1,703
22070,0,0,234.5,8,64,12
22071,0,51.5,111,3,9,14
22072,0,0,415.75,4,16,92
22073,1,0,142.5,4,16,15
22074,0,0,138.95,4,16,11
22075,0,0,285,5,25,15
22076,1,0,353.75,14,196,27
22077,1,0,1556,42,1764,14
22078,0,0,88.5,3,9,16
22079,0,0,337,6,36,18
22080,0,0,246,10,100,17
22081,1,0,745.95,22,484,21
22082,0,0,73,2,4,19
22083,1,0,1594,13,169,31
22084,1,0,202,5,25,25
22085,0,0,199,3,9,15
22086,1,0,281.8,5,25,130
22087,0,168,137.5,5,25,257
22088,0,0,49.5,1,1,15
22089,0,0,66.5,2,4,17
22090,0,0,109.9,2,4,16
22091,0,0,30,2,4,13
22092,0,0,58,1,1,16
22093,0,0,99,1,1,13
22094,1,0,227.5,7,49,23
22095,1,0,109,1,1,17
22096,1,0,128.5,3,9,29
22097,0,0,77,4,16,15
22098,0,0,134,4,16,12
22099,0,0,255.5,6,36,19
22100,0,0,95,3,9,29
22101,0,0,56,1,1,488
22102,0,0,55.5,2,4,18
22103,0,0,0,1,1,18
22104,0,0,59,1,1,17
22105,0,39.5,39,1,1,149
22106,0,0,0,2,4,13
22107,0,0,303.95,8,64,16
22108,0,0,0,1,1,13
22109,0,0,255.5,7,49,13
22110,1,0,230.45,7,49,2
22111,1,0,175.5,10,100,16
22112,0,451,87,3,9,18
22113,1,0,99,1,1,384
22114,1,104.15,491,10,100,16
22115,0,16.95,19.5,1,1,14
22116,0,0,247,3,9,16
22117,0,108,173.5,6,36,15
22118,0,0,248.5,4,16,9
22119,0,16.95,54.7,6,36,108
22120,1,0,49.5,1,1,16
22121,0,0,105,4,16,16
22122,0,0,142.5,3,9,23
22123,0,0,24,1,1,16
22124,0,0,219,1,1,18
22125,0,0,79,4,16,497
22126,0,0,45.5,2,4,14
22127,0,0,45.4,3,9,14
22128,0,0,19.5,1,1,15
22129,0,0,58,2,4,18
22130,0,0,135.9,4,16,19
22131,0,0,44,1,1,18
22132,0,0,69,1,1,22
22133,1,130,147,5,25,17
22134,1,59,765.7,16,256,4
22135,0,0,312.5,11,121,15
22136,1,0,287.5,7,49,17
22137,0,0,0,1,1,15
22138,1,0,126.5,4,16,16
22139,0,0,102,2,4,17
22140,0,0,597.95,22,484,17
22141,0,0,29,1,1,18
22142,0,0,24,1,1,14
22143,0,59,208,5,25,17
22144,0,0,138.5,4,16,19
22145,0,0,877.7,16,256,4
22146,0,0,349.45,7,49,16
22147,0,0,188,4,16,27
22148,0,0,80,3,9,27
22149,0,0,191,8,64,15
22150,1,0,236,8,64,37
22151,0,0,258,2,4,10
22152,0,0,136,3,9,17
22153,0,0,227,3,9,21
22154,0,0,20,1,1,18
22155,0,0,129,1,1,379
22156,0,0,48,2,4,19
22157,1,230.2,158.25,5,25,16
22158,0,0,24,1,1,15
22159,0,177,331,8,64,18
22160,0,0,49.5,1,1,11
22161,0,0,209,1,1,11
22162,0,0,29,1,1,11
22163,0,0,302,8,64,11
22164,0,0,23.5,1,1,11
22165,0,0,199,1,1,11
22166,0,0,39,1,1,11
22167,0,0,187,3,9,11
22168,0,0,358,2,4,11
22169,0,0,121,3,9,11
22170,0,0,223,2,4,11
22171,0,0,181,5,25,10
22172,0,0,99,1,1,11
22173,0,0,167,2,4,10
22174,0,129,178,2,4,10
22175,0,0,109,3,9,10
22176,0,0,99,1,1,10
22177,0,0,32,2,4,10
22178,0,339.5,79,1,1,2
22179,0,0,136.5,3,9,9
22180,0,0,123,3,9,9
22181,0,0,79,1,1,9
22182,0,0,45.5,1,1,9
22183,0,0,139,1,1,9
22184,0,0,149,1,1,8
22185,0,0,59,1,1,8
22186,0,0,90,2,4,8
22187,0,0,0,1,1,7
22188,0,0,39.5,1,1,7
22189,0,0,69,1,1,6
22190,0,0,29,1,1,6
22191,0,0,49,1,1,5
22192,0,0,38,1,1,5
22193,0,0,89,1,1,5
22194,0,0,29,1,1,129
22195,0,0,316,4,16,8
22196,1,129,650.25,14,196,11
22197,0,0,0,1,1,8
22198,0,0,49.5,1,1,6
22199,0,311,372.5,14,196,9
22200,0,0,516,10,100,4
22201,0,0,202.9,5,25,9
22202,0,0,59,1,1,8
22203,0,0,122,3,9,9
22204,0,0,109.95,3,9,8
22205,0,0,74,2,4,285
22206,0,29,265.5,6,36,8
22207,0,64,592,11,121,17
22208,0,0,272,6,36,9
22209,1,0,24,1,1,260
22210,0,0,72,2,4,9
22211,0,0,163,2,4,10
22212,1,0,43.85,3,9,171
22213,0,0,77.25,7,49,9
22214,0,0,87,2,4,12
22215,0,0,48,2,4,112
22216,1,317.15,327.5,9,81,8
22217,0,0,26.85,6,36,7
22218,0,0,76,3,9,9
22219,0,0,98,3,9,20
22220,1,54,201.5,6,36,8
22221,0,0,137,3,9,9
22222,0,0,299,1,1,7
22223,0,0,88.5,3,9,10
22224,0,0,99,2,4,12
22225,0,0,0,1,1,8
22226,0,0,0,1,1,9
22227,0,0,217,3,9,20
22228,1,0,142,8,64,8
22229,0,0,118,2,4,29
22230,0,0,123,2,4,11
22231,1,68.5,249,6,36,11
22232,1,150.5,128.85,4,16,179
22233,1,0,301.95,6,36,3
22234,1,0,924,15,225,11
22235,1,0,205.5,7,49,10
22236,0,0,103,2,4,8
22237,1,170.5,520.45,10,100,26
22238,0,0,39,1,1,12
22239,0,0,95,1,1,11
22240,0,0,460.45,10,100,10
22241,0,0,0,5,25,12
22242,0,34,34,1,1,12
22243,0,0,59,2,4,14
22244,1,0,122.95,5,25,229
22245,0,177,364,17,289,10
22246,0,0,88,3,9,8
22247,0,0,164,4,16,217
22248,1,37,1606.35,66,4356,69
22249,0,0,44,1,1,11
22250,1,44.5,629,12,144,9
22251,0,0,38,1,1,12
22252,0,0,210,8,64,7
22253,0,0,52,1,1,12
22254,1,16.95,217.95,7,49,21
22255,0,188,86.95,4,16,6
22256,0,0,49,1,1,19
22257,1,0,379,9,81,9
22258,0,0,114,2,4,10
22259,0,0,437,3,9,17
22260,0,0,68,2,4,18
22261,1,44,467.5,13,169,20
22262,0,0,184.5,5,25,12
22263,1,0,197.45,8,64,9
22264,0,0,703,16,256,7
22265,1,138.45,310.85,17,289,236
22266,0,0,0,1,1,10
22267,0,0,150,1,1,541
22268,0,0,44,1,1,8
22269,0,0,137.5,4,16,10
22270,1,0,173,3,9,332
22271,1,0,177.45,6,36,10
22272,0,0,68.5,2,4,10
22273,1,122.5,1572.1,50,2500,12
22274,0,279.95,39.5,2,4,144
22275,0,0,228,4,16,138
22276,0,0,49,1,1,9
22277,1,70,312,7,49,15
22278,0,0,87,3,9,11
22279,0,0,228,2,4,10
22280,0,0,88,2,4,5
22281,1,0,183,3,9,12
22282,1,0,182.4,6,36,11
22283,1,58.5,1691.9,56,3136,1
22284,0,44,28.95,4,16,10
22285,0,0,29.5,1,1,12
22286,0,0,45,2,4,7
22287,0,0,262.75,7,49,12
22288,0,0,238,4,16,16
22289,1,0,118,3,9,359
22290,0,0,113.5,3,9,11
22291,0,0,207.95,7,49,15
22292,0,0,345.85,7,49,21
22293,0,0,29,1,1,12
22294,0,0,825.05,24,576,8
22295,0,114.5,352.5,4,16,12
22296,0,0,59,1,1,11
22297,0,128.5,0,1,1,9
22298,0,24,25,1,1,7
22299,0,0,446.4,7,49,30
22300,0,262.95,162,5,25,15
22301,1,0,163.5,9,81,44
22302,1,0,697,19,361,31
22303,1,41,240.5,9,81,372
22304,0,0,72,2,4,12
22305,0,0,30,1,1,12
22306,1,0,765.8,22,484,1
22307,0,0,104,2,4,12
22308,0,0,211,5,25,10
22309,0,0,151,6,36,9
22310,0,0,30,1,1,9
22311,0,0,190,5,25,9
22312,0,0,280,9,81,22
22313,0,0,69,2,4,12
22314,0,0,44,1,1,6
22315,1,0,79.8,4,16,683
22316,0,0,29.5,1,1,14
22317,0,0,243,5,25,12
22318,0,0,99,2,4,12
22319,0,0,312.25,11,121,11
22320,1,0,328,5,25,11
22321,1,0,34.5,1,1,389
22322,0,0,49.5,1,1,6
22323,0,0,1026.5,27,729,10
22324,0,0,148,4,16,11
22325,0,0,39,1,1,10
22326,0,0,99,1,1,13
22327,0,36,79,3,9,9
22328,0,0,28,1,1,11
22329,0,0,69.5,1,1,4
22330,0,0,59,1,1,4
22331,0,0,49,1,1,4
22332,0,0,44,1,1,4
22333,0,0,0,1,1,4
22334,0,0,174.7,10,100,3
22335,0,0,47,2,4,3
22336,0,0,108.95,2,4,3
22337,0,0,79.95,1,1,2
22338,0,0,0,1,1,2
22339,0,0,16.5,1,1,2
22340,0,39.5,179,1,1,2
22341,0,0,54,1,1,2
22342,0,34.9,59.85,3,9,2
22343,0,0,16.95,1,1,2
22344,0,24,30,1,1,1
22345,0,0,739.3,22,484,3
22346,0,0,59,1,1,1
22347,0,0,83,2,4,1
22348,0,0,112.8,5,25,1
22349,0,0,153.4,4,16,1
22350,0,0,124.45,5,25,228
22351,0,0,339,1,1,24
22352,1,0,795,25,625,44
22353,0,0,68,2,4,19
22354,1,102.95,429,11,121,88
22355,0,0,95,3,9,2
22356,0,0,99,1,1,22
22357,0,0,29.5,1,1,16
22358,0,25,938.35,27,729,2
22359,0,0,58,2,4,21
22360,0,0,66,3,9,1
22361,0,323.95,254,5,25,12
22362,0,0,88.8,4,16,1
22363,1,0,96.85,4,16,4
22364,0,0,51,2,4,26
22365,1,0,325.45,11,121,35
22366,0,0,706.45,17,289,1
22367,0,0,105,2,4,2
22368,1,0,440.4,6,36,5
22369,0,0,566,4,16,37
22370,1,12.95,822.15,20,400,5
22371,0,0,0,1,1,2
22372,0,0,225,6,36,27
22373,0,0,89,1,1,1
22374,0,39.5,36,1,1,20
22375,0,0,59,1,1,1
22376,0,0,444.45,9,81,5
22377,1,0,114,3,9,336
22378,0,0,39,2,4,25
22379,0,0,277,3,9,15
22380,0,0,39.5,4,16,15
22381,0,0,128,2,4,1
22382,0,38,905.25,28,784,19
22383,0,0,74,1,1,15
22384,0,97.5,27,1,1,1
22385,0,0,49,1,1,53
22386,0,0,64,1,1,15
22387,0,0,861.5,11,121,4
22388,0,0,614.3,16,256,5
22389,1,0,242,7,49,30
22390,0,0,59,1,1,23
22391,0,0,185.45,5,25,4
22392,0,349.4,632,15,225,8
22393,1,0,365,5,25,20
22394,0,0,69,1,1,23
22395,0,0,129.7,5,25,5
22396,0,0,470.45,8,64,5
22397,0,0,50,2,4,20
22398,0,0,63.5,2,4,11
22399,0,0,114,3,9,21
22400,0,43.95,30,2,4,62
22401,0,0,78.45,3,9,676
22402,0,0,44,1,1,3
22403,0,0,28,1,1,29
22404,0,0,65,1,1,27
22405,0,280,1168.3,33,1089,1
22406,0,0,18,1,1,513
22407,0,0,145,1,1,14
22408,0,0,343,5,25,19
22409,0,0,34,1,1,47
22410,0,0,128.9,5,25,1
22411,0,0,335.85,9,81,54
22412,1,0,145.5,3,9,23
22413,0,0,19.95,1,1,5
22414,0,0,320.95,8,64,24
22415,0,0,118,2,4,29
22416,0,54.95,149,5,25,14
22417,0,0,93.04,12,144,1
22418,0,0,118,2,4,39
22419,0,0,136.75,5,25,5
22420,0,0,84,4,16,15
22421,0,0,64.5,2,4,22
22422,0,0,144.5,4,16,15
22423,1,0,0,1,1,36
22424,0,0,0,4,16,14
22425,0,0,103,3,9,14
22426,1,35,78,2,4,597
22427,1,0,537,11,121,23
22428,0,0,59,1,1,3
22429,0,0,332,8,64,14
22430,0,0,225,5,25,5
22431,0,0,0,1,1,11
22432,0,0,49.5,1,1,21
22433,0,0,143.9,4,16,33
22434,0,0,530,4,16,16
22435,0,0,29,1,1,364
22436,1,0,442.75,11,121,1
22437,0,0,59,1,1,21
22438,1,0,39.5,1,1,41
22439,0,39.95,194,4,16,7
22440,0,14.5,109,2,4,1
22441,0,0,223.5,2,4,5
22442,0,0,118,2,4,32
22443,1,0,39,2,4,43
22444,0,0,99,1,1,23
22445,1,0,130,2,4,58
22446,0,0,230.5,9,81,26
22447,0,0,59,3,9,302
22448,0,0,32,2,4,2
22449,1,0,392.25,9,81,11
22450,0,0,59,2,4,27
22451,0,0,45,1,1,392
22452,0,0,99,1,1,3
22453,1,0,593.35,17,289,3
22454,1,0,604,8,64,11
22455,0,0,259.95,4,16,2
22456,0,0,108.95,2,4,2
22457,1,0,310.5,8,64,25
22458,0,0,44,1,1,647
22459,0,134.5,24.95,1,1,1
22460,1,0,433.2,19,361,5
22461,0,0,5,1,1,4
22462,0,0,123.8,4,16,614
22463,0,0,88.5,3,9,5
22464,0,0,416,15,225,24
22465,1,0,81,2,4,38
22466,1,314.45,2122.7,62,3844,15
22467,0,0,91,3,9,46
22468,0,0,305.9,7,49,53
22469,1,57.45,341.85,9,81,300
22470,0,0,39,1,1,30
22471,0,0,73,2,4,367
22472,0,0,49,1,1,525
22473,0,0,178,2,4,27
22474,0,24,201,6,36,414
22475,0,93,132.9,6,36,362
22476,0,0,49.5,1,1,34
22477,0,89,90.5,4,16,300
22478,1,81,458,15,225,20
22479,0,0,44.5,3,9,14
22480,1,0,1318.45,47,2209,10
22481,0,103,246.5,7,49,28
22482,0,189.95,127.18,6,36,13
22483,0,0,48.5,2,4,29
22484,0,147,379,10,100,19
22485,0,0,39.95,1,1,15
22486,0,0,671.7,25,625,180
22487,0,0,29.5,1,1,377
22488,0,115,76,2,4,377
22489,0,0,218,5,25,21
22490,1,59.95,271,4,16,394
22491,0,202.95,168,3,9,28
22492,1,223.15,1901.45,73,5329,3
22493,1,63.5,201,5,25,51
22494,0,101.35,58,2,4,102
22495,1,155.5,1097.5,29,841,46
22496,0,35,373.5,5,25,13
22497,0,39,756,18,324,415
22498,0,69,79.95,1,1,356
22499,0,94.45,339,8,64,248
22500,1,178,313,10,100,16
22501,0,0,119,1,1,375
22502,0,0,58,4,16,19
22503,1,194.95,296,9,81,22
22504,0,0,159,1,1,394
22505,0,36,104.4,6,36,13
22506,0,52.5,55.95,2,4,9
22507,1,29.95,80.5,2,4,105
22508,0,162,198,3,9,3
22509,0,16.95,115.95,3,9,30
22510,1,0,336.5,4,16,44
22511,0,0,103,2,4,391
22512,1,183.95,118,3,9,20
22513,0,109,29.5,1,1,349
22514,0,0,228.9,4,16,551
22515,0,0,74,2,4,134
22516,0,0,83.95,3,9,449
22517,0,19,19,1,1,21
22518,0,61.5,266.5,4,16,150
22519,0,0,29.95,1,1,708
22520,1,29.5,162.85,7,49,340
22521,0,615.3,1092.5,38,1444,8
22522,0,29.5,154,3,9,102
22523,0,0,869,11,121,19
22524,0,116.73,1384.5,22,484,16
22525,0,187.95,28,2,4,279
22526,0,0,89,1,1,23
22527,0,197,51,4,16,532
22528,0,0,151,5,25,13
22529,0,0,99,1,1,22
22530,1,132,94.5,2,4,198
22531,0,0,357,9,81,44
22532,1,0,613,12,144,182
22533,0,0,163,5,25,152
22534,0,0,211,5,25,149
22535,0,0,218,2,4,26
22536,0,0,275,11,121,32
22537,0,539.3,1269.56,54,2916,289
22538,0,44.85,412.35,16,256,12
22539,1,0,19.5,1,1,66
22540,1,67.45,44.9,2,4,2
22541,0,0,34.45,2,4,7
22542,1,0,98,2,4,143
22543,0,0,172,3,9,14
22544,1,0,57.5,2,4,50
22545,0,0,73.5,3,9,103
22546,1,0,93.5,3,9,17
22547,0,0,59,2,4,193
22548,1,0,175,5,25,110
22549,0,0,104.5,2,4,52
22550,1,0,220.95,5,25,187
22551,0,0,350.5,11,121,32
22552,0,0,39.5,1,1,354
22553,0,36,293.8,12,144,9
22554,1,0,99,1,1,712
22555,0,0,236,10,100,204
22556,1,0,162,4,16,97
22557,0,0,632.5,15,225,91
22558,0,0,417,13,169,21
22559,0,0,168,2,4,22
22560,0,0,69,1,1,2
22561,1,0,89,1,1,316
22562,1,0,239.5,9,81,168
22563,0,0,49,1,1,386
22564,1,0,75,1,1,99
22565,0,0,104,3,9,387
22566,0,0,48,2,4,390
22567,1,0,69,1,1,391
22568,0,0,24,2,4,35
22569,0,49.5,44,1,1,16
22570,0,0,93,2,4,1
22571,0,0,32,1,1,149
22572,0,22,163,2,4,14
22573,0,0,249.5,6,36,382
22574,0,263,566.9,20,400,2
22575,0,0,0,1,1,377
22576,0,72,99,2,4,22
22577,1,69,493.95,14,196,5
22578,1,53.95,225.5,7,49,1
22579,0,0,125.5,6,36,21
22580,0,0,59,1,1,31
22581,0,0,175,4,16,24
22582,0,0,60,4,16,172
22583,1,59,445.4,13,169,22
22584,0,0,11.95,1,1,390
22585,0,0,72,3,9,15
22586,0,0,69,2,4,23
22587,0,0,74.5,2,4,23
22588,0,0,75.5,2,4,16
22589,1,0,44,1,1,386
22590,0,0,44.99,4,16,120
22591,1,0,58,1,1,350
22592,0,0,93,2,4,386
22593,0,397.95,162.5,6,36,26
22594,0,0,188.95,3,9,322
22595,0,0,24,1,1,228
22596,0,0,47,2,4,713
22597,0,0,366.95,9,81,76
22598,0,0,70.9,5,25,365
22599,0,0,79.9,2,4,59
22600,0,0,138,3,9,86
22601,0,0,460.5,5,25,30
22602,0,0,0,2,4,11
22603,1,84.95,212.25,10,100,101
22604,0,0,199,1,1,387
22605,0,0,136,4,16,20
22606,0,0,69,1,1,713
22607,0,0,148.5,5,25,22
22608,1,100.5,259.45,7,49,82
22609,1,0,59.9,5,25,62
22610,1,0,166.5,4,16,9
22611,0,0,119,1,1,284
22612,0,209,129,4,16,679
22613,0,0,178.95,2,4,535
22614,1,0,29.5,1,1,415
22615,1,0,212,7,49,76
22616,0,0,118.5,2,4,14
22617,0,0,49,1,1,14
22618,0,0,155,4,16,23
22619,0,0,73,2,4,532
22620,1,0,99,2,4,390
22621,0,0,209,9,81,14
22622,0,0,279.9,7,49,316
22623,1,69,480.4,16,256,300
22624,0,0,1149,27,729,76
22625,1,29,1153.95,27,729,93
22626,0,0,44,1,1,277
22627,1,0,287,9,81,20
22628,1,0,156,4,16,298
22629,1,0,197.5,8,64,3
22630,0,0,117,3,9,15
22631,0,0,50,2,4,165
22632,1,0,107,4,16,387
22633,0,0,81,8,64,244
22634,1,93.5,423.45,12,144,23
22635,0,109,44.5,2,4,23
22636,1,819.1,3224.8,89,7921,1
22637,1,0,266,4,16,33
22638,0,28,38,2,4,11
22639,0,0,189,1,1,508
22640,1,69.9,254,14,196,43
22641,0,0,50,5,25,80
22642,0,0,490,13,169,3
22643,1,0,71.5,2,4,62
22644,0,0,78,2,4,389
22645,0,0,37.5,1,1,410
22646,0,0,59,1,1,519
22647,1,0,139,2,4,484
22648,0,0,98.95,2,4,320
22649,0,0,49,1,1,22
22650,1,0,872,28,784,164
22651,0,0,84.95,4,16,14
22652,1,0,79,1,1,672
22653,0,0,10,2,4,22
22654,0,0,346.9,7,49,364
22655,0,0,147,1,1,582
22656,0,29,179,3,9,366
22657,0,0,99,3,9,704
22658,0,0,182.5,3,9,21
22659,1,65.85,621.4,20,400,123
22660,0,0,269.95,7,49,207
22661,0,69,29,1,1,408
22662,0,0,160,4,16,7
22663,0,0,0,4,16,28
22664,1,0,68.5,2,4,25
22665,0,0,365,9,81,392
22666,0,0,1231.5,34,1156,53
22667,0,0,59,1,1,32
22668,0,37.5,68,2,4,14
22669,0,28,104.5,3,9,49
22670,0,0,19.5,1,1,23
22671,0,179,285.25,11,121,11
22672,0,0,424.3,11,121,33
22673,0,0,39.5,1,1,25
22674,0,0,49,1,1,58
22675,1,67.5,782.95,30,900,13
22676,0,0,208,2,4,401
22677,0,0,117,3,9,97
22678,0,157,22.95,1,1,481
22679,0,0,93.5,2,4,30
22680,1,0,552.4,20,400,15
22681,1,0,143,2,4,10
22682,1,0,75,2,4,62
22683,0,0,49,1,1,130
22684,0,0,391,8,64,13
22685,1,179,259,6,36,270
22686,0,0,304,11,121,25
22687,0,351.5,242,4,16,453
22688,1,0,223.35,7,49,88
22689,1,0,88,2,4,385
22690,0,34.9,56.45,2,4,27
22691,0,0,110.95,2,4,539
22692,0,0,167.5,3,9,32
22693,1,0,1595.4,44,1936,5
22694,0,0,32.5,1,1,25
22695,0,0,24.5,1,1,12
22696,0,0,303.75,9,81,48
22697,1,0,212,3,9,615
22698,0,0,110.25,5,25,333
22699,0,0,83.95,2,4,545
22700,0,0,189,1,1,121
22701,0,0,368.5,7,49,416
22702,1,0,0,2,4,375
22703,0,0,49.5,1,1,376
22704,1,0,375,10,100,20
22705,0,0,68,2,4,22
22706,0,0,177,3,9,6
22707,1,0,129,1,1,60
22708,0,0,89,1,1,26
22709,0,0,283.95,5,25,158
22710,1,88,130,2,4,390
22711,1,0,271,5,25,27
22712,1,0,79,2,4,17
22713,0,0,77,5,25,129
22714,0,151.85,332.29,14,196,13
22715,0,0,316.75,10,100,219
22716,0,135,39,1,1,528
22717,0,0,120.5,4,16,389
22718,1,0,49,1,1,389
22719,0,0,143,2,4,382
22720,1,0,321,8,64,24
22721,0,0,206.95,5,25,406
22722,0,0,360.5,7,49,28
22723,0,0,257.95,9,81,137
22724,0,0,0,1,1,14
22725,0,0,79,1,1,378
22726,0,0,29,1,1,2
22727,1,99,167.5,4,16,23
22728,0,0,56,1,1,325
22729,0,15,67,2,4,692
22730,0,38,281.8,8,64,1
22731,0,0,112,3,9,316
22732,1,0,227,3,9,403
22733,1,0,198,4,16,41
22734,0,0,74,2,4,531
22735,0,0,271,7,49,245
22736,0,0,137,3,9,40
22737,0,0,259.25,7,49,92
22738,0,0,19.5,1,1,24
22739,0,0,113,3,9,242
22740,1,46.5,835.5,18,324,176
22741,0,29.5,186,4,16,31
22742,0,0,0,1,1,62
22743,0,0,679.6,18,324,413
22744,0,0,236.5,8,64,122
22745,0,0,169,1,1,426
22746,0,0,413,3,9,502
22747,0,0,139,1,1,426
22748,1,0,470.15,13,169,4
22749,0,0,1058,31,961,51
22750,1,0,662.9,15,225,58
22751,0,0,39.5,2,4,531
22752,0,0,60.5,2,4,40
22753,0,58,315,3,9,18
22754,0,306,68,2,4,381
22755,0,0,78,1,1,379
22756,0,0,129,3,9,24
22757,0,0,72.95,2,4,624
22758,0,49,100,4,16,406
22759,0,63.5,511,10,100,26
22760,0,0,228,8,64,38
22761,1,0,17,1,1,451
22762,0,0,17,1,1,397
22763,0,242.5,629.35,15,225,13
22764,1,753.8,463.45,14,196,8
22765,0,0,10,1,1,414
22766,0,0,237.9,5,25,361
22767,1,145,928.65,23,529,18
22768,1,368.5,622,11,121,9
22769,0,0,134,7,49,16
22770,0,0,45,2,4,378
22771,0,0,391,11,121,29
22772,1,0,263.5,4,16,63
22773,0,0,359.4,14,196,17
22774,0,0,218,5,25,88
22775,0,0,49,1,1,353
22776,1,255.5,2163.15,64,4096,18
22777,0,0,29,1,1,396
22778,1,0,65.85,2,4,470
22779,1,0,492.5,12,144,14
22780,0,0,15,1,1,642
22781,1,0,69,2,4,26
22782,0,0,87,3,9,22
22783,0,50,159,1,1,404
22784,0,56,65,2,4,369
22785,1,86.98,55,1,1,40
22786,0,237.45,152,5,25,17
22787,0,36.5,29,1,1,397
22788,1,39,113,2,4,91
22789,0,89,142.95,4,16,237
22790,0,352,924,14,196,9
22791,0,355.45,121,2,4,140
22792,1,129,39.5,1,1,352
22793,1,51,1448.95,35,1225,23
22794,1,79,88,3,9,23
22795,0,84.5,65,1,1,53
22796,0,0,39.5,1,1,23
22797,1,0,498,12,144,28
22798,0,51,580,10,100,20
22799,1,0,257.8,7,49,697
22800,1,0,729,25,625,11
22801,1,93.5,314.75,10,100,31
22802,1,159.9,1367.15,49,2401,4
22803,0,52,201.5,7,49,15
22804,0,0,129,1,1,12
22805,0,0,139,1,1,18
22806,0,296,637.65,14,196,31
22807,0,64,425.5,13,169,9
22808,1,55.5,545,12,144,16
22809,1,84,595.2,14,196,19
22810,0,119,154,6,36,14
22811,0,16,401.95,11,121,12
22812,0,73,308.95,9,81,5
22813,1,29.95,249.95,13,169,4
22814,0,0,88,2,4,387
22815,0,90,885.45,25,625,18
22816,0,49.5,99,3,9,21
22817,1,0,267.5,6,36,119
22818,0,0,49,1,1,597
22819,0,0,118,2,4,87
22820,0,29,114.95,4,16,86
22821,1,173,922.95,11,121,32
22822,0,0,59,2,4,15
22823,1,159,449,6,36,268
22824,0,0,452.45,11,121,15
22825,1,139.95,219.45,10,100,30
22826,0,0,91.98,6,36,13
22827,0,70,96,3,9,422
22828,1,19,171.5,6,36,12
22829,1,236,593.85,15,225,24
22830,0,154.95,34,2,4,92
22831,1,44,942,3,9,387
22832,0,69,187.95,3,9,706
22833,0,0,230.5,10,100,16
22834,0,0,298.1,10,100,21
22835,0,0,325,9,81,16
22836,0,0,22,1,1,27
22837,0,0,29.5,1,1,21
22838,1,0,49.5,1,1,330
22839,0,99,185,1,1,29
22840,0,0,53,2,4,26
22841,0,24.95,78,2,4,386
22842,0,89,37,1,1,380
22843,0,73.45,48,2,4,166
22844,0,249.95,80,2,4,21
22845,1,59.95,266,6,36,74
22846,0,29.5,132.5,2,4,24
22847,0,0,39.5,2,4,492
22848,0,44,268.5,5,25,11
22849,0,88,257,5,25,12
22850,0,0,26,1,1,494
22851,0,141.85,169.5,5,25,253
22852,1,0,1122.18,28,784,5
22853,0,0,19.95,1,1,22
22854,1,187.9,395.7,11,121,214
22855,0,62,31,1,1,499
22856,1,123,40,2,4,383
22857,1,414,681.85,13,169,21
22858,1,18.95,401,8,64,14
22859,0,22,119.5,3,9,14
22860,0,39.95,54.9,2,4,31
22861,0,49,79,1,1,725
22862,0,145,113,4,16,1
22863,1,28,211,6,36,18
22864,0,359.5,459.35,10,100,54
22865,0,44,148,3,9,15
22866,0,65.5,95,4,16,323
22867,1,0,449.5,14,196,21
22868,0,89,89,1,1,234
22869,0,59,168,2,4,317
22870,1,213,297.45,10,100,64
22871,0,118.95,141,2,4,493
22872,0,94,102,3,9,19
22873,1,0,295.5,5,25,40
22874,1,72,168,5,25,387
22875,0,0,70.95,2,4,534
22876,0,44.5,47.75,2,4,94
22877,0,0,86,4,16,266
22878,1,145.95,1109.1,38,1444,15
22879,0,59.95,128.9,3,9,720
22880,0,109.45,440,7,49,11
22881,1,0,99,1,1,148
22882,1,19,157.85,5,25,308
22883,0,24.95,101,5,25,416
22884,0,39,109,2,4,391
22885,1,63,196,3,9,616
22886,0,0,30.5,2,4,79
22887,0,0,16.95,1,1,173
22888,1,468,558,2,4,268
22889,1,106.5,24,1,1,698
22890,1,0,140.35,8,64,27
22891,1,24.5,29,1,1,226
22892,0,45.5,191.9,6,36,17
22893,0,29,22,1,1,397
22894,1,112,314,6,36,334
22895,0,0,26,1,1,328
22896,0,9.5,59,2,4,19
22897,0,184.45,163,3,9,39
22898,0,358,100.5,2,4,1
22899,1,0,1465.9,38,1444,26
22900,0,8.95,29.5,1,1,13
22901,1,152,98,2,4,87
22902,1,0,282.95,5,25,170
22903,0,0,192.75,7,49,10
22904,0,0,158.3,6,36,370
22905,0,0,81,3,9,23
22906,0,54.5,106.5,2,4,23
22907,0,0,32,1,1,19
22908,0,178.95,22.5,1,1,567
22909,0,128.95,708.35,13,169,90
22910,0,0,139.9,6,36,501
22911,0,0,54.5,4,16,19
22912,0,0,354,8,64,4
22913,0,79,249.95,10,100,179
22914,0,0,24,1,1,20
22915,0,29,744,10,100,3
22916,1,85,333,3,9,101
22917,1,0,311,7,49,49
22918,1,21,40,1,1,708
22919,0,161,26,1,1,668
22920,1,4.95,750.3,30,900,85
22921,0,39.95,469.1,15,225,5
22922,1,59.85,1101.45,27,729,113
22923,0,69,69,1,1,22
22924,0,39.5,29.95,1,1,716
22925,1,29.5,42,2,4,159
22926,1,216,1078.45,34,1156,1
22927,1,0,325.4,9,81,23
22928,0,88.5,395.5,6,36,29
22929,0,0,716.3,24,576,19
22930,0,0,258,4,16,221
22931,0,0,189,1,1,456
22932,0,0,24.5,1,1,26
22933,0,64.5,227,4,16,5
22934,1,0,48,2,4,256
22935,0,304.5,638.2,23,529,21
22936,0,159,113,2,4,370
22937,1,45.75,112,2,4,401
22938,0,0,1262.45,20,400,95
22939,0,0,205,6,36,11
22940,0,498.35,73,3,9,349
22941,1,0,784.75,29,841,28
22942,0,258.5,378.99,15,225,47
22943,1,0,44,1,1,383
22944,0,249.5,513.45,14,196,14
22945,0,0,79,4,16,512
22946,1,0,109,3,9,45
22947,0,0,153,4,16,19
22948,1,494,199,5,25,133
22949,0,0,52.45,3,9,5
22950,0,0,162.9,3,9,369
22951,1,238,173.5,2,4,53
22952,0,0,42,2,4,72
22953,0,387,128,3,9,228
22954,0,0,118,3,9,20
22955,0,0,79,1,1,25
22956,0,0,1708.45,62,3844,12
22957,0,0,88,2,4,400
22958,0,376,539.5,17,289,33
22959,0,0,54,2,4,316
22960,1,0,29.95,1,1,721
22961,0,0,152,4,16,487
22962,1,14,563.5,13,169,11
22963,0,0,76,2,4,16
22964,0,0,288.5,9,81,32
22965,0,29,59,1,1,481
22966,1,0,68,2,4,363
22967,1,0,79,4,16,134
22968,0,0,166,6,36,501
22969,0,0,39.5,2,4,529
22970,1,0,61,3,9,19
22971,0,0,20,1,1,148
22972,1,59,778.65,13,169,365
22973,0,0,44,1,1,20
22974,0,0,41.5,2,4,25
22975,1,0,108.5,2,4,164
22976,1,0,49,1,1,45
22977,0,0,99,3,9,355
22978,0,0,146,5,25,604
22979,0,0,210,3,9,46
22980,0,0,226,5,25,402
22981,0,0,59.9,2,4,728
22982,0,65.95,19.95,1,1,626
22983,0,0,331.4,10,100,144
22984,0,69,48,2,4,237
22985,0,0,130,2,4,67
22986,1,0,428,5,25,404
22987,1,295.25,918,33,1089,17
22988,0,48,44,4,16,14
22989,0,0,316.55,11,121,190
22990,1,0,225,5,25,388
22991,0,0,59,1,1,402
22992,0,0,257.65,13,169,118
22993,1,160.5,494,5,25,3
22994,0,0,204.5,6,36,88
22995,1,0,172.95,3,9,60
22996,1,0,89,1,1,101
22997,0,175.5,484,8,64,15
22998,1,68,661.94,10,100,5
22999,0,98,254,8,64,37
23000,0,133.9,53.7,4,16,406
23001,0,0,153.75,4,16,359
23002,1,44.45,39.5,1,1,380
23003,0,0,65,2,4,421
23004,1,0,29,1,1,384
23005,0,0,29,1,1,92
23006,0,0,214,2,4,8
23007,1,136.5,316.85,9,81,43
23008,0,0,110,2,4,15
23009,0,0,48,2,4,91
23010,0,52,381,5,25,642
23011,1,0,42,1,1,72
23012,0,0,113,2,4,84
23013,0,0,82,2,4,64
23014,0,0,368.5,5,25,400
23015,1,0,729.8,12,144,191
23016,0,318.5,37,1,1,415
23017,0,0,55,3,9,151
23018,0,143.5,616.95,21,441,19
23019,0,0,30,2,4,25
23020,1,79,89,3,9,213
23021,0,107.5,112,4,16,441
23022,0,0,148,2,4,379
23023,0,0,169,1,1,17
23024,0,118,22,1,1,392
23025,0,43.95,88,4,16,31
23026,0,0,352.5,10,100,17
23027,1,0,54,1,1,492
23028,1,0,36,1,1,54
23029,0,0,407.35,14,196,29
23030,0,0,27.5,1,1,2
23031,0,0,129,1,1,14
23032,1,0,89,1,1,56
23033,1,508.4,4340.5,115,13225,5
23034,0,0,32,1,1,691
23035,1,75,89,3,9,12
23036,1,0,1066.85,24,576,21
23037,0,0,59,1,1,12
23038,0,0,80,2,4,424
23039,0,0,244.5,7,49,220
23040,1,0,512,9,81,204
23041,0,0,124.9,3,9,728
23042,1,0,137.5,3,9,317
23043,0,0,95.9,4,16,7
23044,0,149.95,0,1,1,466
23045,0,0,0,1,1,14
23046,0,107,504.4,11,121,79
23047,1,81,234.5,9,81,21
23048,0,95,114,4,16,395
23049,1,241.9,207,9,81,340
23050,1,0,169.45,7,49,117
23051,1,175.5,242,6,36,204
23052,1,0,507,11,121,2
23053,0,128.45,433,11,121,8
23054,0,39,170.9,6,36,20
23055,0,49,288,7,49,407
23056,1,69.45,510.8,18,324,8
23057,0,0,233,5,25,615
23058,0,69,421,9,81,22
23059,1,32,1063.5,20,400,48
23060,0,178,264.4,9,81,16
23061,0,245,387.5,8,64,98
23062,0,0,39.5,2,4,526
23063,0,81.95,424.9,12,144,5
23064,0,44,94,2,4,16
23065,1,299,72,5,25,132
23066,0,0,149,3,9,140
23067,0,16.95,422.5,12,144,18
23068,0,65,323.95,8,64,115
23069,0,65.5,127,2,4,328
23070,1,281,203.95,2,4,301
23071,1,166,107.5,3,9,57
23072,0,60.5,220,4,16,87
23073,0,19,117,3,9,22
23074,0,0,92,7,49,157
23075,0,59,75.95,1,1,551
23076,1,0,188.45,8,64,14
23077,0,354.45,1081.3,32,1024,90
23078,0,44,30,1,1,441
23079,1,0,50,3,9,60
23080,0,140,58,2,4,431
23081,1,0,39,1,1,143
23082,1,0,378.95,13,169,95
23083,0,0,184,2,4,26
23084,0,29,73,2,4,439
23085,0,75,228.5,4,16,23
23086,0,234,102,3,9,312
23087,1,0,272,4,16,130
23088,0,29.95,49,1,1,515
23089,0,57.5,414.5,12,144,83
23090,0,305,98.5,3,9,515
23091,0,25.75,101.45,7,49,214
23092,1,0,446,11,121,87
23093,1,164,139,1,1,429
23094,0,171.45,49.5,1,1,406
23095,1,0,380,10,100,284
23096,1,0,49,1,1,51
23097,0,177,153.85,4,16,544
23098,0,0,29,1,1,170
23099,1,64,0,1,1,211
23100,0,0,65,1,1,420
23101,0,0,0,1,1,372
23102,0,0,123,3,9,336
23103,0,214,69,1,1,425
23104,0,183.85,113.35,5,25,595
23105,0,0,179,3,9,32
23106,0,0,137,3,9,21
23107,1,49.5,292.45,6,36,19
23108,0,0,76.5,3,9,266
23109,0,29,0,1,1,33
23110,1,0,108,2,4,347
23111,1,88,67.5,2,4,53
23112,1,88,178,7,49,120
23113,0,0,35,1,1,542
23114,1,0,169,1,1,728
23115,1,0,84,2,4,242
23116,1,104.95,484.5,11,121,29
23117,0,0,99.95,1,1,369
23118,1,0,128,3,9,719
23119,1,37,15,1,1,15
23120,0,0,178,2,4,4
23121,0,0,58,2,4,167
23122,1,148,452,13,169,23
23123,1,0,327,4,16,26
23124,1,0,636.45,17,289,29
23125,1,0,131.4,6,36,123
23126,0,0,89,1,1,35
23127,1,0,4406.5,47,2209,150
23128,0,179.95,1049.4,39,1521,5
23129,1,0,276.5,7,49,38
23130,1,0,232,4,16,392
23131,1,166,464,11,121,43
23132,0,0,119,1,1,433
23133,0,0,358.6,12,144,53
23134,0,24,201,4,16,29
23135,0,19.5,69,1,1,14
23136,1,331.95,354.5,7,49,246
23137,1,0,295.5,8,64,18
23138,0,119,176,4,16,58
23139,0,208,69,2,4,100
23140,0,9.95,99,2,4,16
23141,0,0,169,4,16,19
23142,1,0,268,2,4,261
23143,0,48,59,2,4,28
23144,0,0,545.55,15,225,10
23145,1,0,29.5,1,1,376
23146,0,89,89,1,1,718
23147,0,0,59,1,1,29
23148,0,0,52.95,1,1,67
23149,1,352.5,22,1,1,45
23150,1,0,19,1,1,369
23151,0,68,294.95,10,100,28
23152,0,0,112,2,4,693
23153,0,0,78,4,16,627
23154,0,0,59,2,4,32
23155,0,0,159,5,25,417
23156,0,55.5,342.45,12,144,26
23157,0,0,65.1,4,16,181
23158,1,0,147,3,9,35
23159,0,0,137,4,16,204
23160,0,29,58.4,3,9,104
23161,0,0,190,5,25,147
23162,0,0,351,11,121,19
23163,0,79,73.5,2,4,50
23164,0,0,109,1,1,11
23165,1,0,116,5,25,37
23166,0,138.35,1486,51,2601,31
23167,1,55,89,1,1,68
23168,0,34,15,1,1,12
23169,1,0,111,2,4,385
23170,1,177.5,89,1,1,712
23171,0,49,49,1,1,217
23172,0,56.5,179,4,16,446
23173,0,0,207.55,11,121,171
23174,0,60,44,1,1,378
23175,1,0,164.5,5,25,50
23176,0,0,118,2,4,335
23177,1,128.95,366.45,5,25,25
23178,1,51.75,906.9,23,529,1
23179,0,173,851.95,25,625,66
23180,0,0,24,1,1,612
23181,0,108,63.5,3,9,120
23182,1,0,321.65,10,100,370
23183,0,0,69,1,1,1
23184,1,92,99,1,1,44
23185,0,30,112,3,9,703
23186,0,288,655.5,23,529,17
23187,1,66,121.4,7,49,67
23188,0,0,92,3,9,379
23189,0,0,156,6,36,176
23190,0,29,99,1,1,54
23191,0,39,78,2,4,23
23192,0,0,19,1,1,31
23193,0,91.5,351,9,81,500
23194,0,180,134.5,4,16,5
23195,1,0,18.95,1,1,592
23196,0,44,84,3,9,385
23197,1,0,362.8,6,36,2
23198,0,0,88.5,2,4,309
23199,0,262.5,280.5,5,25,14
23200,0,335,599.45,14,196,60
23201,0,20,36,2,4,23
23202,0,0,0,1,1,384
23203,0,0,184.45,8,64,368
23204,0,29,341.55,14,196,319
23205,0,0,39.5,2,4,470
23206,0,89,1295.6,34,1156,9
23207,1,0,140.5,5,25,47
23208,0,0,99,2,4,43
23209,1,0,109,4,16,380
23210,0,0,174,2,4,326
23211,0,49,224.5,4,16,333
23212,1,0,212.5,6,36,50
23213,1,0,134,2,4,50
23214,1,0,29,1,1,77
23215,0,0,247.75,7,49,109
23216,0,0,0,5,25,12
23217,1,0,119,3,9,383
23218,1,0,19.5,1,1,48
23219,0,49,22.95,1,1,203
23220,0,0,83,2,4,477
23221,0,84,135,3,9,16
23222,0,0,119,2,4,31
23223,1,0,90,5,25,386
23224,0,0,29,1,1,122
23225,1,66,157.5,8,64,27
23226,0,40,39,1,1,27
23227,0,0,397.6,13,169,52
23228,1,0,1482.9,31,961,19
23229,0,0,299,4,16,15
23230,0,0,288,11,121,21
23231,1,0,181,3,9,44
23232,0,68,69,2,4,91
23233,1,0,352.95,12,144,516
23234,0,0,377.5,13,169,65
23235,0,0,84.95,1,1,679
23236,0,0,68,2,4,662
23237,0,0,212,7,49,230
23238,0,0,89,2,4,30
23239,0,0,30.5,1,1,348
23240,0,0,123,3,9,384
23241,0,0,90.45,4,16,384
23242,0,79.45,657,27,729,16
23243,0,0,39,1,1,15
23244,0,51,284,7,49,23
23245,0,0,74,3,9,12
23246,1,0,78,2,4,395
23247,0,0,279.95,6,36,566
23248,0,0,39,1,1,417
23249,1,0,424,16,256,83
23250,0,84,25,2,4,18
23251,0,0,111,3,9,380
23252,0,0,65,1,1,26
23253,0,73.9,69.95,2,4,388
23254,0,0,342,11,121,88
23255,1,0,236.9,8,64,38
23256,1,0,668.9,16,256,51
23257,0,0,39,1,1,330
23258,1,0,18,1,1,132
23259,0,0,258.45,6,36,90
23260,0,0,89,1,1,22
23261,0,0,86,3,9,149
23262,1,99.95,382.6,9,81,21
23263,0,0,24,1,1,332
23264,0,0,29,1,1,17
23265,1,0,24,1,1,143
23266,0,0,29.5,1,1,27
23267,1,0,416.95,7,49,21
23268,0,0,41.65,1,1,51
23269,1,0,51,2,4,414
23270,1,286.8,1051.35,13,169,30
23271,1,0,191.5,10,100,223
23272,0,0,117.95,3,9,527
23273,0,0,232,9,81,255
23274,0,0,184,6,36,608
23275,0,120,83,4,16,9
23276,1,0,119,1,1,392
23277,0,0,29.5,1,1,34
23278,0,74.9,154.75,6,36,121
23279,0,143.95,294,3,9,5
23280,0,0,44,1,1,467
23281,1,0,158,2,4,387
23282,0,44,39.5,1,1,723
23283,1,78,632.25,22,484,17
23284,1,0,196,7,49,35
23285,0,183.85,39.95,1,1,325
23286,0,0,176.5,4,16,99
23287,0,0,22,1,1,12
23288,0,52.45,188.5,4,16,641
23289,0,0,73.5,3,9,99
23290,0,0,1431.05,52,2704,199
23291,1,0,194,3,9,64
23292,1,277,2306.55,59,3481,4
23293,0,0,65.5,2,4,349
23294,0,0,376.5,6,36,5
23295,0,0,99,2,4,394
23296,1,0,344.5,7,49,161
23297,0,0,38,1,1,27
23298,1,55,651,14,196,21
23299,0,0,220,4,16,376
23300,1,65.5,2822.7,52,2704,53
23301,0,0,50,1,1,366
23302,0,0,39.5,2,4,130
23303,0,0,415,14,196,41
23304,1,0,146.95,5,25,345
23305,0,109,353.95,8,64,1
23306,0,0,29,1,1,442
23307,1,137,237.5,7,49,30
23308,1,0,16.95,1,1,551
23309,1,0,98,3,9,30
23310,0,49.5,49.5,1,1,21
23311,0,0,76,2,4,488
23312,0,0,129,1,1,387
23313,0,0,171.65,8,64,179
23314,0,0,668.75,12,144,20
23315,0,0,39,1,1,2
23316,1,22,394.8,12,144,333
23317,1,0,196,4,16,76
23318,0,112,173.6,8,64,379
23319,1,0,222.95,6,36,24
23320,0,0,56,1,1,265
23321,0,82.5,39,1,1,23
23322,0,0,0,6,36,21
23323,0,84.9,208.25,7,49,129
23324,0,0,393.95,12,144,27
23325,1,0,793.2,18,324,24
23326,1,0,273.5,7,49,88
23327,0,0,417,12,144,20
23328,1,0,1110.65,9,81,336
23329,0,0,98.9,3,9,584
23330,1,22,49,2,4,346
23331,0,0,267.5,3,9,141
23332,0,0,262.95,6,36,11
23333,0,0,49,1,1,113
23334,1,0,54,1,1,605
23335,0,0,72,2,4,273
23336,1,0,193.85,6,36,404
23337,0,0,218,4,16,337
23338,0,0,29,1,1,324
23339,1,108,231,6,36,14
23340,0,0,506.4,15,225,205
23341,0,0,44,1,1,383
23342,0,0,142.95,3,9,155
23343,1,127,459.5,14,196,24
23344,0,0,234,2,4,467
23345,0,0,340.7,7,49,85
23346,1,0,173,8,64,80
23347,0,0,113.95,5,25,40
23348,1,0,217,4,16,25
23349,0,0,100.95,3,9,378
23350,1,0,190,1,1,290
23351,0,84,208.5,2,4,390
23352,0,0,491.25,12,144,199
23353,0,24,55,1,1,726
23354,1,30,437,13,169,377
23355,1,0,292,6,36,22
23356,0,0,106.85,3,9,369
23357,0,35,139,3,9,145
23358,1,0,233,4,16,32
23359,0,0,69,1,1,385
23360,1,0,403.95,7,49,66
23361,0,145,647.5,17,289,23
23362,0,0,157,3,9,15
23363,0,49.5,49.5,1,1,47
23364,0,0,110.5,3,9,29
23365,0,0,61.95,2,4,194
23366,0,0,449.8,6,36,346
23367,0,49,38,1,1,554
23368,0,0,128,1,1,19
23369,1,0,261.75,10,100,239
23370,1,0,129,1,1,530
23371,0,221.45,561.3,19,361,2
23372,0,227.45,119.7,7,49,160
23373,0,0,374,10,100,394
23374,0,0,99.8,5,25,295
23375,1,0,265.15,9,81,35
23376,1,0,450.85,12,144,164
23377,1,0,313,4,16,198
23378,0,0,53.5,3,9,38
23379,0,0,381.45,13,169,179
23380,1,0,126,5,25,58
23381,1,0,353,5,25,51
23382,1,0,102,3,9,393
23383,0,39.5,69,1,1,28
23384,0,0,67.5,2,4,596
23385,1,39,781.8,22,484,12
23386,0,0,135,3,9,316
23387,1,0,69,1,1,138
23388,0,0,125.95,4,16,528
23389,1,0,89,1,1,98
23390,1,0,695.45,21,441,86
23391,0,0,405.96,13,169,14
23392,1,34,311,4,16,20
23393,0,34,920.75,23,529,34
23394,1,0,428,12,144,384
23395,0,0,57.85,6,36,457
23396,0,0,49.95,2,4,723
23397,1,327,1390,38,1444,23
23398,1,0,229.94,5,25,39
23399,0,0,29.95,1,1,722
23400,0,0,162.6,7,49,171
23401,0,0,231.75,7,49,22
23402,0,0,89,1,1,72
23403,0,224.85,236,6,36,33
23404,1,0,84.85,6,36,253
23405,1,90.95,69,1,1,56
23406,0,0,38,1,1,16
23407,0,0,202,4,16,28
23408,1,0,214,5,25,390
23409,0,41.35,172.62,11,121,164
23410,1,0,89,2,4,16
23411,0,0,117,5,25,374
23412,1,119,2816.9,75,5625,30
23413,0,0,19,1,1,24
23414,1,0,95,2,4,336
23415,1,0,259.5,3,9,16
23416,0,78.5,125,1,1,374
23417,0,0,224.95,6,36,36
23418,0,0,239.5,4,16,13
23419,1,0,178.9,7,49,33
23420,0,55.5,134,3,9,31
23421,0,0,332.5,13,169,22
23422,0,0,42.5,3,9,144
23423,0,0,34,1,1,378
23424,0,0,138,3,9,13
23425,0,0,32,1,1,21
23426,0,0,88,2,4,290
23427,0,0,71,2,4,93
23428,0,0,127.5,3,9,17
23429,0,73.5,38,1,1,113
23430,0,0,44,1,1,410
23431,0,0,293.9,8,64,9
23432,0,0,120.25,9,81,33
23433,0,0,474,2,4,19
23434,0,0,359.5,11,121,48
23435,0,0,0,1,1,63
23436,0,0,39,1,1,701
23437,1,0,39,1,1,383
23438,0,29.95,73,2,4,23
23439,0,0,665,15,225,389
23440,0,36,29,1,1,1
23441,0,0,0,2,4,2
23442,0,0,56,1,1,534
23443,0,0,99,1,1,361
23444,0,0,39,1,1,388
23445,1,0,13,1,1,345
23446,1,0,149,1,1,415
23447,1,0,93.95,3,9,14
23448,0,0,188,5,25,375
23449,0,0,18,1,1,272
23450,0,0,262,6,36,445
23451,0,18,141.5,3,9,9
23452,0,0,148,4,16,102
23453,0,97.9,631.85,17,289,9
23454,0,0,119,1,1,401
23455,0,0,171.5,4,16,25
23456,0,0,38,1,1,565
23457,0,29,258.8,11,121,80
23458,1,0,239.85,9,81,139
23459,0,26,180,3,9,389
23460,1,0,335,8,64,5
23461,0,0,29,1,1,387
23462,0,0,103,2,4,18
23463,0,0,25,1,1,380
23464,0,0,454.5,12,144,60
23465,1,0,597.55,22,484,121
23466,0,0,121.95,3,9,268
23467,0,0,383,15,225,308
23468,0,0,84,2,4,622
23469,0,29.5,75,1,1,387
23470,0,0,29,1,1,442
23471,1,49.95,521.25,15,225,70
23472,0,0,25,1,1,120
23473,0,0,88.5,3,9,390
23474,0,0,29,1,1,391
23475,0,0,82,2,4,647
23476,0,0,39,1,1,118
23477,0,0,42,1,1,379
23478,1,0,285.45,8,64,202
23479,0,0,10,2,4,146
23480,0,0,509,6,36,19
23481,0,0,254.7,8,64,76
23482,0,32,197.8,7,49,184
23483,0,0,613.95,21,441,2
23484,0,44,501,11,121,161
23485,0,0,117,2,4,33
23486,1,0,483,14,196,113
23487,0,0,65,1,1,385
23488,0,0,78,1,1,21
23489,0,0,77,2,4,237
23490,1,0,293.5,10,100,239
23491,0,0,79,3,9,106
23492,1,0,159,1,1,578
23493,1,162.4,555.25,21,441,84
23494,0,0,343,4,16,388
23495,0,37.75,311,6,36,421
23496,0,0,53,2,4,420
23497,0,0,29,1,1,512
23498,0,0,27,1,1,693
23499,0,0,228,5,25,69
23500,0,0,71,7,49,166
23501,0,0,153.5,2,4,83
23502,1,0,786.95,18,324,42
23503,1,0,129,4,16,388
23504,0,0,26,1,1,598
23505,0,0,71,4,16,302
23506,0,0,129,1,1,28
23507,1,0,257,3,9,45
23508,0,0,139.45,3,9,520
23509,0,0,104,5,25,529
23510,0,0,29.5,1,1,32
23511,1,1705,153,7,49,621
23512,1,0,577,9,81,2
23513,1,58.85,114.5,2,4,378
23514,0,0,78,2,4,647
23515,1,95,263,5,25,30
23516,0,0,289.5,4,16,410
23517,0,0,59.9,1,1,680
23518,1,0,78.2,8,64,14
23519,1,14.95,200.45,7,49,17
23520,1,69,643.45,15,225,127
23521,0,0,46.4,4,16,225
23522,1,0,181,4,16,25
23523,1,0,239,9,81,86
23524,0,0,228.5,8,64,13
23525,0,0,212.75,7,49,103
23526,1,0,370,6,36,21
23527,1,0,209,6,36,650
23528,0,0,49,1,1,87
23529,1,0,39.5,1,1,377
23530,0,0,194,7,49,31
23531,1,0,239,1,1,377
23532,0,22,39,2,4,22
23533,0,0,199,1,1,22
23534,0,0,186.95,3,9,467
23535,0,24.5,128,3,9,9
23536,0,0,99,1,1,5
23537,0,0,138.95,2,4,554
23538,0,0,22.95,1,1,359
23539,1,62,129,2,4,389
23540,0,0,117,4,16,384
23541,0,0,39,1,1,385
23542,1,33,635.7,21,441,3
23543,1,0,299.7,10,100,60
23544,1,0,323.5,8,64,146
23545,0,0,39.5,2,4,460
23546,1,0,244.8,8,64,114
23547,1,0,285.5,9,81,43
23548,1,0,419.45,7,49,325
23549,0,0,228,6,36,21
23550,0,0,482,7,49,22
23551,1,0,294.95,6,36,79
23552,0,54.95,159.5,5,25,704
23553,1,0,148,3,9,450
23554,0,78,215.5,10,100,91
23555,1,64,254.7,10,100,110
23556,0,0,44,1,1,418
23557,0,0,65,2,4,494
23558,0,0,147.8,5,25,198
23559,0,0,88.4,4,16,4
23560,0,0,29,1,1,384
23561,0,0,181,6,36,15
23562,0,0,69,1,1,242
23563,0,0,59,1,1,559
23564,1,0,225.9,6,36,70
23565,1,0,206,9,81,49
23566,1,0,149,1,1,381
23567,0,0,102,3,9,223
23568,0,0,34,1,1,16
23569,1,0,174,5,25,19
23570,0,0,65,1,1,32
23571,0,0,512,13,169,446
23572,1,0,179.9,5,25,73
23573,0,0,104,2,4,52
23574,0,0,39,1,1,14
23575,0,0,34,1,1,115
23576,0,634.25,711.15,21,441,33
23577,0,0,151,6,36,21
23578,0,0,225,6,36,3
23579,0,0,92.5,2,4,26
23580,1,0,360.95,7,49,156
23581,1,65.95,195,8,64,343
23582,1,0,136,4,16,17
23583,0,0,101.5,4,16,258
23584,0,0,84,2,4,392
23585,0,0,29.5,1,1,19
23586,0,0,633,7,49,37
23587,0,0,91,5,25,408
23588,1,59,154,2,4,216
23589,1,0,204,10,100,195
23590,0,0,446,8,64,31
23591,0,0,167.85,6,36,61
23592,1,0,774.95,14,196,50
23593,0,93,128.85,5,25,98
23594,0,0,58,2,4,93
23595,0,0,135,3,9,472
23596,0,0,0,2,4,78
23597,1,0,34.5,1,1,89
23598,0,0,148,3,9,254
23599,1,0,203,3,9,648
23600,0,0,30,2,4,8
23601,0,0,29,1,1,432
23602,0,0,31,1,1,12
23603,0,0,177,4,16,85
23604,1,0,39,1,1,383
23605,1,0,240,12,144,203
23606,0,0,425,8,64,31
23607,0,34,33,3,9,141
23608,1,288,941,19,361,33
23609,0,0,69,1,1,469
23610,0,0,275,5,25,26
23611,1,0,157,6,36,533
23612,1,105.9,3823.65,91,8281,2
23613,1,34.75,335.96,9,81,16
23614,0,71,627.45,21,441,9
23615,0,0,45,1,1,39
23616,1,0,199,1,1,211
23617,0,109,139.95,3,9,80
23618,1,82,327,5,25,76
23619,1,0,783.75,19,361,29
23620,0,0,381.5,8,64,89
23621,0,0,268,7,49,8
23622,1,0,936.3,26,676,29
23623,1,34.5,456.45,16,256,11
23624,0,29,133,5,25,16
23625,0,231.95,755.25,22,484,161
23626,0,0,114.5,3,9,384
23627,1,18,289.9,9,81,156
23628,0,0,492,17,289,66
23629,0,0,38.9,2,4,4
23630,1,75,137,5,25,433
23631,0,0,20,1,1,14
23632,1,74.25,128,2,4,17
23633,1,0,74,5,25,61
23634,0,0,58.5,2,4,11
23635,0,0,44,1,1,711
23636,0,0,149.5,3,9,13
23637,1,0,19.5,1,1,186
23638,0,0,156,6,36,81
23639,1,0,25,1,1,135
23640,0,0,34,2,4,306
23641,0,29,379.5,10,100,49
23642,0,0,49,1,1,154
23643,0,0,88.5,2,4,18
23644,1,0,111,3,9,30
23645,0,0,36,1,1,441
23646,1,118.95,1176.9,43,1849,8
23647,0,0,114,5,25,26
23648,0,34,135,1,1,28
23649,1,0,124,2,4,50
23650,0,0,0,1,1,433
23651,0,0,576.95,3,9,150
23652,0,0,306,4,16,30
23653,0,0,133,2,4,411
23654,0,0,78.95,2,4,540
23655,0,0,72,2,4,221
23656,1,0,473.25,16,256,12
23657,1,0,103,3,9,288
23658,0,0,296,5,25,103
23659,1,62,667,14,196,60
23660,0,0,24,1,1,64
23661,0,0,64,1,1,444
23662,1,0,223.5,7,49,28
23663,1,0,174.95,6,36,14
23664,0,0,384.95,8,64,31
23665,0,377,90,1,1,613
23666,0,0,60,3,9,483
23667,1,0,525.2,12,144,19
23668,0,0,356,4,16,28
23669,0,0,407,12,144,19
23670,0,0,115,1,1,727
23671,0,0,56,2,4,278
23672,1,20,1282.4,42,1764,23
23673,0,0,291.9,9,81,181
23674,0,0,108.5,2,4,210
23675,0,0,52,2,4,451
23676,0,23,375.45,11,121,23
23677,1,29.95,478.85,16,256,57
23678,0,0,230,5,25,234
23679,1,0,99,1,1,101
23680,0,38,272,4,16,250
23681,0,0,24,1,1,26
23682,0,0,79.45,4,16,88
23683,0,0,5.95,1,1,377
23684,1,0,334.5,10,100,388
23685,0,0,119.75,6,36,355
23686,1,0,79,2,4,246
23687,0,0,49.5,1,1,424
23688,1,0,127,3,9,277
23689,0,0,181,6,36,85
23690,1,68.5,1131.45,33,1089,60
23691,0,0,34.95,2,4,612
23692,0,0,77,1,1,77
23693,0,0,65,4,16,93
23694,1,0,166,4,16,189
23695,0,14,311.5,7,49,4
23696,0,0,146,4,16,390
23697,0,0,35,1,1,85
23698,1,68,266,6,36,53
23699,1,0,270.9,6,36,45
23700,0,57,274.6,12,144,32
23701,0,72,10.99,1,1,235
23702,1,0,217,11,121,147
23703,0,0,91,2,4,399
23704,1,0,0,1,1,197
23705,1,32,426,13,169,14
23706,1,0,88,3,9,404
23707,0,0,99.95,4,16,469
23708,0,0,39.95,1,1,493
23709,1,16,877.35,20,400,74
23710,0,29,101,2,4,32
23711,1,0,433.45,10,100,33
23712,0,0,24,1,1,313
23713,0,63,166.95,5,25,20
23714,1,0,77.85,4,16,697
23715,1,0,143.95,5,25,39
23716,0,0,74,2,4,403
23717,1,165.95,469.65,16,256,77
23718,0,0,157,6,36,66
23719,1,0,261.4,12,144,160
23720,0,0,200.95,3,9,364
23721,0,0,563,7,49,321
23722,1,0,95,2,4,11
23723,0,158,301,8,64,26
23724,0,0,1275.5,50,2500,93
23725,1,49,635,21,441,11
23726,1,160,572,17,289,18
23727,0,28.25,50,5,25,62
23728,0,0,108,2,4,675
23729,0,0,170,5,25,18
23730,0,0,36,1,1,28
23731,0,0,138,2,4,9
23732,0,0,64,1,1,30
23733,1,212.5,376.5,5,25,498
23734,0,0,135,4,16,411
23735,0,0,208.5,3,9,326
23736,0,0,445.4,14,196,1
23737,0,0,29,1,1,386
23738,0,15,567.95,15,225,16
23739,1,0,75,4,16,450
23740,1,0,127,4,16,391
23741,0,0,480,10,100,19
23742,0,135,97,2,4,38
23743,0,0,14.95,1,1,467
23744,0,0,264,2,4,555
23745,0,0,38,2,4,467
23746,0,0,125,1,1,471
23747,0,0,106.75,3,9,399
23748,1,42,904,15,225,13
23749,0,0,69.5,1,1,65
23750,0,0,67.45,2,4,23
23751,1,0,74,1,1,387
23752,1,56,621.8,12,144,22
23753,0,0,74,1,1,506
23754,0,0,88,5,25,387
23755,1,0,2158,9,81,210
23756,0,0,34,2,4,26
23757,0,0,46.5,2,4,37
23758,0,79,250.8,7,49,37
23759,0,0,106,5,25,21
23760,0,76,30,1,1,13
23761,0,0,263.15,13,169,5
23762,0,0,30,1,1,114
23763,0,0,39.9,2,4,181
23764,0,0,25,1,1,694
23765,0,182.35,1404.25,24,576,14
23766,0,0,105.95,3,9,627
23767,0,0,174.5,4,16,16
23768,1,37,68.9,2,4,376
23769,0,0,49,1,1,95
23770,1,349.5,156,4,16,29
23771,1,0,768,12,144,91
23772,1,0,725.35,12,144,229
23773,0,0,39.5,1,1,167
23774,0,0,39.5,2,4,520
23775,0,0,79,2,4,29
23776,0,0,223.95,11,121,128
23777,1,0,197,5,25,140
23778,1,258.85,293.25,10,100,15
23779,0,0,135.95,4,16,17
23780,0,0,217.7,6,36,597
23781,0,0,331.65,13,169,101
23782,1,0,253,7,49,17
23783,1,176,334.85,8,64,463
23784,0,0,264,6,36,391
23785,1,0,1270.2,29,841,1
23786,1,62,480,12,144,12
23787,0,0,101.3,5,25,29
23788,0,0,248.5,10,100,51
23789,1,19.5,149,1,1,312
23790,1,0,175.5,7,49,137
23791,1,0,608,8,64,53
23792,1,0,1495.5,14,196,26
23793,0,0,673,14,196,437
23794,0,0,139,1,1,362
23795,0,0,383.35,8,64,415
23796,1,106,453.95,12,144,103
23797,0,0,275,1,1,11
23798,0,0,198,3,9,383
23799,0,0,29,1,1,208
23800,1,0,127,4,16,51
23801,0,0,136,4,16,235
23802,0,0,58,2,4,385
23803,0,0,116.5,4,16,405
23804,0,0,36.9,2,4,228
23805,0,0,234,6,36,14
23806,0,0,127.95,3,9,2
23807,0,0,126,5,25,9
23808,0,0,138.75,5,25,74
23809,0,0,50,4,16,210
23810,0,0,118.95,4,16,112
23811,0,19.95,94,2,4,109
23812,0,0,26,1,1,502
23813,0,0,59,1,1,429
23814,0,0,377.5,8,64,138
23815,0,0,85.8,5,25,337
23816,0,34,229.5,5,25,223
23817,0,0,29.5,1,1,26
23818,1,22.95,450.5,19,361,8
23819,0,0,59,1,1,11
23820,1,0,128,2,4,297
23821,0,0,60,4,16,10
23822,0,140,325.25,9,81,19
23823,0,29,126.5,4,16,83
23824,0,0,81,2,4,13
23825,1,26.5,158.25,7,49,173
23826,1,0,69,1,1,717
23827,0,26.95,1746.25,32,1024,7
23828,0,0,27,1,1,157
23829,0,0,233,5,25,244
23830,0,0,39,1,1,16
23831,0,0,29,1,1,404
23832,0,0,49.5,1,1,392
23833,1,0,451.5,16,256,60
23834,1,0,861,22,484,15
23835,0,0,315.95,9,81,620
23836,0,0,634,28,784,614
23837,0,24.95,69,1,1,172
23838,0,0,118,2,4,711
23839,0,129,89.95,4,16,141
23840,1,0,101,4,16,67
23841,1,0,85.5,4,16,104
23842,0,0,113.95,4,16,167
23843,0,0,61,2,4,102
23844,1,0,1286.65,41,1681,22
23845,0,0,156,4,16,21
23846,0,0,59,2,4,31
23847,0,0,179,1,1,15
23848,0,0,198.95,2,4,54
23849,1,0,232.5,6,36,29
23850,0,0,162.45,6,36,2
23851,1,0,580.45,8,64,15
23852,0,0,63.5,2,4,53
23853,0,0,58,2,4,119
23854,1,0,71,3,9,479
23855,0,0,132,3,9,29
23856,0,0,59,1,1,468
23857,0,0,283,7,49,362
23858,1,173,619.95,21,441,109
23859,0,0,59,1,1,385
23860,0,135,76,3,9,13
23861,1,0,116.5,4,16,58
23862,0,0,50,2,4,569
23863,1,0,867.24,23,529,211
23864,0,0,22.95,1,1,641
23865,0,0,40,1,1,429
23866,0,0,12,1,1,326
23867,0,0,102,2,4,421
23868,0,0,429,13,169,377
23869,0,0,50,2,4,149
23870,0,0,306.8,7,49,729
23871,1,0,192,3,9,356
23872,0,0,159.5,5,25,211
23873,0,0,70,2,4,378
23874,1,0,306.5,4,16,10
23875,1,0,95,2,4,24
23876,0,0,89,3,9,81
23877,0,0,118.5,2,4,24
23878,0,0,39.5,2,4,516
23879,0,109,503.5,16,256,11
23880,1,0,58,3,9,419
23881,1,108.5,1339,14,196,43
23882,0,0,24,1,1,5
23883,0,0,20,1,1,336
23884,0,0,49,1,1,700
23885,1,0,203.95,5,25,252
23886,0,0,34,2,4,387
23887,0,0,687.3,23,529,2
23888,0,0,24,1,1,15
23889,0,0,193.95,6,36,15
23890,1,0,39,1,1,443
23891,0,0,29.9,2,4,551
23892,1,0,296.5,7,49,387
23893,0,144.45,63.5,2,4,20
23894,1,0,393.3,16,256,29
23895,0,0,75.8,5,25,417
23896,1,29.5,310,6,36,14
23897,0,0,54,3,9,30
23898,0,59,101,3,9,419
23899,1,74.4,661.5,9,81,133
23900,1,0,159,1,1,127
23901,0,0,39,1,1,23
23902,0,0,93.5,2,4,25
23903,0,0,49,1,1,102
23904,1,0,411.45,8,64,155
23905,1,0,303.95,9,81,4
23906,0,19.5,212,6,36,12
23907,1,0,340,8,64,76
23908,0,148.5,49.9,2,4,729
23909,0,0,198,5,25,161
23910,0,12.95,192,6,36,16
23911,0,0,45,1,1,21
23912,0,0,238.9,8,64,61
23913,0,159,516.45,7,49,14
23914,1,0,641.5,21,441,83
23915,0,0,1202.5,26,676,4
23916,0,0,119.9,2,4,582
23917,1,0,587.9,13,169,14
23918,0,0,147,4,16,165
23919,0,0,31,1,1,100
23920,1,0,236,8,64,23
23921,0,0,108.5,3,9,461
23922,0,0,39.5,1,1,26
23923,0,0,136.5,7,49,290
23924,0,0,49.9,2,4,727
23925,0,0,69,1,1,27
23926,1,0,378.5,8,64,37
23927,0,0,124,2,4,15
23928,1,0,254,7,49,22
23929,0,0,246.9,5,25,683
23930,0,0,86.7,4,16,202
23931,0,0,99,2,4,427
23932,0,0,59,2,4,29
23933,1,88,546.25,21,441,51
23934,0,0,1057,19,361,384
23935,0,0,98.5,4,16,10
23936,1,0,294.95,5,25,164
23937,1,0,104,2,4,344
23938,1,0,49,1,1,20
23939,0,0,34,2,4,452
23940,0,55,132.45,4,16,28
23941,0,0,99,1,1,418
23942,0,109,119,1,1,518
23943,0,0,40.95,2,4,329
23944,1,0,59,1,1,132
23945,0,529.45,1071.95,17,289,15
23946,0,0,147,3,9,29
23947,0,0,185,4,16,140
23948,0,0,267,3,9,388
23949,1,353.95,44,1,1,31
23950,0,0,169,1,1,394
23951,0,0,139,6,36,4
23952,0,0,24,1,1,297
23953,1,0,269,6,36,617
23954,0,0,24.5,1,1,1
23955,1,0,90,2,4,700
23956,1,0,30,2,4,35
23957,0,0,115,5,25,617
23958,0,206,247,5,25,28
23959,0,0,129,3,9,267
23960,1,0,39,1,1,25
23961,0,0,284.45,10,100,156
23962,0,0,44,1,1,22
23963,1,0,79,2,4,272
23964,1,88,125,4,16,19
23965,0,0,79.9,2,4,721
23966,0,0,110.45,4,16,54
23967,0,0,94,2,4,21
23968,1,0,2148.35,38,1444,16
23969,1,53,273.35,8,64,133
23970,1,0,459.75,12,144,137
23971,0,0,27,2,4,257
23972,1,0,308,3,9,44
23973,0,0,25,1,1,440
23974,0,127,371.25,15,225,60
23975,0,0,39.5,2,4,500
23976,1,0,377,3,9,302
23977,1,0,168,7,49,137
23978,0,0,0,1,1,406
23979,0,0,265.85,6,36,58
23980,0,0,380.25,8,64,60
23981,1,0,29,1,1,34
23982,1,25,474.85,12,144,22
23983,0,0,39.5,2,4,511
23984,0,0,142,5,25,5
23985,1,0,102,3,9,406
23986,1,0,778.85,17,289,148
23987,0,0,69,3,9,140
23988,0,0,125.9,3,9,124
23989,1,0,292,9,81,383
23990,1,0,326.95,8,64,27
23991,0,0,39,1,1,139
23992,0,0,78,1,1,26
23993,1,0,424.45,12,144,42
23994,0,0,161,4,16,76
23995,0,0,26.95,1,1,491
23996,0,0,75,5,25,13
23997,1,0,77.9,3,9,421
23998,1,0,386,16,256,100
23999,0,18,129,1,1,119
24000,0,0,158,2,4,31
24001,0,0,268,7,49,346
24002,1,0,590.45,18,324,4
24003,1,51.5,404.95,11,121,24
24004,1,0,381.45,11,121,1
24005,0,0,59,1,1,394
24006,0,0,39.5,2,4,496
24007,0,71.95,93.95,2,4,249
24008,0,0,39.5,2,4,478
24009,1,0,32,1,1,162
24010,0,0,219.95,4,16,325
24011,0,0,105,5,25,437
24012,0,0,25,2,4,347
24013,0,21,248.85,7,49,10
24014,1,10.75,125.5,6,36,77
24015,0,0,186,6,36,33
24016,0,0,429.5,10,100,1
24017,1,0,234,3,9,412
24018,0,0,199,3,9,386
24019,0,0,59,1,1,387
24020,1,0,659,17,289,114
24021,1,0,265.95,14,196,276
24022,0,0,114.5,3,9,727
24023,0,0,20,1,1,29
24024,0,0,74,2,4,17
24025,1,35,95,3,9,53
24026,0,0,79,1,1,49
24027,1,92,238.95,10,100,29
24028,0,0,1166,16,256,25
24029,0,0,231,4,16,13
24030,0,0,22,1,1,52
24031,0,0,162.5,7,49,28
24032,1,0,174,3,9,380
24033,0,0,31,1,1,609
24034,0,0,145,2,4,137
24035,0,0,53,2,4,19
24036,0,0,203,3,9,376
24037,0,0,136.9,6,36,82
24038,0,0,73,4,16,22
24039,0,0,70,2,4,19
24040,0,0,0,1,1,28
24041,1,0,133.5,5,25,38
24042,0,0,92.9,3,9,431
24043,0,0,108,2,4,385
24044,1,0,404.15,13,169,53
24045,0,0,243.4,8,64,5
24046,0,0,319,7,49,379
24047,0,0,187,9,81,27
24048,1,0,99,2,4,384
24049,0,0,335.95,9,81,526
24050,0,0,59.95,1,1,320
24051,1,0,107.95,5,25,26
24052,0,0,196,5,25,639
24053,0,0,0,1,1,480
24054,1,0,49.5,3,9,526
24055,0,135.75,559.65,11,121,11
24056,0,0,115,1,1,703
24057,0,0,255,7,49,132
24058,1,0,140.5,5,25,58
24059,0,0,374.95,6,36,55
24060,1,474.9,539.3,19,361,9
24061,0,0,89.95,1,1,522
24062,0,0,118,3,9,27
24063,0,70,108.5,2,4,28
24064,0,0,123.5,5,25,503
24065,0,0,39.5,2,4,510
24066,0,0,79,3,9,265
24067,1,0,29,1,1,327
24068,1,46.5,741.9,19,361,25
24069,0,79,119,1,1,493
24070,1,0,318.95,5,25,50
24071,1,67.5,648.45,31,961,20
24072,0,0,82,2,4,368
24073,0,0,149,2,4,395
24074,1,217,443,17,289,30
24075,0,0,110,4,16,17
24076,0,0,39.5,2,4,531
24077,0,0,59,2,4,684
24078,0,0,121.75,4,16,452
24079,0,0,66,2,4,386
24080,0,0,143,4,16,679
24081,0,0,93,2,4,24
24082,0,0,49.5,3,9,166
24083,1,0,262,8,64,395
24084,0,0,20,2,4,99
24085,0,0,69.5,1,1,710
24086,0,0,29.5,1,1,23
24087,0,0,256,11,121,39
24088,0,0,24,1,1,16
24089,1,0,387.9,6,36,26
24090,1,0,39.5,2,4,142
24091,0,0,39.5,2,4,529
24092,0,0,69,1,1,381
24093,0,0,27.9,2,4,719
24094,0,22.95,71,2,4,476
24095,0,69,88,2,4,146
24096,0,125,206.5,4,16,15
24097,1,0,225.5,7,49,16
24098,1,0,134,2,4,178
24099,1,0,304.95,10,100,20
24100,1,59,551,9,81,14
24101,0,0,39.5,2,4,520
24102,1,0,788.15,23,529,24
24103,1,0,222.95,6,36,14
24104,0,0,85,4,16,141
24105,0,0,0,1,1,49
24106,1,0,65,2,4,579
24107,1,0,49,1,1,97
24108,0,0,206.5,6,36,18
24109,0,44.5,453.5,14,196,72
24110,0,16,0,1,1,282
24111,1,0,215,3,9,355
24112,1,0,363,5,25,14
24113,0,0,59,1,1,23
24114,0,0,2589.9,37,1369,3
24115,1,0,447,2,4,107
24116,0,0,0,1,1,23
24117,1,0,63,2,4,391
24118,1,277,841.8,18,324,5
24119,0,127.95,812.6,22,484,194
24120,0,0,63,3,9,1
24121,0,0,192,3,9,28
24122,1,0,263.9,7,49,18
24123,1,199,1031.85,17,289,9
24124,0,39,34.95,2,4,151
24125,1,0,240,6,36,167
24126,1,520.35,531.85,15,225,235
24127,0,0,90,3,9,108
24128,0,0,74,2,4,10
24129,0,0,123.5,2,4,24
24130,0,0,49.5,3,9,146
24131,1,0,318.85,7,49,82
24132,0,0,9.95,1,1,310
24133,0,0,29,1,1,30
24134,0,0,68,1,1,356
24135,0,0,22,1,1,90
24136,0,0,65,1,1,177
24137,0,0,139,3,9,137
24138,0,0,29,1,1,416
24139,0,0,39.9,2,4,288
24140,0,58,181,5,25,27
24141,0,0,38,1,1,390
24142,0,0,19.95,1,1,495
24143,0,0,244.95,12,144,650
24144,0,0,92.98,4,16,26
24145,0,650.35,1923.1,72,5184,45
24146,0,0,444.4,11,121,19
24147,1,0,101,4,16,484
24148,0,25,59,1,1,117
24149,0,0,184,5,25,28
24150,0,0,56.45,3,9,488
24151,0,0,476,10,100,15
24152,0,0,168,5,25,98
24153,1,0,985.5,28,784,18
24154,0,511,1408.95,28,784,15
24155,0,0,354.5,7,49,16
24156,0,0,128,2,4,120
24157,0,0,49,2,4,98
24158,0,0,78,2,4,24
24159,0,0,238.5,10,100,254
24160,0,0,49,2,4,13
24161,0,0,305.6,17,289,66
24162,0,0,39.5,2,4,137
24163,0,0,39,1,1,393
24164,0,0,330,9,81,204
24165,0,0,213.95,7,49,526
24166,0,0,99,2,4,16
24167,1,0,106.45,5,25,9
24168,0,0,168.9,4,16,694
24169,0,0,29,1,1,159
24170,1,0,94,3,9,386
24171,0,0,263,8,64,14
24172,0,0,214.95,3,9,499
24173,0,0,19.95,1,1,221
24174,1,0,118,4,16,30
24175,1,446,2562.65,45,2025,78
24176,0,65.5,342.5,11,121,79
24177,0,0,207,3,9,27
24178,1,0,458,3,9,225
24179,1,0,495,16,256,25
24180,1,0,118,3,9,75
24181,1,0,56,1,1,145
24182,0,0,90,3,9,17
24183,0,10.95,36,1,1,189
24184,1,0,36.5,1,1,408
24185,1,68.5,153,4,16,308
24186,1,0,390.5,9,81,54
24187,0,90.95,172,6,36,108
24188,0,0,99,6,36,146
24189,1,0,191.9,4,16,16
24190,1,0,72.9,2,4,553
24191,0,0,45,2,4,19
24192,0,0,198.5,7,49,75
24193,1,69,960.95,19,361,23
24194,0,0,25,1,1,588
24195,0,0,407.4,23,529,142
24196,0,0,0,1,1,114
24197,0,238.95,964.95,19,361,5
24198,1,0,298,2,4,395
24199,1,0,65,1,1,364
24200,0,0,348,5,25,42
24201,0,0,211.95,5,25,192
24202,0,22.5,40,2,4,709
24203,0,0,370,8,64,357
24204,0,0,59,2,4,564
24205,0,0,118,2,4,358
24206,0,34,309,3,9,389
24207,0,0,19.95,1,1,344
24208,0,0,60,3,9,651
24209,0,0,42,1,1,464
24210,0,49,177,6,36,384
24211,0,0,164,3,9,63
24212,1,0,158,2,4,54
24213,0,0,69,1,1,143
24214,0,0,25,1,1,16
24215,0,115,830.3,19,361,7
24216,1,190,378.45,11,121,3
24217,0,0,88,2,4,170
24218,0,0,39.5,1,1,95
24219,1,29.5,723.5,22,484,12
24220,0,0,173,5,25,15
24221,1,0,197,6,36,31
24222,1,0,1055.95,15,225,37
24223,1,0,460,12,144,18
24224,0,0,227.5,6,36,22
24225,0,0,301.15,14,196,188
24226,0,36,521,13,169,71
24227,1,117,88,2,4,35
24228,0,59,236,4,16,356
24229,0,0,99,2,4,40
24230,1,0,64.9,2,4,53
24231,1,147,389,6,36,28
24232,0,0,121.95,2,4,693
24233,0,18,44,1,1,47
24234,0,49,32,1,1,16
24235,0,0,83,2,4,30
24236,1,0,17,1,1,51
24237,1,0,58,2,4,32
24238,0,0,38,1,1,26
24239,1,99,1170.5,27,729,101
24240,0,69,64,1,1,336
24241,1,0,39,1,1,537
24242,1,0,52.95,3,9,251
24243,1,0,242.5,6,36,18
24244,0,33,44,2,4,104
24245,0,0,119,1,1,610
24246,0,0,24,1,1,504
24247,0,0,149.8,4,16,551
24248,0,98,1238.25,35,1225,11
24249,0,0,79.95,1,1,443
24250,1,0,146.9,3,9,31
24251,1,39.5,418,9,81,203
24252,0,0,124.9,3,9,23
24253,1,0,248.5,5,25,8
24254,0,0,44,1,1,93
24255,0,0,44,1,1,18
24256,1,0,153,3,9,77
24257,0,0,77,2,4,380
24258,0,0,29,1,1,56
24259,1,0,491.9,5,25,36
24260,0,0,48,1,1,385
24261,0,0,60,1,1,499
24262,1,0,242.5,4,16,430
24263,0,0,108,2,4,392
24264,1,0,69,1,1,343
24265,1,0,346.5,7,49,339
24266,1,0,734.5,14,196,282
24267,0,0,1093,41,1681,399
24268,1,0,683,20,400,21
24269,0,0,15,2,4,377
24270,1,0,293.4,9,81,138
24271,0,0,99,1,1,402
24272,0,0,326.9,8,64,374
24273,0,0,45,1,1,585
24274,0,0,59,2,4,93
24275,1,0,39,1,1,247
24276,0,0,276,6,36,352
24277,1,0,147.9,4,16,392
24278,0,0,146,4,16,268
24279,1,0,681,19,361,29
24280,0,0,39.5,2,4,122
24281,1,0,192.5,3,9,69
24282,0,0,59,1,1,25
24283,0,0,26,1,1,332
24284,1,199,416,10,100,52
24285,0,0,99,1,1,16
24286,0,0,265.5,10,100,165
24287,0,0,15,1,1,223
24288,0,0,202.5,5,25,26
24289,0,0,57,1,1,376
24290,1,4,762.75,28,784,16
24291,1,0,94,2,4,327
24292,0,0,45,1,1,28
24293,1,397,127,3,9,45
24294,0,0,28,1,1,26
24295,0,0,108.5,2,4,24
24296,0,0,52,2,4,384
24297,0,0,178.95,2,4,2
24298,0,0,71.95,2,4,4
24299,0,0,90,3,9,523
24300,1,0,59,2,4,388
24301,1,287,842.9,19,361,36
24302,0,0,139,1,1,389
24303,0,20,336.75,12,144,27
24304,0,0,29.5,1,1,394
24305,0,0,59.5,5,25,138
24306,1,15,292.85,9,81,43
24307,1,0,125,4,16,13
24308,0,0,56,1,1,103
24309,0,0,120.5,5,25,250
24310,1,0,456.8,19,361,375
24311,0,146.5,122,4,16,239
24312,0,0,126,4,16,21
24313,0,0,109,1,1,265
24314,0,0,48,1,1,455
24315,1,0,109.9,4,16,615
24316,1,0,256.5,8,64,56
24317,0,0,55,1,1,316
24318,0,0,157.5,3,9,401
24319,0,0,114,2,4,114
24320,0,0,78,2,4,637
24321,1,0,313,9,81,394
24322,0,46,73.95,5,25,13
24323,0,0,89,1,1,50
24324,0,0,29.5,1,1,27
24325,1,0,228,8,64,408
24326,0,0,124,5,25,2
24327,0,0,367,5,25,26
24328,0,0,158.75,10,100,29
24329,0,0,268.9,6,36,17
24330,1,0,247.5,4,16,4
24331,0,0,170.9,6,36,157
24332,0,535.1,3192.9,76,5776,46
24333,0,64,382,8,64,9
24334,1,0,114.5,4,16,477
24335,0,0,69,1,1,15
24336,0,0,59,2,4,25
24337,0,0,171.5,2,4,343
24338,1,244,258.85,7,49,15
24339,0,0,103,2,4,392
24340,0,110,174.5,5,25,24
24341,0,0,194,3,9,149
24342,0,0,56,1,1,483
24343,1,0,258,4,16,258
24344,0,0,50,2,4,662
24345,0,0,16.95,4,16,245
24346,0,0,84.5,5,25,148
24347,1,168.25,331.85,14,196,1
24348,1,77,42.95,2,4,383
24349,0,0,224,5,25,23
24350,0,0,254.15,2,4,50
24351,0,0,108,3,9,13
24352,1,44,472.45,12,144,138
24353,0,0,29,1,1,513
24354,1,0,388.7,14,196,18
24355,0,0,0,1,1,21
24356,0,0,232,5,25,132
24357,1,0,181.5,5,25,399
24358,0,0,131.4,7,49,129
24359,1,0,441,13,169,277
24360,0,0,49.5,3,9,159
24361,0,0,99,1,1,383
24362,0,0,39.5,2,4,166
24363,0,0,462,6,36,624
24364,1,64.5,1353.85,35,1225,55
24365,0,0,64.5,2,4,16
24366,0,0,36.5,2,4,32
24367,1,0,150,6,36,89
24368,1,133.9,281,14,196,3
24369,1,96,93,3,9,167
24370,0,110,65,1,1,41
24371,0,0,98,2,4,106
24372,0,0,52.9,2,4,449
24373,1,0,49,1,1,568
24374,0,0,148.5,2,4,699
24375,0,0,75.5,3,9,521
24376,0,0,79,4,16,120
24377,1,0,42,1,1,312
24378,1,0,459,12,144,8
24379,0,0,332,9,81,18
24380,1,0,769.97,17,289,72
24381,0,0,73,2,4,118
24382,0,0,595.35,24,576,219
24383,1,228.5,386.35,11,121,2
24384,0,0,39,1,1,56
24385,0,0,69,1,1,464
24386,1,0,366.85,10,100,289
24387,0,0,34,1,1,480
24388,1,0,705.35,35,1225,14
24389,0,0,49.5,1,1,2
24390,0,0,169,1,1,31
24391,1,0,539.5,15,225,102
24392,0,0,339.3,8,64,206
24393,0,0,74.5,5,25,120
24394,1,0,133.9,5,25,531
24395,0,0,245.8,5,25,90
24396,0,0,21,1,1,20
24397,0,0,112,2,4,387
24398,0,0,114.5,4,16,336
24399,1,0,14.5,1,1,675
24400,1,0,398.5,13,169,126
24401,0,0,58.5,2,4,20
24402,1,49.5,703,13,169,10
24403,0,0,69,1,1,506
24404,0,0,323.95,3,9,417
24405,0,0,68,2,4,124
24406,0,0,40,1,1,434
24407,1,54.9,109,7,49,102
24408,0,0,39.5,3,9,486
24409,0,49,149,3,9,298
24410,1,0,419.5,10,100,385
24411,0,0,189,1,1,596
24412,1,0,141.5,5,25,256
24413,0,0,406.5,11,121,28
24414,0,0,56,1,1,584
24415,0,0,89,1,1,70
24416,1,0,325.75,7,49,184
24417,0,0,576,9,81,18
24418,1,0,72,4,16,363
24419,1,0,327.45,8,64,214
24420,0,0,264,4,16,16
24421,0,0,61,2,4,502
24422,0,0,72,1,1,99
24423,0,0,138.5,3,9,38
24424,0,0,163,2,4,22
24425,0,97,683,19,361,306
24426,1,0,77.95,2,4,469
24427,1,0,55,1,1,392
24428,1,87,71.5,3,9,7
24429,0,0,39,1,1,557
24430,1,74,257.4,9,81,78
24431,1,0,287.8,6,36,231
24432,0,0,92,3,9,400
24433,0,0,233,2,4,529
24434,0,0,44,1,1,25
24435,0,0,318.85,5,25,25
24436,0,49.5,39.9,1,1,26
24437,0,24,65,3,9,145
24438,0,0,61,3,9,11
24439,0,0,82,1,1,28
24440,1,0,330.5,9,81,304
24441,1,103,87,2,4,46
24442,1,0,83,2,4,16
24443,1,0,250,6,36,32
24444,0,80,323,7,49,5
24445,0,0,48,1,1,92
24446,0,37.5,35.85,3,9,458
24447,0,0,99,2,4,342
24448,0,0,38,1,1,430
24449,0,0,44,1,1,435
24450,0,0,186,4,16,385
24451,1,0,139,4,16,137
24452,1,144,102,3,9,390
24453,1,0,923,14,196,406
24454,0,0,72,2,4,30
24455,0,0,173.45,4,16,28
24456,1,0,45,2,4,23
24457,0,32,426.45,14,196,19
24458,1,0,74.9,3,9,158
24459,0,0,128,3,9,76
24460,0,0,22,1,1,390
24461,0,0,0,1,1,225
24462,0,0,337.5,3,9,15
24463,1,0,279,7,49,374
24464,1,0,29,1,1,18
24465,0,0,57,2,4,403
24466,0,0,152.9,4,16,6
24467,0,0,410,11,121,14
24468,0,337.9,674.45,25,625,22
24469,0,0,72,2,4,288
24470,0,191,219.5,7,49,43
24471,0,0,199.5,5,25,29
24472,1,0,187.85,7,49,41
24473,0,0,49,1,1,392
24474,0,0,287,8,64,27
24475,1,74,280,8,64,147
24476,0,0,68,3,9,155
24477,1,0,95,3,9,389
24478,0,0,364.55,15,225,7
24479,0,0,822,18,324,21
24480,1,0,264.5,4,16,56
24481,0,49.5,159.35,7,49,208
24482,0,0,144.9,2,4,100
24483,0,0,331,5,25,89
24484,1,280,180,5,25,304
24485,0,0,99.95,2,4,165
24486,1,0,151,4,16,395
24487,1,0,104,3,9,293
24488,0,0,25,1,1,695
24489,0,0,270.95,5,25,7
24490,0,0,103,3,9,583
24491,1,0,508.35,25,625,96
24492,1,24,313.9,7,49,28
24493,1,0,1116.5,29,841,56
24494,0,29.5,281,7,49,23
24495,0,0,265.5,8,64,15
24496,0,0,69,2,4,15
24497,1,0,59,1,1,94
24498,0,0,39.5,2,4,518
24499,1,0,737.95,21,441,15
24500,0,0,112.95,3,9,454
24501,1,183,715.2,21,441,130
24502,0,0,162,3,9,10
24503,1,0,33,2,4,93
24504,0,206.5,1118.3,36,1296,5
24505,1,0,475.5,19,361,44
24506,1,0,201.9,5,25,252
24507,0,0,59,1,1,11
24508,1,0,185,6,36,151
24509,0,0,79,4,16,493
24510,0,0,173.15,9,81,23
24511,1,51.95,522.5,16,256,31
24512,1,0,420.4,11,121,11
24513,1,0,196,4,16,259
24514,0,0,490.9,11,121,21
24515,0,189.36,302.97,7,49,32
24516,0,0,44,1,1,389
24517,0,0,151,5,25,23
24518,0,0,220.95,4,16,10
24519,0,257.4,291.75,9,81,17
24520,0,16.95,201,3,9,279
24521,0,0,24,1,1,549
24522,0,0,221,7,49,480
24523,0,0,156,3,9,215
24524,0,71,94.5,3,9,20
24525,0,0,30,1,1,378
24526,0,37,75,4,16,18
24527,0,0,99.95,1,1,358
24528,1,0,36,1,1,169
24529,0,0,184.5,4,16,21
24530,1,0,148.5,2,4,387
24531,0,51.5,293.5,14,196,7
24532,0,0,126,3,9,17
24533,0,0,36,1,1,408
24534,0,0,39.5,2,4,144
24535,0,0,302,11,121,27
24536,0,0,0,1,1,7
24537,1,39.95,4733,196,38416,19
24538,0,0,57,3,9,28
24539,0,0,24,1,1,29
24540,0,0,129,1,1,645
24541,0,0,64.5,2,4,156
24542,0,0,59,1,1,24
24543,1,0,1922.15,76,5776,27
24544,0,148,177,3,9,21
24545,0,0,49,1,1,47
24546,1,0,42.45,2,4,187
24547,0,0,60,4,16,404
24548,0,0,59,1,1,431
24549,0,88,227,10,100,335
24550,1,0,109,4,16,53
24551,0,0,176,5,25,112
24552,0,0,177,3,9,2
24553,1,0,78,1,1,302
24554,0,0,188.45,4,16,689
24555,0,64,54,1,1,10
24556,0,0,133,5,25,17
24557,1,16.95,55.95,1,1,489
24558,1,0,157.5,3,9,26
24559,1,0,376,4,16,26
24560,0,0,29,1,1,205
24561,0,0,123.5,2,4,58
24562,0,29,87,4,16,208
24563,0,0,245,5,25,20
24564,0,0,88.5,1,1,261
24565,1,0,276,11,121,385
24566,0,0,82.4,5,25,529
24567,0,0,42,1,1,210
24568,0,0,195,4,16,264
24569,0,0,66,5,25,85
24570,1,1051.5,2612.5,26,676,78
24571,0,0,674.35,11,121,4
24572,0,0,0,1,1,16
24573,1,0,598,2,4,384
24574,1,0,248,5,25,24
24575,0,0,222,4,16,13
24576,0,0,39.5,2,4,153
24577,0,0,61.8,4,16,16
24578,0,0,174,5,25,47
24579,0,0,69,1,1,28
24580,0,0,75,1,1,475
24581,1,0,39,1,1,368
24582,0,24.5,36,1,1,20
24583,0,0,79.9,2,4,426
24584,1,0,252,9,81,26
24585,0,0,108.5,3,9,390
24586,1,46.9,63.5,2,4,132
24587,0,0,0,1,1,664
24588,1,647,813.5,17,289,19
24589,0,0,300,6,36,106
24590,1,0,150.5,4,16,186
24591,0,2.5,77.5,4,16,127
24592,0,0,101,3,9,24
24593,0,0,44,1,1,388
24594,1,0,204.4,4,16,535
24595,1,0,577.4,15,225,29
24596,1,64,552,6,36,298
24597,1,0,157,4,16,376
24598,0,0,187,2,4,21
24599,0,0,298,2,4,139
24600,0,0,108,4,16,591
24601,0,0,30,1,1,22
24602,0,0,187.5,4,16,8
24603,1,0,905.5,35,1225,237
24604,0,0,281.45,7,49,26
24605,1,0,574,15,225,54
24606,0,470,302,3,9,258
24607,0,0,858.95,31,961,8
24608,0,0,79,1,1,414
24609,0,0,43.95,2,4,537
24610,0,0,66,1,1,382
24611,0,0,89,1,1,17
24612,1,0,131.5,3,9,36
24613,0,0,89,1,1,328
24614,1,63.5,276.2,10,100,346
24615,1,0,375,9,81,68
24616,0,0,158,5,25,492
24617,1,0,79,3,9,235
24618,0,0,115.5,4,16,519
24619,1,0,130.5,3,9,400
24620,0,0,39,1,1,40
24621,1,0,87.95,3,9,107
24622,1,0,164.95,4,16,152
24623,0,0,49.5,3,9,506
24624,0,0,29,1,1,19
24625,1,0,198,3,9,55
24626,0,0,19.95,1,1,200
24627,1,0,78,5,25,70
24628,0,0,114,3,9,60
24629,0,0,337.5,6,36,11
24630,0,0,366,8,64,15
24631,0,0,206,5,25,16
24632,0,0,78.9,4,16,99
24633,1,15,196,10,100,26
24634,0,170,453.55,13,169,367
24635,1,0,39,1,1,712
24636,0,0,383,8,64,22
24637,1,80,59,1,1,27
24638,0,0,49,1,1,30
24639,1,0,88,2,4,323
24640,0,0,136.5,5,25,12
24641,1,0,244,7,49,46
24642,1,0,807.9,17,289,568
24643,1,0,27,1,1,148
24644,1,0,88.75,5,25,1
24645,0,0,214,7,49,25
24646,0,26,248,3,9,110
24647,0,0,102,6,36,453
24648,0,0,64,1,1,71
24649,1,0,79,1,1,714
24650,0,39.5,88,2,4,324
24651,1,0,250,5,25,130
24652,0,0,0,1,1,74
24653,1,0,563.95,17,289,541
24654,1,0,471.35,10,100,32
24655,0,0,240,4,16,24
24656,0,0,30,1,1,29
24657,0,0,67.5,2,4,14
24658,1,0,135,4,16,10
24659,1,0,691,19,361,20
24660,1,0,145,7,49,57
24661,0,71.95,210,6,36,11
24662,0,19.95,36.95,1,1,366
24663,0,0,73,2,4,377
24664,1,0,127,2,4,59
24665,0,0,169,2,4,230
24666,0,119,397.5,15,225,132
24667,0,0,29.5,1,1,124
24668,0,0,326,9,81,16
24669,0,0,22,1,1,97
24670,1,0,156.45,6,36,28
24671,0,0,25,2,4,22
24672,1,0,89,1,1,77
24673,1,0,395.35,8,64,191
24674,0,0,66,2,4,455
24675,1,0,58,2,4,43
24676,0,0,31.9,2,4,22
24677,0,471.5,852.45,17,289,20
24678,1,0,118,2,4,17
24679,0,0,138,2,4,383
24680,0,0,186.95,6,36,52
24681,0,0,25,1,1,625
24682,0,0,232,3,9,360
24683,0,59,340,7,49,382
24684,0,0,30,2,4,16
24685,0,0,349.95,6,36,181
24686,1,0,159,4,16,409
24687,0,0,28,1,1,496
24688,0,0,79,4,16,127
24689,1,0,401.95,8,64,20
24690,0,0,247.5,4,16,22
24691,0,0,124,3,9,156
24692,0,0,556.9,17,289,2
24693,0,0,88,2,4,718
24694,0,0,216.95,6,36,8
24695,0,178.95,691.3,21,441,132
24696,0,0,178.5,3,9,26
24697,0,0,23,2,4,126
24698,0,0,49.5,1,1,387
24699,1,95.45,94.95,4,16,244
24700,1,0,34,1,1,385
24701,0,0,400.5,12,144,18
24702,1,0,49,1,1,514
24703,1,0,364.5,9,81,240
24704,0,0,60,2,4,603
24705,0,528.95,462,13,169,25
24706,0,0,473.5,8,64,203
24707,0,68,619.3,13,169,20
24708,1,91.9,186,2,4,502
24709,0,0,672,17,289,36
24710,0,0,277.95,7,49,13
24711,1,97.95,2647,43,1849,24
24712,0,0,59.9,3,9,393
24713,1,0,39.5,2,4,142
24714,0,0,247,6,36,130
24715,0,0,103.45,4,16,21
24716,1,0,213.5,5,25,112
24717,0,0,76,2,4,588
24718,1,0,437.8,10,100,80
24719,0,26.95,821.45,14,196,11
24720,0,0,174.5,6,36,21
24721,1,0,526,13,169,99
24722,1,0,39.9,2,4,44
24723,0,0,117.45,3,9,26
24724,1,1884.14,481.35,13,169,24
24725,0,0,829.4,14,196,448
24726,0,0,560,5,25,10
24727,0,32,144.5,5,25,144
24728,1,59.9,206.5,4,16,93
24729,0,29,107,2,4,155
24730,0,0,117,1,1,50
24731,0,255.5,99.95,1,1,296
24732,1,168.85,35,1,1,707
24733,0,0,29,1,1,438
24734,1,0,923.55,23,529,25
24735,0,0,151,6,36,109
24736,1,85,587.95,14,196,42
24737,0,34,158.5,6,36,14
24738,0,0,29,1,1,18
24739,0,0,666.5,17,289,235
24740,0,158,44.5,2,4,9
24741,0,0,98.4,4,16,577
24742,0,0,1002.45,12,144,137
24743,0,0,323,3,9,689
24744,1,0,398.05,21,441,226
24745,1,0,72,2,4,662
24746,1,12,755.45,23,529,83
24747,0,0,114.5,3,9,97
24748,0,0,76.95,2,4,126
24749,0,0,141,7,49,25
24750,0,0,74,1,1,387
24751,1,0,148.5,6,36,29
24752,0,0,309,10,100,147
24753,0,0,131,7,49,249
24754,0,0,44,1,1,414
24755,0,0,297,7,49,25
24756,1,0,100,4,16,196
24757,0,0,46,1,1,17
24758,1,110,351.8,8,64,61
24759,1,0,59,2,4,385
24760,0,0,128,4,16,426
24761,0,147,242.25,11,121,340
24762,1,114,711.25,20,400,20
24763,0,0,207.5,7,49,76
24764,0,0,26,1,1,615
24765,1,0,204.85,4,16,394
24766,1,0,379.5,9,81,44
24767,0,0,49.5,1,1,68
24768,1,0,356,4,16,117
24769,1,0,67,2,4,385
24770,0,94.95,97.5,3,9,21
24771,0,0,236.5,5,25,33
24772,0,0,113,5,25,9
24773,0,52.95,48,2,4,143
24774,1,29,1737,13,169,46
24775,0,0,49,1,1,17
24776,0,0,161.5,6,36,13
24777,0,0,48,2,4,397
24778,1,157,716,15,225,22
24779,0,0,64.95,3,9,609
24780,1,0,29,1,1,395
24781,1,0,1133,31,961,74
24782,0,0,160,3,9,386
24783,1,473.2,2885.35,51,2601,24
24784,1,0,74,2,4,140
24785,0,36.9,81.9,3,9,574
24786,0,0,157,4,16,8
24787,0,0,366,4,16,428
24788,0,0,198.5,4,16,15
24789,1,44.95,690.75,17,289,138
24790,0,0,56,1,1,504
24791,0,0,130,4,16,394
24792,0,0,356,7,49,306
24793,0,0,59,1,1,546
24794,0,19.5,54,1,1,13
24795,1,0,1675,20,400,12
24796,0,0,40,3,9,678
24797,1,0,81,2,4,21
24798,1,0,181,5,25,548
24799,0,0,336,4,16,616
24800,0,0,148.5,4,16,380
24801,1,287,43.7,2,4,183
24802,1,0,191,4,16,68
24803,0,0,49,1,1,514
24804,0,0,143.9,3,9,19
24805,0,0,49,1,1,391
24806,0,0,17,1,1,159
24807,1,0,103,3,9,29
24808,0,0,341.95,8,64,36
24809,0,0,143,2,4,463
24810,0,0,341,5,25,26
24811,1,0,473.5,16,256,15
24812,0,0,119,1,1,374
24813,1,90.9,350,9,81,23
24814,1,0,69,2,4,386
24815,0,0,49,1,1,685
24816,1,0,113.95,3,9,573
24817,0,0,1473.5,38,1444,8
24818,1,0,39,1,1,376
24819,1,139,777,26,676,36
24820,0,0,557,3,9,28
24821,1,109.95,1558.3,45,2025,29
24822,0,0,39.5,2,4,495
24823,1,0,88.5,2,4,75
24824,1,0,218.5,5,25,39
24825,1,0,39,1,1,395
24826,0,0,29,1,1,384
24827,1,0,48,1,1,98
24828,0,0,69,1,1,392
24829,1,0,133,3,9,25
24830,0,0,107,2,4,10
24831,0,0,116,4,16,90
24832,0,0,207,3,9,224
24833,0,0,89,2,4,24
24834,0,0,402,12,144,21
24835,0,0,202,3,9,19
24836,0,0,114,3,9,99
24837,0,0,15,1,1,21
24838,1,25.45,119,1,1,100
24839,1,0,39.95,2,4,103
24840,0,0,58,2,4,425
24841,1,0,214,6,36,69
24842,0,0,388.45,6,36,110
24843,1,0,355,5,25,54
24844,0,0,214,5,25,26
24845,1,0,413,10,100,50
24846,0,0,78,4,16,54
24847,1,0,185,2,4,341
24848,0,97,182,5,25,27
24849,0,0,0,1,1,394
24850,0,237,2045,55,3025,27
24851,1,0,98,2,4,34
24852,1,0,262,4,16,692
24853,0,0,39.5,1,1,390
24854,1,53,606.45,15,225,485
24855,1,0,141,8,64,138
24856,1,0,69,1,1,386
24857,0,0,370.25,10,100,3
24858,0,0,39.5,2,4,140
24859,0,26.95,36,1,1,639
24860,0,0,129,1,1,28
24861,0,0,677.4,31,961,91
24862,1,0,208.9,7,49,223
24863,0,0,36.9,3,9,117
24864,1,0,414.9,8,64,89
24865,0,0,84,2,4,23
24866,0,0,47,3,9,175
24867,1,0,395.95,12,144,29
24868,0,0,15,1,1,165
24869,0,0,59.5,4,16,134
24870,1,0,129,3,9,527
24871,1,0,44,1,1,114
24872,0,0,137.5,4,16,30
24873,0,0,69,1,1,377
24874,0,0,48,2,4,394
24875,1,0,594,11,121,431
24876,0,0,232,7,49,152
24877,0,25,937.9,23,529,28
24878,1,184,773.4,13,169,232
24879,1,39,127.95,4,16,382
24880,1,0,344,8,64,110
24881,0,0,67.5,4,16,26
24882,0,30,102,4,16,8
24883,0,0,60.95,4,16,309
24884,0,0,29.5,1,1,17
24885,0,0,81.95,3,9,678
24886,0,0,63.75,5,25,553
24887,1,0,572,6,36,25
24888,0,68,49,1,1,60
24889,0,0,86.95,2,4,204
24890,0,34,410,11,121,413
24891,1,0,214,6,36,76
24892,0,0,31,2,4,491
24893,1,0,455.5,11,121,12
24894,1,0,132.5,4,16,17
24895,0,0,39.5,1,1,658
24896,0,0,35,1,1,598
24897,1,167,426,11,121,23
24898,0,0,190,5,25,32
24899,1,0,85,1,1,109
24900,1,0,53,2,4,17
24901,0,0,305.9,11,121,9
24902,0,0,57.5,2,4,22
24903,0,0,93,2,4,72
24904,1,0,19.5,1,1,58
24905,0,0,108,3,9,242
24906,1,0,762.9,15,225,59
24907,0,266,1335,12,144,21
24908,0,0,237.15,10,100,356
24909,0,0,24,2,4,181
24910,0,0,170,5,25,527
24911,0,0,191.5,4,16,27
24912,1,0,117.95,7,49,106
24913,0,0,24.95,1,1,692
24914,0,0,269,1,1,406
24915,1,0,38,1,1,382
24916,0,0,34,1,1,428
24917,0,0,55,1,1,24
24918,1,0,208,9,81,24
24919,0,348.4,2037.2,42,1764,32
24920,0,0,703.5,19,361,283
24921,0,0,163.75,7,49,32
24922,1,0,320,10,100,23
24923,0,0,20,1,1,165
24924,0,0,318.5,6,36,5
24925,0,0,53,2,4,43
24926,0,0,120,3,9,382
24927,0,0,366,5,25,27
24928,0,0,64,2,4,319
24929,1,0,500,12,144,160
24930,0,0,63.9,5,25,33
24931,0,0,98.95,4,16,154
24932,0,0,470.45,7,49,383
24933,1,0,70,3,9,716
24934,0,0,997.9,23,529,17
24935,0,0,0,1,1,264
24936,1,274.8,772.4,19,361,23
24937,0,0,224.95,6,36,13
24938,1,0,78,4,16,373
24939,0,0,118,2,4,655
24940,0,0,99,1,1,576
24941,0,0,60,1,1,721
24942,0,0,30,1,1,20
24943,0,0,56,1,1,380
24944,0,0,98,3,9,23
24945,1,0,656,9,81,498
24946,0,75,29.5,1,1,176
24947,1,0,129,1,1,515
24948,1,0,111,5,25,75
24949,0,0,29.5,1,1,38
24950,0,0,39.5,2,4,148
24951,1,0,99.5,4,16,385
24952,0,0,56,1,1,134
24953,1,0,198,2,4,393
24954,0,0,83.5,3,9,622
24955,1,69,163.95,3,9,134
24956,1,0,297.9,9,81,111
24957,0,0,39.5,2,4,149
24958,0,0,550.25,18,324,443
24959,0,37,342,13,169,406
24960,0,0,98.95,3,9,181
24961,0,0,106,6,36,597
24962,0,0,203.5,6,36,30
24963,1,0,763.85,20,400,161
24964,0,0,148,4,16,610
24965,0,0,74,1,1,596
24966,1,624,44,1,1,79
24967,1,0,879,36,1296,122
24968,0,94,331.5,10,100,25
24969,1,0,541.95,13,169,22
24970,0,0,49.5,3,9,126
24971,0,0,113.45,3,9,16
24972,0,0,158,7,49,429
24973,0,0,50,2,4,141
24974,0,139,188.5,2,4,16
24975,1,189,173.9,4,16,417
24976,0,0,494.5,14,196,136
24977,0,0,191.5,5,25,16
24978,0,0,161.5,5,25,16
24979,0,75,281.95,15,225,172
24980,0,599,44,1,1,389
24981,0,0,55,1,1,393
24982,1,268,104,4,16,223
24983,0,0,79,1,1,676
24984,0,0,178,3,9,9
24985,0,0,116,4,16,331
24986,0,0,89,1,1,403
24987,0,0,102,3,9,41
24988,1,0,79.85,3,9,185
24989,1,0,44,1,1,386
24990,0,0,156,4,16,397
24991,0,0,244.5,6,36,85
24992,0,0,163,2,4,15
24993,0,0,171,4,16,22
24994,0,0,84,2,4,49
24995,1,28.45,914.5,30,900,26
24996,1,19.95,771.95,16,256,14
24997,0,0,39,1,1,438
24998,0,0,89.95,2,4,58
24999,0,0,29.95,1,1,1
25000,0,71.5,310.95,4,16,661
25001,1,0,110,4,16,497
25002,1,0,98,2,4,378
25003,0,0,29,1,1,378
25004,0,0,88.95,2,4,402
25005,0,0,341,7,49,28
25006,1,144,202.6,7,49,15
25007,1,0,684,13,169,48
25008,0,0,55,2,4,19
25009,0,0,184,4,16,98
25010,0,0,346,6,36,53
25011,0,0,63.5,2,4,557
25012,1,0,93,2,4,13
25013,0,92.5,61,2,4,238
25014,0,0,129,1,1,356
25015,1,0,120.9,5,25,529
25016,0,0,96,3,9,383
25017,0,299,59,1,1,534
25018,0,0,89,1,1,383
25019,1,29.5,582.45,8,64,14
25020,0,0,139,1,1,490
25021,1,0,1339.29,25,625,233
25022,0,0,860.5,17,289,28
25023,0,0,112.9,4,16,31
25024,0,0,112,4,16,379
25025,0,0,29,1,1,391
25026,1,141.5,1063.4,23,529,26
25027,1,0,83,2,4,67
25028,0,0,257.9,6,36,10
25029,1,0,116,3,9,106
25030,0,0,56,2,4,293
25031,0,0,316.5,4,16,29
25032,0,0,49,2,4,54
25033,0,49.5,123,3,9,4
25034,0,0,497.5,13,169,204
25035,0,228,507.65,5,25,22
25036,0,0,29.5,1,1,60
25037,0,0,152.9,6,36,494
25038,0,0,146.65,6,36,70
25039,1,0,29,1,1,509
25040,1,37.7,295,9,81,12
25041,0,0,139,1,1,389
25042,0,0,59,1,1,176
25043,1,48,112,3,9,54
25044,1,0,304,3,9,379
25045,0,0,293.1,11,121,21
25046,0,0,69,1,1,392
25047,1,0,199,6,36,49
25048,1,0,85,2,4,145
25049,0,0,9,1,1,527
25050,0,0,99,1,1,386
25051,0,0,192,3,9,17
25052,0,34,278.65,12,144,191
25053,0,0,118,3,9,119
25054,1,0,163.95,4,16,614
25055,0,0,96,3,9,397
25056,0,49,39,2,4,235
25057,1,0,89,3,9,380
25058,0,0,44,1,1,440
25059,0,63.5,125.5,3,9,84
25060,0,0,203.5,4,16,58
25061,0,0,0,2,4,11
25062,0,0,44,1,1,11
25063,1,155.5,476.5,10,100,67
25064,1,28,273,10,100,426
25065,1,0,214,10,100,234
25066,1,0,167.9,9,81,61
25067,1,0,29,1,1,310
25068,1,0,225,6,36,673
25069,0,0,127.35,6,36,610
25070,0,0,29.5,1,1,18
25071,1,55,661.6,26,676,53
25072,0,0,147,3,9,96
25073,0,0,192.5,7,49,110
25074,1,0,138,4,16,41
25075,0,0,36,1,1,283
25076,0,0,65,2,4,139
25077,1,0,93.95,3,9,329
25078,0,194.9,25,1,1,553
25079,0,0,19,1,1,22
25080,1,0,118.9,3,9,127
25081,1,0,44,2,4,495
25082,0,0,35,1,1,488
25083,0,0,60,4,16,336
25084,0,0,431.95,15,225,21
25085,1,0,75.5,3,9,58
25086,0,0,139,1,1,363
25087,1,0,856.1,28,784,28
25088,0,29,256,4,16,3
25089,0,0,75,1,1,456
25090,1,0,24.5,1,1,36
25091,0,119,59.75,7,49,132
25092,1,0,128.95,3,9,48
25093,0,297.45,49,1,1,127
25094,0,0,391.45,10,100,73
25095,0,0,30,1,1,256
25096,0,278,36.85,3,9,368
25097,0,63.5,2376.8,43,1849,14
25098,0,59.5,133.4,8,64,75
25099,0,149,332.5,8,64,407
25100,0,0,154.5,6,36,55
25101,0,0,168.15,16,256,24
25102,0,0,123,3,9,371
25103,1,0,179,1,1,266
25104,0,0,46,1,1,691
25105,1,0,99,1,1,589
25106,1,0,1067,9,81,332
25107,1,0,463.95,8,64,2
25108,0,0,19,1,1,309
25109,0,0,53,2,4,382
25110,0,0,44,2,4,391
25111,1,0,100,3,9,228
25112,0,0,56.95,2,4,408
25113,1,0,89,1,1,74
25114,1,193,219,4,16,423
25115,0,0,118,2,4,442
25116,0,59,24,3,9,9
25117,1,0,86,3,9,84
25118,0,64.5,496,9,81,83
25119,0,0,38,1,1,81
25120,0,0,429.8,12,144,18
25121,1,0,344.95,14,196,14
25122,0,0,27.95,1,1,417
25123,1,22.9,106,3,9,80
25124,0,0,97.5,5,25,164
25125,1,0,354.6,8,64,533
25126,0,0,169,1,1,389
25127,0,0,167,4,16,17
25128,1,0,177,3,9,377
25129,0,0,9.25,1,1,217
25130,1,0,59,2,4,75
25131,0,0,625.75,13,169,69
25132,0,124,636.35,15,225,240
25133,0,0,169,1,1,51
25134,0,0,58,2,4,425
25135,0,0,100,3,9,21
25136,0,0,243,2,4,151
25137,0,0,216,4,16,16
25138,0,0,64,2,4,71
25139,0,29.5,387,9,81,34
25140,1,0,128.7,7,49,2
25141,0,0,93,4,16,224
25142,0,0,34.5,1,1,16
25143,0,0,91,2,4,496
25144,0,39,40,2,4,23
25145,1,0,405,8,64,336
25146,1,0,68,2,4,246
25147,1,168.9,844.35,31,961,33
25148,0,29,153.5,5,25,17
25149,0,0,248,6,36,565
25150,1,43,2119.3,40,1600,62
25151,0,0,244.4,12,144,58
25152,0,0,48.75,3,9,25
25153,1,0,161.45,6,36,545
25154,0,0,367,8,64,565
25155,0,0,16.95,1,1,3
25156,0,0,99,1,1,249
25157,0,0,114,3,9,272
25158,1,74.5,160,3,9,135
25159,0,0,99,1,1,35
25160,0,0,85.95,2,4,25
25161,1,40,474.45,7,49,24
25162,0,0,117.5,3,9,425
25163,1,0,215.9,5,25,335
25164,0,0,43,2,4,13
25165,1,0,48,2,4,56
25166,0,0,113.5,2,4,12
25167,1,0,369.95,7,49,168
25168,1,0,158.85,5,25,539
25169,1,0,622,6,36,87
25170,0,325.8,57,2,4,19
25171,0,0,29,1,1,219
25172,1,64,177,3,9,4
25173,1,10.95,591.05,23,529,2
25174,0,0,93,4,16,87
25175,0,78,150.75,5,25,73
25176,0,0,136,5,25,13
25177,1,0,102.5,3,9,40
25178,1,0,893.25,19,361,22
25179,1,0,183.9,6,36,720
25180,1,29.5,171.45,6,36,134
25181,0,0,129,3,9,639
25182,0,0,59,1,1,277
25183,0,0,58,2,4,31
25184,1,0,224,3,9,152
25185,0,44,324.5,11,121,43
25186,1,0,79,1,1,386
25187,1,36.85,147.95,6,36,37
25188,0,0,88,2,4,481
25189,1,0,205,2,4,74
25190,0,0,242.5,5,25,42
25191,0,0,207.5,3,9,18
25192,0,0,598.9,15,225,184
25193,0,0,79,2,4,391
25194,0,0,626.9,14,196,113
25195,0,0,549.8,16,256,12
25196,0,0,553,15,225,87
25197,1,32.45,1225.6,32,1024,180
25198,1,25,222.4,9,81,14
25199,1,0,171,4,16,387
25200,0,0,329.95,7,49,164
25201,1,0,173.95,5,25,54
25202,0,0,31,1,1,20
25203,1,0,315.45,10,100,162
25204,1,0,78.5,2,4,10
25205,0,0,199,6,36,29
25206,0,0,386.5,3,9,189
25207,1,0,432.35,19,361,7
25208,0,0,177.5,6,36,67
25209,1,138,142,7,49,19
25210,0,0,37,1,1,392
25211,1,0,119,4,16,33
25212,0,0,73.7,6,36,553
25213,1,32,210,5,25,392
25214,0,0,34,1,1,262
25215,0,0,0,2,4,292
25216,1,0,158,2,4,19
25217,0,418,1133.3,30,900,24
25218,1,101.95,705.8,13,169,2
25219,1,219,2815.8,68,4624,8
25220,0,0,228,2,4,31
25221,1,51.5,1386.7,34,1156,56
25222,0,0,182,4,16,26
25223,0,0,44,1,1,418
25224,0,0,281,6,36,654
25225,1,0,229.5,7,49,17
25226,1,0,201,4,16,474
25227,0,0,306,3,9,86
25228,0,0,93,2,4,389
25229,0,0,2128.97,62,3844,1
25230,0,0,280,10,100,215
25231,1,0,254.5,4,16,20
25232,1,126,289,4,16,52
25233,1,169,1148,28,784,255
25234,0,104.5,1423.15,44,1936,21
25235,0,0,79,3,9,87
25236,1,0,89,3,9,155
25237,0,0,11.25,1,1,648
25238,0,0,76,2,4,22
25239,0,0,256.95,5,25,576
25240,0,0,145,3,9,104
25241,0,0,192,5,25,402
25242,0,0,113,2,4,17
25243,0,0,89,2,4,404
25244,0,0,0,1,1,704
25245,0,0,56,1,1,135
25246,1,0,156,8,64,422
25247,0,0,145,4,16,9
25248,1,0,59,1,1,12
25249,0,0,87,2,4,29
25250,0,16,90.95,3,9,553
25251,0,79,44,1,1,401
25252,0,0,69,1,1,380
25253,0,0,44,1,1,29
25254,1,0,411.5,11,121,12
25255,1,0,568.9,17,289,18
25256,1,0,1154.2,23,529,8
25257,0,0,643,7,49,26
25258,1,0,39.5,1,1,415
25259,0,0,49.5,1,1,686
25260,0,0,347.8,7,49,142
25261,0,0,254,6,36,110
25262,0,0,59,1,1,706
25263,1,0,505.4,15,225,46
25264,1,0,97,3,9,121
25265,0,0,233.5,7,49,27
25266,1,78,679.85,16,256,85
25267,0,49,49,1,1,22
25268,1,0,321,6,36,389
25269,0,0,166,4,16,206
25270,0,0,87.4,4,16,521
25271,1,0,68,2,4,45
25272,0,0,69,1,1,41
25273,1,0,1302.85,36,1296,16
25274,0,0,99,4,16,517
25275,1,0,835.45,23,529,15
25276,0,117,225.9,6,36,86
25277,0,0,118.9,6,36,558
25278,0,129,163.5,3,9,12
25279,1,0,397.8,13,169,20
25280,1,0,587.5,8,64,99
25281,0,0,119,1,1,407
25282,0,0,255,5,25,15
25283,0,0,20,1,1,407
25284,0,0,49,1,1,679
25285,0,0,333,11,121,102
25286,0,0,36,2,4,228
25287,0,49,94,3,9,23
25288,1,0,168,10,100,90
25289,0,29,244.45,8,64,99
25290,0,159,44,1,1,388
25291,0,0,129,1,1,382
25292,0,79,86.9,9,81,27
25293,0,0,153.45,6,36,482
25294,0,0,106,4,16,94
25295,0,0,90,1,1,335
25296,0,0,216,5,25,534
25297,0,0,29,1,1,58
25298,1,0,164,2,4,475
25299,0,0,286,10,100,11
25300,0,0,29,1,1,384
25301,0,0,88,2,4,661
25302,1,0,59,1,1,96
25303,0,67.95,127,3,9,424
25304,0,0,39.5,2,4,134
25305,0,0,35,1,1,491
25306,0,0,69.95,1,1,304
25307,1,0,167.5,4,16,406
25308,0,0,512,8,64,22
25309,1,0,70.85,5,25,132
25310,0,0,45,3,9,54
25311,0,0,572,16,256,115
25312,0,0,59.5,2,4,22
25313,0,117,99,1,1,391
25314,1,0,315.45,11,121,11
25315,0,0,99,2,4,4
25316,0,0,493.7,19,361,101
25317,0,0,191.5,7,49,56
25318,1,0,509.15,17,289,3
25319,0,0,465.95,14,196,574
25320,1,0,481,22,484,18
25321,0,0,98.5,2,4,381
25322,0,0,457.95,18,324,22
25323,1,0,212.3,10,100,140
25324,0,0,61,2,4,430
25325,0,0,199,4,16,48
25326,0,0,40,1,1,452
25327,0,0,161,4,16,432
25328,0,0,126,4,16,20
25329,0,0,88,2,4,40
25330,0,0,18.91,3,9,88
25331,0,0,246,4,16,16
25332,1,0,335,6,36,13
25333,0,0,36.95,1,1,295
25334,0,0,263.95,6,36,19
25335,1,0,88.5,2,4,100
25336,0,0,302.95,8,64,139
25337,0,28,349.5,9,81,24
25338,0,0,19.5,1,1,14
25339,1,137.45,125.9,5,25,165
25340,1,0,757,12,144,11
25341,0,0,255,5,25,167
25342,1,0,234,8,64,346
25343,0,0,99.5,3,9,388
25344,0,0,101.95,2,4,360
25345,1,0,596.5,14,196,29
25346,0,171,39,1,1,21
25347,0,0,407.7,10,100,140
25348,1,0,87,3,9,382
25349,0,0,321.45,9,81,394
25350,1,0,153,3,9,18
25351,1,0,44,1,1,284
25352,0,0,202,3,9,641
25353,0,0,84.95,1,1,674
25354,0,0,169.5,5,25,51
25355,1,0,153.5,5,25,20
25356,0,0,18.9,6,36,26
25357,0,0,73,3,9,138
25358,1,0,70,3,9,462
25359,1,0,196,4,16,546
25360,0,0,29.5,1,1,15
25361,0,89,24,1,1,166
25362,1,0,99,1,1,239
25363,0,0,59,1,1,402
25364,0,0,90.95,5,25,23
25365,0,0,358,1,1,54
25366,0,0,74.85,3,9,54
25367,0,0,24,1,1,290
25368,1,0,84.35,3,9,331
25369,0,0,94,2,4,708
25370,1,0,279,1,1,44
25371,0,0,98.95,2,4,309
25372,0,53.85,348.7,13,169,163
25373,0,113.35,513.5,11,121,9
25374,1,0,1744.85,46,2116,15
25375,0,0,16.95,1,1,554
25376,0,0,186.7,8,64,18
25377,1,0,19,1,1,652
25378,0,0,79,4,16,140
25379,0,0,39,1,1,384
25380,0,65,181.85,11,121,159
25381,0,0,29.5,1,1,13
25382,0,0,197.4,10,100,140
25383,0,22,251,18,324,27
25384,1,18,907.65,28,784,25
25385,0,0,1070.4,31,961,1
25386,0,0,176.5,4,16,379
25387,1,318,1531.5,46,2116,26
25388,0,29,69,1,1,33
25389,0,0,88.5,2,4,75
25390,0,0,146.75,8,64,123
25391,0,0,164,3,9,383
25392,0,0,34,1,1,578
25393,0,0,23.99,2,4,88
25394,0,0,38,1,1,17
25395,0,0,89,1,1,65
25396,0,0,151.5,4,16,15
25397,0,0,112,4,16,133
25398,1,0,553.15,26,676,16
25399,0,57.25,383.92,12,144,295
25400,0,0,250,10,100,674
25401,0,0,192,4,16,377
25402,0,0,173.35,5,25,24
25403,0,0,301,7,49,387
25404,0,0,112.5,4,16,28
25405,0,0,45,2,4,395
25406,0,0,200,3,9,4
25407,1,0,77,3,9,155
25408,1,0,19,1,1,386
25409,0,0,41,2,4,591
25410,0,0,175.3,7,49,182
25411,1,0,791.95,7,49,15
25412,1,0,39,1,1,19
25413,0,34.5,1363.95,57,3249,51
25414,0,0,58,2,4,431
25415,0,0,207.6,9,81,122
25416,0,0,95,3,9,58
25417,0,0,64.5,2,4,12
25418,1,0,24.95,1,1,231
25419,1,0,45,1,1,74
25420,0,0,212,5,25,21
25421,0,0,137.95,4,16,21
25422,0,30,139,1,1,347
25423,0,20,766.75,29,841,26
25424,0,0,116,3,9,26
25425,0,0,224,9,81,25
25426,0,0,68.44,4,16,682
25427,0,0,950.85,15,225,16
25428,0,0,55,1,1,307
25429,1,0,423,7,49,21
25430,1,0,53,2,4,22
25431,1,0,277,10,100,152
25432,1,178,64,3,9,417
25433,0,0,61.95,2,4,53
25434,0,0,59,1,1,30
25435,1,0,146,4,16,392
25436,1,0,227.5,4,16,17
25437,0,0,356,12,144,89
25438,0,0,19.5,1,1,27
25439,1,0,410,12,144,17
25440,0,0,142,4,16,392
25441,1,300.4,237.5,6,36,33
25442,0,161.5,259,5,25,88
25443,0,108.5,857.4,15,225,35
25444,1,0,0,2,4,383
25445,0,10.95,121.95,2,4,1
25446,1,0,78,2,4,384
25447,0,0,110,3,9,373
25448,0,93,233.5,4,16,390
25449,1,0,39,2,4,63
25450,0,0,32.5,2,4,596
25451,0,0,109,1,1,676
25452,0,0,244.95,6,36,252
25453,0,0,119.85,4,16,234
25454,1,0,197.9,7,49,384
25455,1,0,68.5,2,4,62
25456,0,0,48,2,4,404
25457,0,0,29,1,1,374
25458,0,199.45,108,2,4,26
25459,1,0,169,1,1,694
25460,0,0,151,2,4,21
25461,0,0,328.2,13,169,68
25462,0,0,119,1,1,162
25463,0,0,552,12,144,85
25464,0,0,271.25,9,81,106
25465,0,0,81,2,4,601
25466,0,54.95,62,2,4,30
25467,0,141.95,46,1,1,403
25468,0,0,88.5,2,4,407
25469,0,0,129,1,1,106
25470,0,0,69,1,1,415
25471,0,0,100.5,2,4,391
25472,0,349,1449.3,32,1024,8
25473,0,73,2744.7,86,7396,9
25474,0,0,15,1,1,20
25475,0,0,110,2,4,185
25476,0,0,118.5,4,16,132
25477,0,0,87,3,9,160
25478,0,0,118,4,16,167
25479,1,0,572,12,144,15
25480,0,0,0,1,1,223
25481,0,0,39.95,1,1,115
25482,0,0,203,7,49,228
25483,1,59.95,258.5,5,25,23
25484,1,0,277,6,36,26
25485,1,0,356,10,100,584
25486,0,0,104,2,4,17
25487,1,39.95,322.95,10,100,143
25488,1,0,182,5,25,131
25489,0,0,471,14,196,17
25490,0,68,412.7,12,144,28
25491,0,0,334.5,11,121,296
25492,0,0,119,3,9,21
25493,0,0,259.45,6,36,209
25494,1,0,92.5,3,9,28
25495,0,0,145,3,9,172
25496,0,406.5,79,1,1,494
25497,0,0,78,2,4,446
25498,1,150,1137.4,27,729,94
25499,1,129,112.9,4,16,51
25500,0,0,207,3,9,151
25501,0,0,78.5,3,9,215
25502,1,0,366.9,10,100,258
25503,0,0,295.5,7,49,499
25504,0,0,99,1,1,13
25505,1,0,44,1,1,95
25506,1,182.9,465.45,14,196,12
25507,1,0,133,3,9,27
25508,0,0,178,2,4,441
25509,0,0,192.7,4,16,374
25510,0,0,0,1,1,376
25511,0,0,88,2,4,26
25512,0,0,109.9,3,9,336
25513,0,0,229,9,81,25
25514,0,125.5,74,2,4,442
25515,0,69.95,745.5,14,196,19
25516,1,0,81.5,3,9,217
25517,1,0,475,13,169,8
25518,0,0,34,1,1,670
25519,1,98.5,0,1,1,374
25520,1,0,319,4,16,134
25521,1,76.4,118.9,3,9,3
25522,0,0,319,1,1,14
25523,0,273,465.45,13,169,28
25524,0,0,144,2,4,27
25525,0,0,697.35,28,784,43
25526,0,0,128.5,3,9,27
25527,0,0,59,1,1,144
25528,0,0,54,2,4,314
25529,1,39,54,1,1,207
25530,0,44,912.95,19,361,19
25531,1,158,605.15,20,400,533
25532,0,0,209,6,36,24
25533,1,0,342,3,9,74
25534,0,0,385.45,7,49,22
25535,1,0,134,2,4,643
25536,1,0,49.45,2,4,385
25537,1,0,270,7,49,20
25538,1,139.9,648.5,14,196,50
25539,1,0,166,7,49,30
25540,0,0,96,2,4,160
25541,0,40,24,1,1,20
25542,0,0,172,3,9,33
25543,1,0,202,3,9,393
25544,1,39.9,142,10,100,142
25545,1,0,114.95,5,25,372
25546,1,0,254.3,9,81,294
25547,0,0,215,2,4,44
25548,1,0,670.5,12,144,9
25549,0,29.5,74,1,1,25
25550,0,0,59,2,4,60
25551,0,0,320.5,10,100,127
25552,0,0,29,1,1,14
25553,0,0,280.9,7,49,228
25554,0,44.95,383.85,11,121,36
25555,1,0,214,2,4,61
25556,1,0,316.95,5,25,16
25557,0,0,38,1,1,87
25558,1,0,332,10,100,418
25559,1,0,98,2,4,391
25560,1,0,554.5,14,196,50
25561,0,0,263.95,7,49,1
25562,0,0,110.5,2,4,394
25563,0,0,149,1,1,23
25564,0,166,584.5,18,324,67
25565,0,54.5,164.5,3,9,121
25566,0,131.5,1011.95,26,676,2
25567,1,0,92,3,9,378
25568,1,220.34,424,10,100,66
25569,1,0,132.5,4,16,14
25570,0,0,676.95,13,169,20
25571,1,0,34,1,1,267
25572,1,0,226,7,49,428
25573,1,0,224,8,64,139
25574,0,0,91,4,16,117
25575,1,0,391,5,25,222
25576,1,0,15,1,1,134
25577,0,0,148.5,3,9,388
25578,1,0,577,7,49,22
25579,0,0,328.5,7,49,19
25580,1,69,113,2,4,101
25581,1,0,229.5,7,49,481
25582,0,88,56,1,1,128
25583,0,0,297,7,49,30
25584,1,0,402.95,10,100,14
25585,0,0,308,4,16,5
25586,1,0,356,11,121,202
25587,1,0,138,2,4,546
25588,0,125.5,955.4,24,576,612
25589,0,0,75,3,9,109
25590,1,0,19,1,1,322
25591,0,0,109.5,4,16,50
25592,0,0,49.5,1,1,27
25593,1,90.95,264.95,13,169,15
25594,0,0,233.15,7,49,64
25595,0,0,47.5,2,4,428
25596,1,88,260.5,9,81,299
25597,0,0,186.5,4,16,27
25598,0,0,42,2,4,246
25599,1,0,248.8,10,100,18
25600,0,0,294,7,49,381
25601,1,0,278.85,10,100,22
25602,0,0,29,2,4,354
25603,1,0,383.8,9,81,57
25604,0,264.95,1076,21,441,22
25605,0,0,119,1,1,93
25606,0,0,222,5,25,137
25607,1,0,166.25,6,36,392
25608,1,144.25,23,1,1,363
25609,0,432,71.5,2,4,396
25610,0,0,149,1,1,412
25611,1,76,901.45,21,441,17
25612,0,0,133.5,4,16,447
25613,1,0,43,4,16,442
25614,0,0,106,3,9,47
25615,1,0,75,2,4,247
25616,1,0,45,1,1,612
25617,0,0,108.5,3,9,28
25618,1,0,397.5,16,256,26
25619,1,0,1684.8,44,1936,94
25620,1,0,437.45,9,81,10
25621,1,0,257.5,6,36,275
25622,1,0,106,4,16,28
25623,0,0,36,1,1,380
25624,1,0,450.15,18,324,418
25625,1,0,22,1,1,406
25626,1,0,265.5,7,49,341
25627,0,0,49,2,4,377
25628,0,12.95,907.84,25,625,24
25629,1,0,16.5,1,1,87
25630,1,0,140,1,1,565
25631,0,0,508,13,169,164
25632,0,0,236.95,6,36,391
25633,0,0,169.95,5,25,88
25634,1,0,87,3,9,12
25635,0,0,75,1,1,21
25636,0,24,60,1,1,493
25637,1,0,612,14,196,29
25638,0,0,157.5,5,25,1
25639,0,0,88,2,4,331
25640,1,0,886,4,16,475
25641,0,59,113,3,9,221
25642,1,0,326.5,8,64,27
25643,1,172.9,795.65,26,676,13
25644,0,0,272,10,100,123
25645,1,0,90,4,16,451
25646,0,0,183,4,16,664
25647,1,0,324.5,6,36,27
25648,1,0,410,6,36,27
25649,1,0,161,5,25,498
25650,0,10.95,335,16,256,19
25651,1,149.9,199.5,8,64,11
25652,0,0,20,1,1,264
25653,0,0,382,8,64,392
25654,1,39.5,468,10,100,18
25655,0,0,1217.9,25,625,29
25656,0,0,111.7,6,36,46
25657,0,0,403.95,2,4,3
25658,1,16.95,154.45,5,25,353
25659,1,59.95,58.9,3,9,185
25660,0,0,49,1,1,17
25661,0,0,95,3,9,22
25662,0,0,29,1,1,430
25663,0,0,235,4,16,33
25664,1,0,194,6,36,19
25665,0,0,1211.5,13,169,89
25666,1,0,82,3,9,403
25667,1,0,592.85,14,196,80
25668,1,0,300.65,14,196,109
25669,0,179.5,98.94,3,9,44
25670,0,293,108.95,2,4,149
25671,1,0,60,3,9,383
25672,0,42,173,3,9,200
25673,0,0,188,2,4,12
25674,1,0,242.95,5,25,266
25675,0,0,89,3,9,30
25676,0,0,236.5,4,16,85
25677,1,0,365.95,8,64,16
25678,0,0,528.8,14,196,135
25679,0,0,128,4,16,47
25680,0,0,182.4,5,25,80
25681,1,0,681.3,14,196,26
25682,1,0,430.65,15,225,81
25683,1,0,474,10,100,28
25684,0,17,761.85,29,841,28
25685,0,0,283,5,25,381
25686,0,96,314.95,12,144,15
25687,0,0,15,1,1,335
25688,1,114.5,165.5,6,36,25
25689,1,0,435.85,12,144,23
25690,0,0,44,1,1,387
25691,1,0,651,5,25,29
25692,0,0,186.65,7,49,189
25693,0,0,298,2,4,11
25694,1,0,38,1,1,105
25695,1,24,690.5,10,100,90
25696,0,0,158,2,4,30
25697,1,0,186,5,25,111
25698,1,0,70,2,4,432
25699,1,179.95,1470.85,38,1444,78
25700,1,0,374.95,11,121,13
25701,1,0,340,5,25,70
25702,1,0,69,1,1,388
25703,1,0,1375.6,39,1521,17
25704,0,0,104,4,16,108
25705,0,0,32.75,4,16,14
25706,1,0,306.85,7,49,25
25707,0,0,77,3,9,22
25708,1,0,130.9,4,16,388
25709,0,0,293,2,4,29
25710,1,89.95,408.85,11,121,42
25711,1,0,74.9,3,9,187
25712,1,353.5,383.95,8,64,1
25713,0,152,503,22,484,20
25714,1,0,458.45,14,196,44
25715,1,0,209,2,4,307
25716,0,113,584.45,12,144,2
25717,0,0,29,1,1,93
25718,1,89,446,10,100,91
25719,0,0,231,7,49,175
25720,0,0,347,3,9,22
25721,0,0,48,2,4,24
25722,0,22.5,158.95,2,4,263
25723,0,39,312,8,64,580
25724,0,0,306,4,16,15
25725,1,0,171.95,4,16,19
25726,0,74.5,132,3,9,228
25727,0,0,58.5,3,9,23
25728,1,45,179,5,25,19
25729,0,0,39,1,1,74
25730,0,0,198,3,9,8
25731,0,0,67.5,2,4,18
25732,1,89,80,2,4,88
25733,0,0,60.75,4,16,333
25734,0,0,53,2,4,22
25735,0,0,663.5,17,289,17
25736,0,44,55,1,1,81
25737,1,0,425.5,7,49,13
25738,0,0,79,1,1,405
25739,0,0,733.15,22,484,39
25740,1,85.95,433.95,14,196,147
25741,1,0,384,10,100,37
25742,0,0,458.4,9,81,97
25743,0,0,602,16,256,12
25744,0,0,683.6,15,225,7
25745,0,0,49.5,1,1,26
25746,0,0,362.5,9,81,25
25747,0,0,93.5,2,4,400
25748,0,0,933.26,26,676,354
25749,0,0,36,2,4,533
25750,0,0,59,1,1,61
25751,0,0,395,12,144,36
25752,1,0,29,1,1,387
25753,0,0,780,28,784,20
25754,0,0,86,2,4,366
25755,1,0,519,8,64,13
25756,1,0,624.4,14,196,29
25757,0,0,311.3,16,256,4
25758,1,0,1491,13,169,135
25759,0,0,391,6,36,14
25760,1,0,577.9,22,484,202
25761,1,63.95,293.7,9,81,2
25762,0,0,59,1,1,47
25763,1,54.9,1143.85,17,289,16
25764,1,0,64,1,1,379
25765,0,0,268.9,6,36,6
25766,1,157.95,617.9,12,144,16
25767,0,0,73,2,4,23
25768,0,106.45,14.75,3,9,11
25769,1,0,228.5,9,81,15
25770,1,0,170.85,9,81,17
25771,0,5,106,6,36,32
25772,0,0,618.45,25,625,139
25773,1,118,246.5,4,16,25
25774,0,0,264,7,49,17
25775,0,0,49,1,1,725
25776,1,0,955.25,35,1225,10
25777,0,109,621.85,19,361,13
25778,1,0,49,1,1,90
25779,0,0,44,1,1,50
25780,0,0,209,4,16,418
25781,1,0,108.5,2,4,304
25782,1,299,106.5,3,9,249
25783,1,0,64.5,1,1,84
25784,1,0,97.9,3,9,58
25785,0,0,49.5,1,1,18
25786,0,39.95,296.9,9,81,148
25787,0,0,45,2,4,606
25788,1,0,114.45,2,4,623
25789,0,0,124,2,4,15
25790,0,59,75,1,1,54
25791,1,0,138.5,8,64,18
25792,0,0,220,5,25,341
25793,1,59,25.9,2,4,216
25794,0,29.95,169,1,1,316
25795,0,0,55.5,3,9,21
25796,0,0,32,1,1,392
25797,0,0,193,3,9,15
25798,1,29,89,1,1,378
25799,1,0,1435,3,9,416
25800,1,0,259.15,10,100,27
25801,0,0,161,4,16,636
25802,1,0,195,4,16,386
25803,0,0,59,2,4,21
25804,1,29,88,2,4,250
25805,0,0,34.95,1,1,707
25806,0,0,84,3,9,221
25807,0,0,46,2,4,486
25808,1,0,158,1,1,362
25809,0,0,159,1,1,6
25810,1,0,694.9,26,676,61
25811,0,24.5,206,4,16,258
25812,1,0,59,1,1,54
25813,0,29.5,263,9,81,93
25814,0,44,144,3,9,18
25815,0,0,89,3,9,368
25816,1,0,1167.9,36,1296,9
25817,0,0,202.7,10,100,188
25818,1,0,292,7,49,32
25819,0,0,35,1,1,435
25820,0,0,395,12,144,102
25821,0,59.95,136,4,16,368
25822,0,0,44,1,1,16
25823,1,0,499,14,196,13
25824,0,0,110,2,4,23
25825,0,0,65.95,3,9,19
25826,0,0,49,1,1,709
25827,0,0,170,5,25,68
25828,0,0,26,1,1,542
25829,1,0,117,3,9,390
25830,1,0,94.5,3,9,389
25831,1,0,97,3,9,133
25832,0,15,851.5,18,324,27
25833,1,0,1103.45,29,841,3
25834,0,147.95,79,4,16,141
25835,0,61.95,37,1,1,517
25836,1,0,487.5,11,121,23
25837,1,0,369,9,81,38
25838,0,0,206.5,4,16,30
25839,1,0,214.5,7,49,26
25840,1,27.9,518.95,10,100,122
25841,1,204.95,737.5,26,676,13
25842,0,0,35.8,4,16,553
25843,0,0,59,1,1,20
25844,0,0,343,3,9,27
25845,0,0,134,4,16,90
25846,0,0,449.5,13,169,4
25847,1,0,187.95,3,9,33
25848,0,0,189,3,9,129
25849,0,0,199,5,25,31
25850,0,0,121.4,4,16,146
25851,0,0,49,1,1,128
25852,1,0,137,3,9,221
25853,0,0,148,4,16,24
25854,0,269,535,6,36,12
25855,1,0,965.85,27,729,66
25856,1,0,19,1,1,666
25857,1,0,89,1,1,246
25858,1,0,39.5,1,1,328
25859,1,0,118,4,16,37
25860,0,0,286,7,49,362
25861,0,29,141,6,36,8
25862,1,151,384.5,5,25,392
25863,0,8.2,79.9,3,9,724
25864,0,19.5,63,2,4,490
25865,0,0,78,2,4,30
25866,0,0,128,2,4,254
25867,1,0,55,1,1,44
25868,0,0,107.9,4,16,36
25869,0,0,121,3,9,68
25870,0,0,29.5,1,1,24
25871,0,0,76,4,16,246
25872,1,0,334,5,25,378
25873,0,104.5,166,5,25,316
25874,0,0,98.5,4,16,11
25875,0,0,253.5,6,36,16
25876,0,0,713.75,32,1024,36
25877,0,99,141.95,5,25,22
25878,0,0,129,7,49,407
25879,0,0,17.5,2,4,8
25880,1,0,266,6,36,19
25881,1,0,73,2,4,458
25882,1,0,297,8,64,27
25883,1,0,294.45,6,36,65
25884,0,0,102,3,9,327
25885,1,0,386.95,10,100,106
25886,1,49,95,2,4,308
25887,1,0,572.95,11,121,20
25888,0,0,139,1,1,27
25889,0,0,29,1,1,14
25890,0,0,41,2,4,27
25891,0,206.75,171,4,16,32
25892,1,0,353,7,49,68
25893,1,0,150,2,4,395
25894,0,0,24.95,1,1,294
25895,1,71,527,11,121,3
25896,0,58,53.5,3,9,93
25897,0,0,20,1,1,181
25898,1,0,128,4,16,26
25899,1,0,426,7,49,401
25900,0,24.95,44,1,1,99
25901,0,0,88,2,4,23
25902,0,0,133.9,4,16,156
25903,0,0,406.5,9,81,52
25904,0,0,700.45,14,196,23
25905,1,0,137.75,6,36,66
25906,1,193.25,444,11,121,121
25907,0,0,49.5,1,1,726
25908,0,0,133,3,9,37
25909,1,0,72,2,4,632
25910,0,0,30,2,4,22
25911,0,59,91,3,9,14
25912,0,0,354,8,64,16
25913,0,0,377,12,144,30
25914,0,0,25,1,1,145
25915,0,0,230,6,36,402
25916,1,0,138,2,4,15
25917,1,0,59.95,1,1,618
25918,1,488.5,298,6,36,131
25919,0,0,99,2,4,19
25920,0,0,29.9,2,4,487
25921,1,0,108,4,16,391
25922,0,0,181,5,25,280
25923,0,0,105.9,2,4,726
25924,1,0,26.95,1,1,196
25925,0,0,217,3,9,156
25926,0,0,581.95,20,400,151
25927,0,0,102,3,9,52
25928,0,0,222.5,7,49,84
25929,0,0,301.5,10,100,49
25930,0,0,21.9,2,4,213
25931,1,0,272.25,9,81,182
25932,0,0,256,4,16,381
25933,1,0,90,2,4,92
25934,1,0,430.95,21,441,33
25935,0,19.5,39,1,1,482
25936,0,0,435.35,13,169,148
25937,0,0,29,1,1,57
25938,0,159,128,2,4,72
25939,1,0,116,4,16,387
25940,1,0,141.2,6,36,106
25941,1,0,280,5,25,56
25942,0,0,144,2,4,378
25943,0,0,74,2,4,133
25944,0,0,29,1,1,100
25945,1,0,234.9,8,64,44
25946,0,0,69,1,1,24
25947,1,0,687,10,100,138
25948,1,0,89,1,1,33
25949,1,0,107.5,3,9,512
25950,1,0,247.5,15,225,145
25951,0,0,59.95,1,1,350
25952,0,0,125.5,4,16,203
25953,1,0,1127,3,9,39
25954,1,0,400.95,6,36,41
25955,0,0,385.5,6,36,25
25956,1,38.85,714.05,18,324,14
25957,0,5566.95,181.5,2,4,385
25958,1,0,186,3,9,45
25959,0,0,988.35,31,961,21
25960,0,54.9,66,2,4,21
25961,1,0,277,6,36,77
25962,0,0,52,2,4,329
25963,0,44,222,5,25,64
25964,0,0,186,3,9,147
25965,0,0,78.5,2,4,29
25966,1,0,739.3,21,441,22
25967,1,82.95,403,7,49,585
25968,1,0,354.5,3,9,11
25969,1,0,497,6,36,27
25970,0,0,25,1,1,21
25971,1,29.5,54.95,2,4,13
25972,0,55.5,351.4,14,196,31
25973,0,39.5,39.5,2,4,469
25974,1,30,365.5,6,36,11
25975,1,78.7,178,2,4,83
25976,1,0,43.5,2,4,37
25977,1,0,166,2,4,213
25978,0,0,35,1,1,682
25979,1,0,102,4,16,385
25980,0,0,630,8,64,16
25981,0,0,298.55,13,169,14
25982,0,0,159.95,5,25,431
25983,1,0,154,3,9,379
25984,0,0,19.95,1,1,592
25985,1,0,227.45,8,64,396
25986,1,172,564,16,256,97
25987,0,0,19,1,1,477
25988,0,53.5,287.95,6,36,89
25989,1,0,69,1,1,382
25990,0,0,30,1,1,531
25991,0,0,89.5,2,4,531
25992,0,0,175.9,5,25,563
25993,0,0,129,1,1,413
25994,0,0,844,11,121,11
25995,0,53.45,569.95,11,121,18
25996,1,0,126.9,4,16,356
25997,0,44,85,2,4,147
25998,1,0,353,13,169,106
25999,1,55,182,4,16,379
26000,1,0,292,5,25,316
26001,1,0,163,3,9,76
26002,1,0,111.5,5,25,568
26003,1,0,39.5,1,1,378
26004,0,0,144,5,25,86
26005,1,0,89,1,1,563
26006,0,0,80.5,2,4,28
26007,1,0,85,3,9,32
26008,0,0,128,2,4,412
26009,0,0,258,2,4,75
26010,1,0,44,1,1,128
26011,1,0,49.5,1,1,428
26012,0,0,238,2,4,201
26013,0,0,182,4,16,23
26014,0,0,55,1,1,29
26015,0,0,123.9,3,9,180
26016,0,0,85,2,4,103
26017,1,0,381.95,13,169,14
26018,0,0,196.25,8,64,145
26019,0,0,81.8,4,16,388
26020,0,0,183,4,16,25
26021,1,98.5,838.45,18,324,1
26022,0,0,39.5,2,4,463
26023,0,216,247,6,36,13
26024,0,0,613,17,289,19
26025,1,0,291.5,9,81,21
26026,0,0,59,1,1,520
26027,0,0,476.5,15,225,19
26028,0,0,83,2,4,398
26029,1,0,222,7,49,392
26030,0,0,28.95,1,1,311
26031,0,0,176.5,8,64,11
26032,0,0,29.5,1,1,384
26033,1,0,413.45,9,81,26
26034,1,255.95,179.5,6,36,51
26035,0,0,95,3,9,83
26036,1,0,51,3,9,397
26037,1,0,232,10,100,378
26038,0,34.45,257.5,4,16,8
26039,1,0,584.45,14,196,14
26040,0,0,108,6,36,27
26041,0,0,68,2,4,93
26042,1,0,324.3,11,121,22
26043,0,0,107,3,9,376
26044,1,0,1571.7,52,2704,5
26045,0,0,259.35,8,64,29
26046,0,17,1226.3,19,361,1
26047,0,0,358,12,144,10
26048,1,0,59,1,1,23
26049,0,0,544.95,7,49,125
26050,0,0,59,1,1,29
26051,1,0,30,1,1,403
26052,1,0,233.45,8,64,40
26053,0,0,267.5,3,9,2
26054,0,0,328.45,11,121,13
26055,0,0,49,1,1,21
26056,1,126,902.95,28,784,34
26057,0,0,57,1,1,31
26058,0,0,330.5,8,64,39
26059,0,59.9,49,1,1,463
26060,0,0,685.4,11,121,21
26061,1,45,414.85,5,25,174
26062,1,0,285.5,9,81,25
26063,1,0,169,1,1,68
26064,0,61.5,70,3,9,492
26065,0,0,166.5,5,25,54
26066,0,25,196,8,64,510
26067,1,0,34.95,1,1,522
26068,1,0,561,11,121,271
26069,0,0,58,2,4,13
26070,0,0,99,2,4,14
26071,1,58,36,1,1,331
26072,1,0,252.9,5,25,186
26073,0,0,40,3,9,383
26074,1,0,100,2,4,448
26075,1,419.45,1108,45,2025,11
26076,0,0,199,1,1,438
26077,0,0,476,15,225,258
26078,1,0,1513.94,69,4761,67
26079,1,271.9,1274.35,30,900,22
26080,1,0,718.45,20,400,52
26081,0,0,39.5,2,4,487
26082,0,139,44,1,1,82
26083,0,0,117,5,25,15
26084,0,0,112,4,16,262
26085,0,0,0,2,4,271
26086,0,0,59.5,1,1,427
26087,1,0,76.34,6,36,509
26088,0,0,103.65,7,49,178
26089,0,39.5,58,2,4,422
26090,0,0,89,3,9,501
26091,0,0,65.5,2,4,384
26092,0,0,105,4,16,392
26093,1,0,228,6,36,373
26094,1,0,297.5,7,49,36
26095,0,289.35,222.4,12,144,3
26096,1,0,39.5,1,1,656
26097,0,0,15,1,1,98
26098,1,0,44,1,1,377
26099,1,0,82,3,9,22
26100,0,0,154,3,9,408
26101,1,0,456.5,13,169,23
26102,0,0,69,1,1,518
26103,1,76.9,368.9,14,196,20
26104,1,77.95,575.25,17,289,80
26105,0,0,103,4,16,359
26106,0,61.45,1163.3,35,1225,8
26107,0,0,87,3,9,282
26108,0,0,81.45,4,16,25
26109,0,0,136.5,8,64,453
26110,1,0,60,3,9,150
26111,1,0,152,9,81,8
26112,0,0,69,1,1,39
26113,1,0,78.95,2,4,40
26114,1,0,223.85,5,25,362
26115,0,0,72,2,4,391
26116,1,49,256,4,16,184
26117,1,0,59,1,1,618
26118,0,0,118,3,9,25
26119,0,0,199,1,1,408
26120,0,0,9.9,2,4,126
26121,0,0,75,2,4,50
26122,1,0,185,5,25,36
26123,1,0,560.85,19,361,42
26124,0,0,263.5,10,100,19
26125,0,44.9,99,1,1,29
26126,0,0,49.5,1,1,63
26127,1,0,310,10,100,23
26128,0,0,429.15,17,289,162
26129,1,108,613,6,36,386
26130,1,0,119.85,2,4,33
26131,1,0,59.95,3,9,62
26132,0,0,136,4,16,435
26133,0,0,80,2,4,418
26134,1,0,458.5,8,64,9
26135,0,62,124.5,4,16,27
26136,1,0,195.5,4,16,557
26137,0,0,39.95,1,1,26
26138,0,82,364,13,169,104
26139,0,0,113,3,9,52
26140,0,0,165.4,7,49,165
26141,0,0,105.45,3,9,133
26142,0,0,39.5,2,4,468
26143,1,39,645,16,256,128
26144,1,0,106,3,9,366
26145,1,296.4,188.85,7,49,22
26146,0,0,494.95,10,100,30
26147,0,0,553.95,9,81,23
26148,0,0,22.95,1,1,105
26149,0,0,49.5,1,1,426
26150,1,0,524.95,14,196,69
26151,0,0,425,10,100,26
26152,1,165.85,326.15,14,196,2
26153,1,0,1495.5,45,2025,23
26154,0,0,362.75,19,361,127
26155,1,0,776.9,16,256,130
26156,1,0,552,17,289,558
26157,0,0,493.9,10,100,24
26158,1,0,220,7,49,79
26159,1,0,258,7,49,266
26160,0,0,219.5,6,36,21
26161,0,0,234.4,5,25,368
26162,1,108.95,226.95,6,36,1
26163,0,184.15,879.45,26,676,26
26164,0,0,379.5,10,100,159
26165,0,0,88,3,9,718
26166,0,29,215.5,7,49,39
26167,0,0,44,2,4,15
26168,0,0,271,5,25,124
26169,0,29.5,106.85,6,36,297
26170,0,0,54,2,4,10
26171,1,0,170,2,4,223
26172,1,0,133,3,9,570
26173,1,35,851.4,23,529,49
26174,1,9.95,55,3,9,21
26175,1,0,311.95,7,49,130
26176,1,66,177,3,9,16
26177,0,0,29,1,1,17
26178,0,0,46.5,2,4,299
26179,1,0,618,2,4,681
26180,1,0,282,3,9,372
26181,1,0,283.25,10,100,2
26182,0,0,29.5,1,1,300
26183,1,0,99,3,9,31
26184,0,0,49.5,1,1,11
26185,0,0,225.5,6,36,392
26186,1,0,83.25,7,49,540
26187,0,0,339,9,81,430
26188,1,0,232,3,9,3
26189,0,0,140,4,16,12
26190,1,0,597,16,256,437
26191,1,92.5,196,6,36,16
26192,0,0,113.95,3,9,421
26193,0,0,44,1,1,384
26194,1,0,69,1,1,383
26195,0,0,148,3,9,148
26196,1,24,69,1,1,502
26197,0,0,135.5,5,25,278
26198,0,90.7,582.49,29,841,378
26199,0,0,163.5,4,16,21
26200,1,23,160,8,64,5
26201,0,0,513.9,15,225,12
26202,0,0,65,1,1,16
26203,0,0,79,1,1,714
26204,0,99.45,38.5,2,4,29
26205,1,0,21.5,1,1,37
26206,1,0,332.5,10,100,85
26207,0,0,207,3,9,10
26208,0,0,1028.9,23,529,5
26209,0,0,224.45,8,64,116
26210,0,0,59,2,4,56
26211,0,0,100.5,2,4,19
26212,0,0,87.25,3,9,19
26213,1,0,222,5,25,21
26214,0,0,88.5,2,4,24
26215,1,0,75,3,9,64
26216,0,0,112,3,9,415
26217,0,0,0,1,1,601
26218,0,0,51,2,4,357
26219,0,0,100.5,2,4,27
26220,1,60.25,97.45,8,64,12
26221,0,0,58,2,4,60
26222,0,29,187,5,25,10
26223,1,138,86.85,4,16,489
26224,0,0,130,3,9,50
26225,0,0,111.25,5,25,171
26226,1,0,436.45,13,169,21
26227,0,0,25,1,1,376
26228,1,0,105,3,9,387
26229,0,0,44.5,3,9,500
26230,1,0,35,1,1,168
26231,1,0,168.5,3,9,412
26232,1,0,394,9,81,28
26233,0,0,164,4,16,20
26234,0,0,20,1,1,170
26235,0,0,39,1,1,487
26236,1,0,129,2,4,19
26237,0,0,752,21,441,17
26238,0,0,89,1,1,385
26239,0,0,39,2,4,296
26240,1,44,260,7,49,106
26241,0,0,132.85,4,16,97
26242,1,0,206,6,36,233
26243,0,0,206.95,5,25,358
26244,0,91.7,496.9,19,361,12
26245,1,0,258,6,36,90
26246,0,0,22,1,1,414
26247,0,0,77.85,4,16,39
26248,0,0,189.94,8,64,202
26249,0,7.95,0,1,1,184
26250,1,324,337,9,81,294
26251,0,0,129,1,1,707
26252,0,0,1546,24,576,21
26253,1,0,183.5,7,49,699
26254,0,0,521.5,12,144,9
26255,0,0,44,1,1,16
26256,0,42,426.45,7,49,7
26257,0,0,36.5,1,1,29
26258,0,0,97.5,3,9,38
26259,0,0,0,2,4,378
26260,0,39,223.5,6,36,51
26261,0,0,41,1,1,26
26262,1,158.5,565.1,12,144,17
26263,0,0,259,7,49,1
26264,0,66.35,139.5,4,16,30
26265,0,79,69,1,1,534
26266,0,0,100,2,4,252
26267,0,348.5,192,3,9,51
26268,0,57,462,12,144,22
26269,0,0,55,3,9,161
26270,1,0,554.35,10,100,21
26271,1,0,128,4,16,111
26272,0,0,68,2,4,393
26273,0,78,117,3,9,18
26274,0,0,45,1,1,17
26275,0,0,452.95,10,100,29
26276,0,0,39,1,1,56
26277,1,0,363.9,9,81,141
26278,1,0,525,12,144,93
26279,0,0,340,9,81,16
26280,0,0,210.6,8,64,4
26281,0,0,118,2,4,55
26282,0,0,1089.3,22,484,3
26283,1,0,348,5,25,380
26284,0,0,117.3,6,36,593
26285,0,0,79,4,16,142
26286,0,0,114.5,2,4,385
26287,0,0,553,13,169,12
26288,1,0,138,1,1,310
26289,1,0,342,9,81,109
26290,0,0,69,1,1,407
26291,1,25,575.95,12,144,23
26292,1,0,139,1,1,392
26293,0,0,118,2,4,249
26294,0,0,29.5,1,1,19
26295,0,0,79,4,16,147
26296,0,0,109,2,4,393
26297,0,0,215,2,4,30
26298,1,138,36.95,1,1,163
26299,1,0,270.5,8,64,389
26300,0,0,159.8,4,16,711
26301,1,53.5,198.25,5,25,638
26302,0,29.95,247.95,3,9,116
26303,1,23.9,198.85,9,81,227
26304,0,0,70,2,4,421
26305,1,69,759.5,15,225,18
26306,0,0,38,1,1,37
26307,0,223,236,7,49,236
26308,0,39.5,207.95,4,16,385
26309,0,0,165.9,7,49,73
26310,0,0,283.4,7,49,19
26311,0,0,189,3,9,30
26312,1,0,195,4,16,9
26313,0,0,0,1,1,373
26314,0,0,600.45,17,289,23
26315,0,0,309,4,16,373
26316,0,0,182,4,16,590
26317,0,0,102.5,3,9,31
26318,0,0,132,4,16,452
26319,0,0,59,2,4,633
26320,0,0,30,2,4,28
26321,1,63.5,507.45,16,256,260
26322,1,0,326.5,10,100,33
26323,1,29.95,122,3,9,21
26324,1,0,1413.05,55,3025,48
26325,0,0,79,1,1,434
26326,0,0,119,3,9,15
26327,0,0,205,5,25,149
26328,0,0,328.5,10,100,4
26329,1,0,693.5,17,289,69
26330,1,0,293.5,8,64,387
26331,1,0,131.45,4,16,34
26332,1,0,234,4,16,116
26333,0,0,69,1,1,459
26334,0,201.5,330,11,121,28
26335,1,104.8,219.95,3,9,61
26336,0,0,59,1,1,408
26337,0,0,29.5,1,1,71
26338,0,0,125,5,25,379
26339,0,0,362.95,7,49,5
26340,1,418.5,589,13,169,25
26341,0,0,173.95,3,9,488
26342,1,348.5,1921.5,43,1849,24
26343,1,0,92,3,9,50
26344,0,99.95,347.74,12,144,435
26345,1,0,0,1,1,382
26346,1,179.5,565,15,225,136
26347,0,0,198,2,4,580
26348,0,0,241.5,4,16,37
26349,1,0,374.4,9,81,126
26350,0,0,36,2,4,29
26351,0,78.5,559.2,19,361,5
26352,1,89,1570.8,24,576,93
26353,0,53.2,313,8,64,5
26354,0,0,134,2,4,22
26355,0,0,25,1,1,149
26356,0,0,42.35,4,16,502
26357,1,0,246.5,5,25,177
26358,0,0,138.25,5,25,424
26359,0,0,182.75,9,81,51
26360,1,0,69,1,1,382
26361,0,0,247,4,16,122
26362,0,0,324.5,11,121,28
26363,1,0,186.5,5,25,27
26364,0,29.5,457,6,36,96
26365,0,39,963.35,12,144,5
26366,0,69.95,555.9,15,225,335
26367,0,0,58.5,3,9,17
26368,1,0,131,2,4,410
26369,1,43.25,231.85,8,64,136
26370,0,0,94.5,2,4,25
26371,0,154.75,375.4,16,256,44
26372,0,0,107,3,9,66
26373,0,0,294.7,10,100,24
26374,1,0,35,1,1,189
26375,0,0,39.5,2,4,468
26376,0,0,44,1,1,377
26377,1,0,383,3,9,220
26378,1,0,632.95,2,4,460
26379,1,30,69,1,1,375
26380,0,63.5,796,9,81,16
26381,0,0,48,2,4,402
26382,1,124.9,609.95,21,441,3
26383,0,0,166.5,4,16,385
26384,0,0,196,4,16,20
26385,1,0,566.5,14,196,68
26386,1,0,238.85,4,16,24
26387,0,0,39.5,1,1,20
26388,0,148,631,15,225,12
26389,0,0,52,2,4,241
26390,0,0,223.5,5,25,42
26391,0,0,78,2,4,288
26392,1,0,35,1,1,211
26393,0,0,89,4,16,119
26394,1,0,198,3,9,612
26395,0,0,50.85,4,16,177
26396,1,0,99.5,3,9,146
26397,1,0,289,7,49,104
26398,0,0,199,1,1,22
26399,0,60.5,213,10,100,2
26400,0,0,152,3,9,17
26401,0,0,234,2,4,15
26402,0,0,370,4,16,345
26403,0,0,584,9,81,12
26404,1,0,251.85,10,100,20
26405,1,36,36,1,1,91
26406,1,0,415,15,225,113
26407,0,0,148.9,12,144,109
26408,0,0,246.85,10,100,339
26409,0,0,191,5,25,367
26410,0,0,59,2,4,23
26411,0,124.95,49.5,1,1,15
26412,0,0,178,3,9,329
26413,1,0,755.3,26,676,13
26414,1,0,203,2,4,424
26415,1,146.85,234.85,8,64,136
26416,1,0,259.85,5,25,33
26417,0,0,78,2,4,22
26418,0,0,92,2,4,727
26419,1,0,719,16,256,9
26420,0,0,129,1,1,463
26421,0,0,68,2,4,169
26422,0,0,273,7,49,332
26423,1,0,246.35,9,81,17
26424,0,0,40,1,1,428
26425,1,0,108.5,3,9,142
26426,1,0,416.94,7,49,9
26427,1,0,35,1,1,61
26428,1,1299,291.45,9,81,22
26429,0,0,17,3,9,379
26430,0,0,129,6,36,27
26431,1,329,765.5,7,49,41
26432,0,0,182,3,9,79
26433,0,0,162,2,4,392
26434,1,0,263,4,16,35
26435,0,0,59,1,1,390
26436,0,74.95,105.5,3,9,36
26437,1,36.85,247,3,9,46
26438,0,49,65,3,9,520
26439,0,0,228.85,9,81,25
26440,0,0,153.9,3,9,6
26441,1,32,454.85,12,144,162
26442,1,82.5,485,11,121,18
26443,0,0,290,7,49,201
26444,1,0,108.5,5,25,108
26445,0,0,425,9,81,19
26446,0,0,65.9,2,4,553
26447,0,0,44,1,1,29
26448,1,0,323,6,36,16
26449,1,0,20,1,1,130
26450,1,0,68,3,9,390
26451,0,0,69,1,1,22
26452,0,0,284,6,36,155
26453,1,16,82,1,1,289
26454,1,569,225,5,25,521
26455,0,0,56,2,4,89
26456,0,0,99,1,1,27
26457,0,0,227,5,25,405
26458,1,0,59,2,4,99
26459,1,490.95,313.95,13,169,14
26460,1,0,240.8,7,49,28
26461,0,0,257.5,4,16,30
26462,1,174.35,540.5,5,25,30
26463,0,0,109.7,7,49,67
26464,1,64,134.5,2,4,20
26465,0,0,423.45,13,169,20
26466,0,0,161,2,4,381
26467,0,98.5,143,4,16,32
26468,0,314.8,204,6,36,9
26469,1,0,353.2,7,49,25
26470,1,242.45,769,16,256,9
26471,1,0,446.55,17,289,12
26472,0,29.5,17,1,1,372
26473,0,0,116.9,2,4,577
26474,0,0,19.5,1,1,713
26475,1,0,504.85,15,225,20
26476,0,0,112.25,16,256,71
26477,0,0,405,9,81,12
26478,1,0,118,4,16,163
26479,1,19,83,2,4,29
26480,0,0,296.5,8,64,135
26481,0,69.95,29,1,1,482
26482,0,0,243,7,49,26
26483,1,0,68.8,5,25,21
26484,0,0,45,1,1,55
26485,0,0,20,1,1,419
26486,1,0,250.9,5,25,392
26487,0,0,521.5,7,49,24
26488,0,122,41.95,2,4,74
26489,0,0,59,1,1,47
26490,1,0,423,10,100,26
26491,0,0,0,1,1,385
26492,0,0,450.4,11,121,29
26493,0,75,317,10,100,18
26494,1,0,39.5,1,1,30
26495,0,0,286,4,16,207
26496,0,0,196.75,6,36,395
26497,1,0,159,3,9,353
26498,1,49.5,182.95,6,36,260
26499,1,0,284.5,9,81,127
26500,1,0,98.5,4,16,4
26501,0,26,176.9,9,81,267
26502,1,129.95,3255.76,81,6561,13
26503,0,0,276.45,7,49,3
26504,0,0,168,2,4,578
26505,0,0,26,2,4,23
26506,0,0,39,1,1,408
26507,0,0,68,2,4,466
26508,0,0,31,1,1,328
26509,1,0,68,3,9,381
26510,1,40.95,100.8,7,49,75
26511,0,0,157,4,16,25
26512,0,0,39.95,1,1,618
26513,0,0,92,5,25,390
26514,0,0,75.9,3,9,181
26515,0,0,308.5,14,196,14
26516,0,0,42,1,1,407
26517,0,0,133,3,9,91
26518,0,0,128.75,4,16,18
26519,1,0,69,2,4,720
26520,0,0,127,3,9,613
26521,0,172,401.9,12,144,35
26522,0,0,108,2,4,415
26523,0,0,316.85,5,25,591
26524,1,0,222.5,6,36,264
26525,0,0,12.95,1,1,169
26526,0,0,108.5,2,4,389
26527,1,0,83.45,3,9,448
26528,1,0,119,1,1,273
26529,1,0,1536.45,21,441,123
26530,1,0,304,9,81,275
26531,0,0,57,2,4,392
26532,1,0,88,2,4,110
26533,0,0,39,2,4,287
26534,0,0,323.95,10,100,25
26535,0,0,128.95,2,4,11
26536,0,0,44,1,1,423
26537,1,0,70,2,4,636
26538,0,0,30,3,9,389
26539,0,146.5,119.85,5,25,165
26540,1,0,88,3,9,391
26541,0,0,29,1,1,24
26542,0,0,677.95,17,289,14
26543,1,0,351,18,324,25
26544,0,0,44.9,2,4,11
26545,0,0,32.95,1,1,518
26546,0,58.5,76.45,3,9,634
26547,0,0,23,2,4,118
26548,1,19.5,98.5,4,16,48
26549,1,0,79,1,1,84
26550,0,0,39,1,1,19
26551,1,79,113.3,5,25,159
26552,1,0,898.45,24,576,16
26553,0,0,216.5,4,16,386
26554,1,425.7,2060.95,75,5625,62
26555,1,0,516,24,576,67
26556,0,245.5,1509.25,46,2116,5
26557,0,0,29,1,1,91
26558,0,142.8,111.5,7,49,156
26559,0,0,55,3,9,154
26560,1,0,93,3,9,97
26561,0,399,897.25,28,784,11
26562,0,129,153,2,4,16
26563,1,0,69.9,2,4,354
26564,0,0,1468.65,42,1764,116
26565,0,0,34.2,2,4,156
26566,1,0,240.5,6,36,75
26567,0,0,155,5,25,651
26568,1,0,133.25,5,25,8
26569,0,73,780,22,484,17
26570,0,0,274.16,14,196,137
26571,0,0,35,1,1,335
26572,0,0,165,6,36,32
26573,0,0,169,5,25,579
26574,0,58,59,1,1,353
26575,1,0,338,16,256,15
26576,0,0,68,2,4,297
26577,1,0,258,7,49,30
26578,0,0,206,5,25,449
26579,0,0,84.95,3,9,126
26580,0,0,168,7,49,21
26581,1,78,323.95,9,81,22
26582,1,0,44,1,1,335
26583,0,0,0,1,1,371
26584,1,0,249.9,6,36,175
26585,1,0,249.5,8,64,348
26586,0,0,39,1,1,500
26587,0,0,89,2,4,388
26588,1,0,163.95,3,9,221
26589,0,64,503.8,13,169,22
26590,1,0,144.9,3,9,22
26591,0,0,154.95,2,4,624
26592,1,452,1119.95,37,1369,4
26593,0,0,279.9,9,81,578
26594,0,0,49.5,1,1,380
26595,1,112.85,934.45,45,2025,19
26596,0,0,143.5,4,16,7
26597,0,0,886.9,30,900,138
26598,1,59.9,216.9,8,64,132
26599,0,0,222,5,25,201
26600,0,0,81,3,9,12
26601,0,0,49,1,1,656
26602,0,0,1081,22,484,42
26603,0,85.9,877.9,37,1369,95
26604,0,0,29.5,1,1,29
26605,0,0,49,3,9,388
26606,0,0,122.5,6,36,393
26607,1,0,235,3,9,390
26608,0,0,187,3,9,489
26609,0,49,246,4,16,204
26610,0,0,217,5,25,244
26611,0,0,1239.89,16,256,65
26612,0,0,330.85,8,64,296
26613,0,0,32.5,1,1,450
26614,0,0,0,1,1,712
26615,0,0,141.5,3,9,15
26616,1,0,99,1,1,346
26617,0,0,214.5,7,49,5
26618,1,0,1615.7,34,1156,125
26619,0,0,93,2,4,95
26620,0,0,52,2,4,49
26621,0,29,377.5,11,121,26
26622,0,0,58.5,2,4,511
26623,0,75,700.45,15,225,24
26624,1,38,1301.8,52,2704,10
26625,1,0,62.85,3,9,170
26626,1,256.5,1064.8,11,121,77
26627,0,0,88,2,4,26
26628,1,198,543,11,121,33
26629,1,0,304,6,36,80
26630,0,0,39.95,1,1,727
26631,0,0,73,3,9,106
26632,1,420.5,500.95,12,144,95
26633,1,0,280,6,36,42
26634,0,0,73,4,16,153
26635,0,0,40,2,4,11
26636,0,0,782,16,256,21
26637,0,0,421.5,13,169,29
26638,1,0,44,1,1,21
26639,1,0,344.45,10,100,29
26640,0,0,323.5,8,64,22
26641,0,0,78,2,4,367
26642,1,0,518,8,64,275
26643,1,0,31,1,1,129
26644,1,0,89.8,4,16,551
26645,1,78,470,9,81,5
26646,1,38,199,6,36,117
26647,0,0,39,1,1,406
26648,0,0,44,1,1,383
26649,1,0,396.5,10,100,14
26650,0,0,51.95,2,4,334
26651,0,95.8,863.9,19,361,31
26652,0,54,129.95,3,9,145
26653,1,0,127.5,3,9,100
26654,1,0,50,2,4,696
26655,0,0,180,1,1,708
26656,1,0,37,1,1,728
26657,0,0,112.85,6,36,20
26658,1,0,49,1,1,519
26659,0,0,241.5,8,64,383
26660,0,0,161.85,3,9,158
26661,0,0,29,1,1,19
26662,1,0,836,18,324,14
26663,1,0,307.1,15,225,4
26664,1,0,453,10,100,31
26665,1,0,190.5,9,81,8
26666,0,0,252.5,8,64,18
26667,1,0,108,3,9,36
26668,0,0,247,8,64,102
26669,0,0,38,1,1,29
26670,1,0,39,1,1,87
26671,0,0,0,1,1,26
26672,1,0,391.95,11,121,662
26673,0,19.95,85,1,1,347
26674,0,12.5,1114.45,33,1089,25
26675,1,0,78.5,2,4,36
26676,0,8.95,163.5,4,16,10
26677,0,0,165,4,16,248
26678,0,0,109,1,1,471
26679,0,0,148,2,4,430
26680,1,10,319.7,20,400,119
26681,0,71,129.07,5,25,124
26682,0,29,304.5,8,64,81
26683,1,0,39,2,4,223
26684,1,0,616.15,35,1225,2
26685,0,0,136,3,9,98
26686,0,192.05,36.9,2,4,249
26687,1,0,687,14,196,28
26688,1,0,1258.15,17,289,3
26689,0,0,207.5,9,81,32
26690,0,0,39.5,2,4,140
26691,1,0,120.9,4,16,38
26692,0,0,128,2,4,67
26693,0,0,198,2,4,18
26694,0,0,96,4,16,71
26695,0,15,80.95,2,4,231
26696,0,0,80,3,9,91
26697,1,0,129,3,9,32
26698,1,0,722,34,1156,74
26699,1,0,203,4,16,50
26700,1,0,137.5,4,16,134
26701,1,0,342.5,12,144,264
26702,1,0,103,2,4,334
26703,0,0,124,4,16,108
26704,1,0,340,4,16,29
26705,0,0,19,2,4,386
26706,1,49,39.5,2,4,125
26707,1,0,306.45,8,64,13
26708,0,0,39,1,1,471
26709,1,24,188.45,9,81,85
26710,0,179.5,1417.9,37,1369,29
26711,0,0,87,3,9,81
26712,0,0,81,2,4,379
26713,0,0,192.85,5,25,615
26714,0,0,128,3,9,388
26715,0,129.9,248.9,9,81,133
26716,0,0,64,1,1,296
26717,0,147,1771.8,44,1936,26
26718,0,0,241.5,9,81,67
26719,1,89,714.45,22,484,14
26720,1,0,197,4,16,20
26721,1,0,503.3,11,121,46
26722,1,0,1121.5,20,400,291
26723,1,0,285,9,81,68
26724,1,35,174.9,11,121,59
26725,0,0,199.95,4,16,11
26726,0,88,109,3,9,324
26727,0,0,931,19,361,21
26728,0,0,209.95,10,100,340
26729,0,0,80,2,4,94
26730,0,0,178.85,5,25,184
26731,1,0,342,3,9,379
26732,0,0,474,9,81,80
26733,0,0,228.5,5,25,381
26734,1,0,230.5,7,49,447
26735,0,0,58,3,9,330
26736,0,0,142,3,9,4
26737,1,151,871.35,22,484,35
26738,0,0,68,2,4,144
26739,0,69,195.5,5,25,10
26740,0,0,267,3,9,89
26741,0,0,161.9,5,25,11
26742,0,0,157,3,9,22
26743,0,0,46,2,4,340
26744,1,39,149,1,1,22
26745,0,0,284,6,36,5
26746,1,29.5,271.1,11,121,11
26747,1,0,191.25,8,64,243
26748,1,0,129,1,1,395
26749,1,0,271,6,36,40
26750,0,0,172,3,9,13
26751,1,0,228,8,64,172
26752,1,0,368.15,12,144,5
26753,1,0,248.5,7,49,9
26754,1,0,506.95,13,169,206
26755,0,0,179.5,5,25,138
26756,0,0,333.45,6,36,26
26757,0,0,738.7,16,256,20
26758,0,0,123,6,36,476
26759,1,287.85,178,4,16,413
26760,0,0,49.5,1,1,393
26761,1,101,688.4,17,289,22
26762,1,0,149,3,9,145
26763,1,0,197,6,36,331
26764,0,0,85,1,1,723
26765,0,70,464.95,12,144,160
26766,0,0,10.7,3,9,232
26767,0,0,57.95,2,4,397
26768,1,0,209.85,5,25,243
26769,0,0,98.95,4,16,156
26770,1,0,629,22,484,80
26771,0,35,35,1,1,608
26772,0,99.9,22,1,1,659
26773,1,0,169,1,1,102
26774,0,69,164.95,12,144,5
26775,1,264.85,513.95,15,225,26
26776,1,0,721.05,22,484,23
26777,1,241.95,1675.05,45,2025,28
26778,1,0,63.95,4,16,28
26779,1,0,113,2,4,568
26780,0,0,165.5,4,16,28
26781,0,0,456,6,36,172
26782,1,0,36,1,1,35
26783,0,26.8,846.55,52,2704,5
26784,0,0,79,4,16,127
26785,0,0,45,2,4,501
26786,1,0,517.3,8,64,325
26787,0,0,258.15,17,289,40
26788,0,85,57,3,9,149
26789,0,0,343,4,16,375
26790,0,0,59,1,1,431
26791,0,0,99,1,1,81
26792,0,0,218.95,6,36,29
26793,1,0,785.7,34,1156,11
26794,0,25.85,339,25,625,1
26795,0,0,76.5,3,9,106
26796,1,0,578.85,14,196,57
26797,0,473,2323.9,38,1444,24
26798,0,0,29,1,1,388
26799,1,0,314,9,81,22
26800,1,149,87.95,3,9,172
26801,0,138,167.85,5,25,526
26802,0,0,307.95,3,9,4
26803,0,0,114,4,16,15
26804,0,0,19,1,1,396
26805,1,0,313,4,16,358
26806,0,0,239,3,9,47
26807,0,0,29.5,1,1,30
26808,0,0,29,1,1,346
26809,1,291.45,357.5,10,100,32
26810,0,0,177.45,4,16,70
26811,1,0,129,1,1,710
26812,1,0,304,8,64,20
26813,0,54.9,309.6,16,256,7
26814,1,0,290.85,14,196,179
26815,1,0,222,4,16,380
26816,0,0,501.95,10,100,633
26817,0,0,407.95,8,64,160
26818,1,0,99,1,1,716
26819,0,0,44,1,1,392
26820,0,84.95,83.5,2,4,342
26821,0,0,628,4,16,364
26822,0,199,204,4,16,461
26823,0,0,99,4,16,18
26824,1,0,121,4,16,2
26825,1,0,715.25,25,625,125
26826,0,253.45,828.1,40,1600,15
26827,0,73,29,1,1,4
26828,1,0,220,2,4,606
26829,1,0,83.5,2,4,391
26830,0,0,178,3,9,464
26831,0,0,1519.7,58,3364,10
26832,1,102.5,635.4,12,144,25
26833,1,52,71.75,5,25,26
26834,0,0,57.8,3,9,16
26835,1,0,134,3,9,107
26836,1,0,167,5,25,421
26837,1,0,467.25,8,64,18
26838,1,0,149,7,49,62
26839,1,0,45.5,1,1,386
26840,0,29.95,44,1,1,439
26841,0,0,90,6,36,154
26842,1,147.45,348.85,14,196,382
26843,1,0,98,2,4,70
26844,0,175,36,1,1,365
26845,1,24.95,324.75,10,100,131
26846,0,0,240,7,49,95
26847,0,0,59,1,1,144
26848,0,0,99,2,4,87
26849,1,0,819.05,24,576,60
26850,0,0,135,4,16,19
26851,0,415.45,1223.2,25,625,200
26852,1,0,547.1,19,361,165
26853,0,0,20,1,1,223
26854,0,0,56,1,1,138
26855,1,20,58,2,4,26
26856,1,0,733.5,18,324,49
26857,1,166,343.5,10,100,22
26858,0,0,82.75,3,9,291
26859,0,0,29,1,1,223
26860,0,0,28,2,4,299
26861,0,56,246,6,36,364
26862,1,0,44.5,2,4,161
26863,1,49,243,3,9,36
26864,0,0,39.5,2,4,160
26865,0,78.5,405.9,8,64,2
26866,0,0,117.5,3,9,10
26867,0,0,149,1,1,408
26868,1,336.3,1757.49,53,2809,104
26869,0,0,30,1,1,543
26870,0,99.95,311,5,25,29
26871,1,19.95,36,1,1,220
26872,0,0,19.95,1,1,681
26873,1,0,54,2,4,227
26874,0,143.9,84.5,2,4,354
26875,1,0,507.4,17,289,7
26876,1,0,49,1,1,381
26877,0,0,77,2,4,56
26878,1,0,349.5,7,49,16
26879,0,0,281.85,14,196,10
26880,1,0,114.5,4,16,8
26881,1,0,120,5,25,42
26882,0,49,552,10,100,23
26883,0,0,22,1,1,21
26884,0,0,19.5,1,1,608
26885,0,0,259,5,25,44
26886,0,0,137.5,4,16,491
26887,0,0,457,7,49,86
26888,0,0,232.5,7,49,40
26889,0,24.95,30,2,4,20
26890,0,0,68.5,2,4,401
26891,1,0,109,1,1,379
26892,0,0,99,1,1,12
26893,1,0,339.5,14,196,188
26894,0,89,148.5,4,16,24
26895,1,250.5,346.95,7,49,46
26896,0,0,382,6,36,45
26897,1,0,83,2,4,652
26898,1,0,312.35,11,121,100
26899,0,0,64.9,2,4,369
26900,1,0,49,1,1,81
26901,0,0,282,10,100,265
26902,0,0,196.5,3,9,371
26903,0,0,150.95,4,16,85
26904,1,279,1022.5,19,361,136
26905,0,0,285.5,8,64,604
26906,1,26.7,79,2,4,125
26907,0,0,229.5,6,36,396
26908,1,171.45,267,7,49,26
26909,0,0,204.5,6,36,136
26910,1,0,39,1,1,584
26911,0,0,474,4,16,304
26912,0,0,220.45,6,36,15
26913,0,0,256,8,64,155
26914,1,0,202,5,25,379
26915,1,0,271.5,4,16,328
26916,1,0,951.75,20,400,11
26917,0,0,217.95,3,9,18
26918,0,67.95,96.85,8,64,16
26919,0,83.95,909.8,10,100,17
26920,0,0,0,1,1,482
26921,0,0,7.25,1,1,557
26922,0,0,213,5,25,647
26923,0,0,171.9,5,25,18
26924,0,0,32,1,1,238
26925,0,0,149,4,16,16
26926,0,0,24.5,1,1,54
26927,0,0,374,10,100,14
26928,0,0,84,2,4,23
26929,1,0,29,1,1,72
26930,0,0,76,3,9,605
26931,0,0,251,6,36,15
26932,1,72.95,525.45,19,361,138
26933,0,0,44,1,1,12
26934,1,0,127,3,9,14
26935,0,238,79,1,1,470
26936,0,0,68.95,2,4,721
26937,0,0,44,1,1,397
26938,1,0,353,8,64,119
26939,0,25,140.5,5,25,394
26940,0,0,82,3,9,498
26941,0,0,88,2,4,51
26942,0,0,80.5,4,16,301
26943,0,0,68.95,4,16,230
26944,1,0,75,1,1,471
26945,1,0,42,1,1,219
26946,1,0,404.3,12,144,3
26947,0,0,49,2,4,16
26948,0,0,60,3,9,166
26949,1,0,714.5,14,196,15
26950,1,0,250.75,10,100,22
26951,0,0,19,1,1,19
26952,1,0,1502.6,43,1849,25
26953,0,0,297,3,9,13
26954,1,39,804.25,21,441,3
26955,1,147.65,740.45,24,576,16
26956,0,0,0,1,1,567
26957,0,0,39.5,2,4,494
26958,0,0,46.6,4,16,166
26959,0,0,317,9,81,32
26960,0,0,0,1,1,21
26961,0,0,20,2,4,469
26962,0,0,476,4,16,415
26963,0,0,847,12,144,17
26964,0,0,96.5,4,16,160
26965,0,0,541,11,121,24
26966,0,0,270.7,12,144,50
26967,0,0,52,1,1,20
26968,1,0,51.95,2,4,159
26969,0,0,48.5,2,4,21
26970,1,31.5,24.95,1,1,153
26971,0,0,120,8,64,25
26972,1,0,486.5,11,121,222
26973,0,0,0,1,1,200
26974,0,0,78.5,2,4,10
26975,1,0,558,3,9,73
26976,0,0,164.5,9,81,147
26977,1,0,256,4,16,387
26978,0,0,82.5,3,9,134
26979,0,0,49,1,1,487
26980,0,0,201,5,25,16
26981,0,0,297.15,12,144,15
26982,0,0,88.5,4,16,320
26983,1,0,475.5,19,361,318
26984,1,0,170.95,3,9,364
26985,1,0,44.5,1,1,39
26986,1,0,918,16,256,360
26987,0,0,45.5,1,1,390
26988,0,0,59,2,4,27
26989,0,98,200.9,6,36,190
26990,0,0,49,1,1,9
26991,0,0,68,2,4,231
26992,0,0,312.95,4,16,367
26993,1,0,86.7,6,36,353
26994,0,0,284,10,100,41
26995,0,0,261.5,15,225,139
26996,1,0,171,3,9,407
26997,1,0,189.95,1,1,164
26998,0,149,346,9,81,18
26999,0,0,270.9,7,49,30
27000,0,0,77,3,9,531
27001,0,0,379.95,11,121,360
27002,0,0,703.6,19,361,708
27003,0,0,30,2,4,30
27004,1,0,95,2,4,629
27005,0,0,276.5,5,25,177
27006,0,0,0,2,4,606
27007,0,0,1034.1,32,1024,109
27008,1,0,1143.45,23,529,23
27009,0,0,180.5,7,49,139
27010,0,0,29.5,1,1,12
27011,0,0,473.95,8,64,21
27012,1,0,299,1,1,332
27013,0,0,29,1,1,295
27014,1,0,387.45,10,100,21
27015,1,108.5,466,5,25,14
27016,0,0,166,4,16,393
27017,1,0,532.95,19,361,45
27018,1,267.9,461.85,15,225,18
27019,0,59.5,149,4,16,15
27020,0,88,520.75,18,324,1
27021,0,0,42.85,3,9,190
27022,1,0,205,5,25,49
27023,1,0,449,12,144,12
27024,1,0,101.75,3,9,182
27025,0,0,219.4,7,49,452
27026,1,0,59.95,2,4,384
27027,0,0,137,5,25,28
27028,0,0,204.5,2,4,33
27029,0,159.95,102,5,25,561
27030,1,0,646.8,21,441,21
27031,0,0,19.95,1,1,466
27032,0,0,242.6,14,196,596
27033,1,0,534.95,11,121,20
27034,1,0,394.8,11,121,52
27035,1,0,988.45,19,361,36
27036,0,0,59,3,9,235
27037,0,0,154,2,4,332
27038,0,0,99,1,1,327
27039,0,0,39.95,1,1,81
27040,1,0,229,6,36,450
27041,0,0,230.95,5,25,94
27042,0,0,51,2,4,385
27043,1,124,237.95,7,49,243
27044,1,0,478,23,529,15
27045,0,0,701.9,21,441,19
27046,1,58,372,5,25,23
27047,0,0,1131,20,400,254
27048,0,0,474.85,20,400,67
27049,1,169,1411.1,45,2025,48
27050,1,0,303,7,49,18
27051,0,0,39.5,1,1,21
27052,0,0,508,16,256,643
27053,0,0,288,3,9,24
27054,0,69,448.5,9,81,153
27055,0,0,69,1,1,28
27056,0,0,317.9,8,64,33
27057,1,0,151.5,4,16,41
27058,1,0,79,2,4,381
27059,1,75.5,809.45,27,729,30
27060,1,0,339,7,49,47
27061,0,0,369,6,36,257
27062,0,0,99,1,1,622
27063,0,0,128,4,16,598
27064,1,0,368,9,81,694
27065,1,0,537,15,225,102
27066,1,256.5,1992.4,30,900,29
27067,1,0,934.7,18,324,434
27068,0,28.5,284.45,12,144,11
27069,0,0,651.4,9,81,552
27070,0,0,262.65,11,121,80
27071,1,0,68,4,16,218
27072,0,0,29.95,1,1,19
27073,0,74,311,6,36,16
27074,0,12.95,88,2,4,26
27075,0,37.5,29,1,1,424
27076,0,0,189.9,8,64,12
27077,1,0,142.5,4,16,31
27078,1,0,519,6,36,134
27079,0,0,54.5,2,4,263
27080,1,42.25,172.95,5,25,11
27081,0,495.5,500,16,256,18
27082,0,0,29.5,1,1,383
27083,1,0,677.8,23,529,23
27084,1,0,74,4,16,521
27085,1,68.5,334,11,121,11
27086,0,0,130,7,49,15
27087,0,0,35,1,1,495
27088,0,0,32,1,1,145
27089,1,0,656.75,15,225,39
27090,0,0,444,10,100,66
27091,1,0,203.9,4,16,22
27092,1,57.95,1105.8,25,625,45
27093,0,0,44,1,1,386
27094,0,0,117.9,3,9,67
27095,0,0,119,1,1,407
27096,0,0,69,1,1,628
27097,0,0,129,1,1,358
27098,1,97.5,233.9,8,64,164
27099,0,0,44,2,4,43
27100,0,0,1080.95,8,64,454
27101,0,0,137,3,9,18
27102,1,0,607.3,22,484,26
27103,0,0,100,4,16,468
27104,1,0,151,7,49,21
27105,0,0,129.6,8,64,592
27106,1,152,397,8,64,454
27107,1,65,1611.95,15,225,52
27108,1,39,1315.8,39,1521,10
27109,0,0,58,2,4,26
27110,1,58.5,369.9,10,100,163
27111,0,0,119,5,25,386
27112,0,0,251,6,36,25
27113,0,0,243,7,49,22
27114,1,0,256.5,4,16,99
27115,1,0,83,2,4,43
27116,0,0,148,5,25,468
27117,0,0,202.9,5,25,659
27118,1,12,1308.8,55,3025,28
27119,0,0,89,1,1,76
27120,0,0,200,7,49,157
27121,0,0,361,8,64,14
